{'arch': {'arithmetic': {'instances': 1024, 'word-bits': 8}, 'storage': [{'name': 'Registers', 'entries': 1, 'instances': 1024, 'word-bits': 8, 'cluster-size': 1, 'num-ports': 2, 'num-banks': 8}, {'name': 'AccumulationBuffer', 'entries': 3072, 'instances': 16, 'word-bits': 24, 'cluster-size': 1, 'network-word-bits': 16, 'num-ports': 2, 'num-banks': 2}, {'name': 'WeightBuffer', 'entries': 32768, 'instances': 16, 'word-bits': 8, 'block-size': 4, 'num-ports': 1, 'num-banks': 8}, {'name': 'InputBuffer', 'entries': 8192, 'instances': 16, 'word-bits': 8, 'block-size': 4, 'num-ports': 2, 'num-banks': 1}, {'name': 'GlobalBuffer', 'entries': 65536, 'instances': 1, 'word-bits': 8, 'block-size': 8, 'num-ports': 2, 'num-banks': 256}, {'name': 'DRAM', 'technology': 'DRAM', 'instances': 1, 'word-bits': 8, 'block-size': 64, 'bandwidth': 1}]}}
['DRAM', 'GlobalBuffer', 'InputBuffer', 'WeightBuffer', 'AccumulationBuffer', 'Registers'] [1, 1, 16, 16, 16, 1024, 1024] [inf, 65536, 8192, 32768, 3072, 1]
[1, 16, 1, 1, 64, 1]
20
[-419.0, -0.285, -0.313, -447.0, -8100.0, -5020.0]
[[-489.0], [-0.332], [-0.609], [-55900.0], [-21800.0], [-24500.0]]
[False, False, False, False, False, False]
[Stage 1]Gen 1:  1st stage Reward: 0, Best reward: [102689.941]
Generation 0 耗时: 0.837秒
[-414.0, -0.223, -0.313, -320.0, -5900.0, -5020.0]
[[-1140.0], [-0.517], [-0.442], [-454.0], [-5900.0], [-7130.0]]
[False, False, False, False, False, False]
[Stage 1]Gen 2:  1st stage Reward: 0, Best reward: [14624.959]
Generation 1 耗时: 0.698秒
[-342.0, -0.179, -0.313, -320.0, -4860.0, -5020.0]
[[-419.0], [-0.337], [-0.441], [-416.0], [-5860.0], [-6750.0]]
[False, False, False, False, False, False]
[Stage 1]Gen 3:  1st stage Reward: 0, Best reward: [13445.778]
Generation 2 耗时: 0.642秒
[-338.0, -0.179, -0.292, -320.0, -4280.0, -5020.0]
[[-341.0], [-0.192], [-0.292], [-370.0], [-4840.0], [-5790.0]]
[False, False, False, False, False, False]
[Stage 1]Gen 4:  1st stage Reward: 0, Best reward: [11341.484]
Generation 3 耗时: 0.655秒
[-312.0, -0.171, -0.274, -320.0, -4280.0, -5020.0]
[[-312.0], [-0.18], [-0.296], [-330.0], [-4280.0], [-5150.0]]
[False, False, False, False, False, False]
[Stage 1]Gen 5:  1st stage Reward: 0, Best reward: [10072.476]
Generation 4 耗时: 0.719秒
[-309.0, -0.163, -0.271, -320.0, -4210.0, -4740.0]
[[-312.0], [-0.18], [-0.296], [-330.0], [-4280.0], [-5150.0]]
[False, False, False, False, False, False]
[Stage 1]Gen 6:  1st stage Reward: 0, Best reward: [10072.476]
Generation 5 耗时: 0.658秒
[-307.0, -0.163, -0.271, -290.0, -4210.0, -4740.0]
[[-312.0], [-0.165], [-0.274], [-330.0], [-4280.0], [-5150.0]]
[False, False, False, False, False, False]
[Stage 1]Gen 7:  1st stage Reward: 0, Best reward: [10072.439]
Generation 6 耗时: 0.619秒
[-305.0, -0.163, -0.27, -289.0, -4210.0, -4740.0]
[[-307.0], [-0.163], [-0.272], [-290.0], [-4210.0], [-4740.0]]
[False, False, False, False, False, False]
[Stage 1]Gen 8:  1st stage Reward: 0, Best reward: [9547.435]
Generation 7 耗时: 0.708秒
[-304.0, -0.162, -0.269, -288.0, -4170.0, -4660.0]
[[-304.0], [-0.293], [-0.27], [-288.0], [-4170.0], [-4720.0]]
[False, False, False, False, False, False]
[Stage 1]Gen 9:  1st stage Reward: 0, Best reward: [9482.563]
Generation 8 耗时: 0.654秒
[-295.0, -0.157, -0.26, -284.0, -4170.0, -4660.0]
[[-304.0], [-0.162], [-0.27], [-288.0], [-4170.0], [-4720.0]]
[False, False, False, False, False, False]
[Stage 1]Gen 10:  1st stage Reward: 0, Best reward: [9482.432]
Generation 9 耗时: 0.696秒
[-295.0, -0.157, -0.26, -284.0, -4110.0, -4660.0]
[[-300.0], [-1.07], [-0.268], [-284.0], [-4110.0], [-4660.0]]
[False, False, False, False, False, False]
[Stage 1]Gen 11:  1st stage Reward: 0, Best reward: [9355.338]
Generation 10 耗时: 0.616秒
[-295.0, -0.157, -0.26, -284.0, -4110.0, -4660.0]
[[-300.0], [-0.176], [-0.268], [-284.0], [-4110.0], [-4660.0]]
[False, False, False, False, False, False]
[Stage 1]Gen 12:  1st stage Reward: 0, Best reward: [9354.444]
Generation 11 耗时: 0.619秒
[-295.0, -0.157, -0.26, -284.0, -4110.0, -3930.0]
[[-300.0], [-0.176], [-0.268], [-284.0], [-4110.0], [-4660.0]]
[False, False, False, False, False, False]
[Stage 1]Gen 13:  1st stage Reward: 0, Best reward: [9354.444]
Generation 12 耗时: 0.650秒
[-295.0, -0.157, -0.26, -284.0, -3950.0, -3380.0]
[[-305.0], [-0.162], [-0.27], [-288.0], [-4180.0], [-3440.0]]
[False, False, False, False, False, False]
[Stage 1]Gen 14:  1st stage Reward: 0, Best reward: [8213.432]
Generation 13 耗时: 0.644秒
[-295.0, -0.156, -0.26, -284.0, -3950.0, -3290.0]
[[-306.0], [-0.163], [-36.4], [-289.0], [-4010.0], [-3440.0]]
[False, False, False, False, False, False]
[Stage 1]Gen 15:  1st stage Reward: 0, Best reward: [8081.563]
Generation 14 耗时: 0.624秒
[-295.0, -0.156, -0.26, -284.0, -3950.0, -3230.0]
[[-306.0], [-0.157], [-13.1], [-288.0], [-4000.0], [-3290.0]]
[False, False, False, False, False, False]
[Stage 1]Gen 16:  1st stage Reward: 0, Best reward: [7897.257]
Generation 15 耗时: 0.605秒
[-288.0, -0.156, -0.26, -284.0, -3950.0, -3230.0]
[[-302.0], [-0.156], [-0.27], [-285.0], [-3950.0], [-3230.0]]
[False, False, False, False, False, False]
[Stage 1]Gen 17:  1st stage Reward: 0, Best reward: [7767.426]
Generation 16 耗时: 0.619秒
[-286.0, -0.15, -0.259, -284.0, -3920.0, -3230.0]
[[-302.0], [-0.156], [-0.27], [-285.0], [-3950.0], [-3230.0]]
[False, False, False, False, False, False]
[Stage 1]Gen 18:  1st stage Reward: 0, Best reward: [7767.426]
Generation 17 耗时: 0.614秒
[-284.0, -0.15, -0.258, -284.0, -3890.0, -3230.0]
[[-302.0], [-0.156], [-0.27], [-285.0], [-3950.0], [-3230.0]]
[False, False, False, False, False, False]
[Stage 1]Gen 19:  1st stage Reward: 0, Best reward: [7767.426]
Generation 18 耗时: 0.609秒
[-284.0, -0.15, -0.258, -284.0, -3890.0, -3230.0]
[[-302.0], [-0.156], [-0.27], [-285.0], [-3950.0], [-3230.0]]
[False, False, False, False, False, False]
[Stage 1]Gen 20:  1st stage Reward: 0, Best reward: [7767.426]
Generation 19 耗时: 0.608秒
[-284.0, -0.15, -0.258, -284.0, -3880.0, -3230.0]
[[-302.0], [-0.156], [-0.27], [-285.0], [-3950.0], [-3230.0]]
[False, False, False, False, False, False]
[Stage 1]Gen 21:  1st stage Reward: 0, Best reward: [7767.426]
Generation 20 耗时: 0.606秒
[-284.0, -0.15, -0.258, -284.0, -3880.0, -3230.0]
[[-302.0], [-0.156], [-0.27], [-285.0], [-3950.0], [-3230.0]]
[False, False, False, False, False, False]
[Stage 1]Gen 22:  1st stage Reward: 0, Best reward: [7767.426]
Generation 21 耗时: 0.616秒
[-284.0, -0.15, -0.258, -284.0, -3670.0, -3230.0]
[[-302.0], [-0.156], [-0.27], [-285.0], [-3950.0], [-3230.0]]
[False, False, False, False, False, False]
[Stage 1]Gen 23:  1st stage Reward: 0, Best reward: [7767.426]
Generation 22 耗时: 0.613秒
[-284.0, -0.15, -0.258, -284.0, -3580.0, -3230.0]
[[-286.0], [-0.158], [-0.268], [-286.0], [-3590.0], [-3390.0]]
[False, False, False, False, False, False]
[Stage 1]Gen 24:  1st stage Reward: 0, Best reward: [7552.426]
Generation 23 耗时: 0.642秒
[-284.0, -0.15, -0.258, -284.0, -3570.0, -3230.0]
[[-286.0], [-0.158], [-0.268], [-286.0], [-3590.0], [-3390.0]]
[False, False, False, False, False, False]
[Stage 1]Gen 25:  1st stage Reward: 0, Best reward: [7552.426]
Generation 24 耗时: 0.656秒
[-284.0, -0.15, -0.258, -284.0, -3570.0, -3230.0]
[[-286.0], [-0.158], [-0.268], [-286.0], [-3590.0], [-3390.0]]
[False, False, False, False, False, False]
[Stage 1]Gen 26:  1st stage Reward: 0, Best reward: [7552.426]
Generation 25 耗时: 0.643秒
[-284.0, -0.15, -0.258, -284.0, -3570.0, -3230.0]
[[-286.0], [-0.158], [-0.268], [-286.0], [-3590.0], [-3390.0]]
[False, False, False, False, False, False]
[Stage 1]Gen 27:  1st stage Reward: 0, Best reward: [7552.426]
Generation 26 耗时: 0.663秒
[-284.0, -0.15, -0.258, -284.0, -3570.0, -3230.0]
[[-286.0], [-0.158], [-0.268], [-286.0], [-3590.0], [-3390.0]]
[False, False, False, False, False, False]
[Stage 1]Gen 28:  1st stage Reward: 0, Best reward: [7552.426]
Generation 27 耗时: 0.632秒
[-284.0, -0.15, -0.258, -284.0, -3570.0, -3230.0]
[[-286.0], [-0.158], [-0.268], [-286.0], [-3590.0], [-3390.0]]
[False, False, False, False, False, False]
[Stage 1]Gen 29:  1st stage Reward: 0, Best reward: [7552.426]
Generation 28 耗时: 0.626秒
[-284.0, -0.15, -0.258, -284.0, -3410.0, -3230.0]
[[-286.0], [-0.158], [-0.268], [-286.0], [-3590.0], [-3390.0]]
[False, False, False, False, False, False]
[Stage 1]Gen 30:  1st stage Reward: 0, Best reward: [7552.426]
Generation 29 耗时: 0.629秒
[-284.0, -0.15, -0.258, -284.0, -3350.0, -3230.0]
[[-286.0], [-0.157], [-0.268], [-286.0], [-3420.0], [-3340.0]]
[False, False, False, False, False, False]
[Stage 1]Gen 31:  1st stage Reward: 0, Best reward: [7332.425]
Generation 30 耗时: 0.605秒
[-284.0, -0.15, -0.258, -284.0, -3350.0, -3230.0]
[[-286.0], [-0.157], [-0.268], [-286.0], [-3420.0], [-3340.0]]
[False, False, False, False, False, False]
[Stage 1]Gen 32:  1st stage Reward: 0, Best reward: [7332.425]
Generation 31 耗时: 0.607秒
[-284.0, -0.15, -0.258, -284.0, -3350.0, -3230.0]
[[-286.0], [-0.157], [-0.268], [-286.0], [-3420.0], [-3340.0]]
[False, False, False, False, True, True]
[Stage 1]Gen 33:  1st stage Reward: 0, Best reward: [7332.425]
Generation 32 耗时: 0.664秒
[-284.0, -0.15, -0.258, -284.0, -3280.0, -3230.0]
[[-285.0], [-0.156], [-0.268], [-285.0], [-3280.0], [-3300.0]]
[False, False, False, False, True, True]
[Stage 1]Gen 34:  1st stage Reward: 0, Best reward: [7150.424]
Generation 33 耗时: 0.674秒
[-284.0, -0.15, -0.258, -284.0, -3280.0, -3230.0]
[[-285.0], [-0.156], [-0.268], [-285.0], [-3280.0], [-3300.0]]
[False, False, False, False, True, True]
[Stage 1]Gen 35:  1st stage Reward: 0, Best reward: [7150.424]
Generation 34 耗时: 0.647秒
[-284.0, -0.15, -0.258, -284.0, -3280.0, -3230.0]
[[-285.0], [-0.156], [-0.268], [-285.0], [-3280.0], [-3300.0]]
[False, False, False, False, True, True]
[Stage 1]Gen 36:  1st stage Reward: 0, Best reward: [7150.424]
Generation 35 耗时: 0.646秒
[-284.0, -0.15, -0.258, -284.0, -3280.0, -3230.0]
[[-285.0], [-0.156], [-0.268], [-285.0], [-3280.0], [-3300.0]]
[False, False, False, False, True, True]
[Stage 1]Gen 37:  1st stage Reward: 0, Best reward: [7150.424]
Generation 36 耗时: 0.634秒
[-284.0, -0.15, -0.258, -284.0, -3280.0, -3230.0]
[[-285.0], [-0.156], [-0.268], [-285.0], [-3280.0], [-3300.0]]
[False, False, False, False, True, True]
[Stage 1]Gen 38:  1st stage Reward: 0, Best reward: [7150.424]
Generation 37 耗时: 0.617秒
[-284.0, -0.15, -0.258, -284.0, -3280.0, -3230.0]
[[-285.0], [-0.156], [-0.268], [-285.0], [-3280.0], [-3300.0]]
[False, False, False, False, True, True]
[Stage 1]Gen 39:  1st stage Reward: 0, Best reward: [7150.424]
Generation 38 耗时: 0.614秒
[-284.0, -0.15, -0.258, -284.0, -3280.0, -3230.0]
[[-285.0], [-0.156], [-0.268], [-285.0], [-3280.0], [-3300.0]]
[False, False, False, False, True, True]
[Stage 1]Gen 40:  1st stage Reward: 0, Best reward: [7150.424]
Generation 39 耗时: 0.627秒
[-284.0, -0.15, -0.258, -284.0, -3280.0, -3230.0]
[[-285.0], [-0.156], [-0.268], [-285.0], [-3280.0], [-3300.0]]
[False, False, False, False, True, True]
[Stage 1]Gen 41:  1st stage Reward: 0, Best reward: [7150.424]
Generation 40 耗时: 0.624秒
[-284.0, -0.15, -0.258, -284.0, -3280.0, -3230.0]
[[-285.0], [-0.156], [-0.268], [-285.0], [-3280.0], [-3300.0]]
[False, False, False, False, True, True]
[Stage 1]Gen 42:  1st stage Reward: 0, Best reward: [7150.424]
Generation 41 耗时: 0.641秒
[-284.0, -0.15, -0.258, -284.0, -3280.0, -3230.0]
[[-285.0], [-0.156], [-0.268], [-285.0], [-3280.0], [-3300.0]]
[False, False, False, False, True, True]
[Stage 1]Gen 43:  1st stage Reward: 0, Best reward: [7150.424]
Generation 42 耗时: 0.623秒
[-284.0, -0.15, -0.258, -284.0, -3280.0, -3230.0]
[[-285.0], [-0.156], [-0.268], [-285.0], [-3280.0], [-3300.0]]
[False, False, False, False, True, True]
[Stage 1]Gen 44:  1st stage Reward: 0, Best reward: [7150.424]
Generation 43 耗时: 0.609秒
[-284.0, -0.15, -0.258, -284.0, -3280.0, -3230.0]
[[-285.0], [-0.156], [-0.268], [-285.0], [-3280.0], [-3300.0]]
[False, False, False, False, True, True]
[Stage 1]Gen 45:  1st stage Reward: 0, Best reward: [7150.424]
Generation 44 耗时: 0.634秒
[-284.0, -0.15, -0.258, -284.0, -3280.0, -3230.0]
[[-285.0], [-0.156], [-0.268], [-285.0], [-3280.0], [-3300.0]]
[False, False, False, False, True, True]
[Stage 1]Gen 46:  1st stage Reward: 0, Best reward: [7150.424]
Generation 45 耗时: 0.626秒
[-284.0, -0.15, -0.258, -284.0, -3280.0, -3230.0]
[[-285.0], [-0.156], [-0.268], [-285.0], [-3280.0], [-3300.0]]
[False, False, False, False, True, True]
[Stage 1]Gen 47:  1st stage Reward: 0, Best reward: [7150.424]
Generation 46 耗时: 0.640秒
[-284.0, -0.15, -0.258, -284.0, -3280.0, -3230.0]
[[-285.0], [-0.156], [-0.268], [-285.0], [-3280.0], [-3300.0]]
[False, False, False, False, True, True]
[Stage 1]Gen 48:  1st stage Reward: 0, Best reward: [7150.424]
Generation 47 耗时: 0.601秒
[-284.0, -0.15, -0.258, -284.0, -3280.0, -3230.0]
[[-285.0], [-0.156], [-0.268], [-285.0], [-3280.0], [-3300.0]]
[False, False, False, False, True, True]
[Stage 1]Gen 49:  1st stage Reward: 0, Best reward: [7150.424]
Generation 48 耗时: 0.627秒
[-284.0, -0.15, -0.258, -284.0, -3280.0, -3230.0]
[[-285.0], [-0.156], [-0.268], [-285.0], [-3280.0], [-3300.0]]
[False, False, False, False, True, True]
[Stage 1]Gen 50:  1st stage Reward: 0, Best reward: [7150.424]
Generation 49 耗时: 0.620秒
[-284.0, -0.15, -0.258, -284.0, -3280.0, -3230.0]
[[-285.0], [-0.156], [-0.268], [-285.0], [-3280.0], [-3300.0]]
[False, False, False, False, True, True]
[Stage 1]Gen 51:  1st stage Reward: 0, Best reward: [7150.424]
Generation 50 耗时: 0.613秒
[-284.0, -0.15, -0.258, -284.0, -3280.0, -3230.0]
[[-285.0], [-0.156], [-0.268], [-285.0], [-3280.0], [-3300.0]]
[False, False, False, False, True, True]
[Stage 1]Gen 52:  1st stage Reward: 0, Best reward: [7150.424]
Generation 51 耗时: 0.595秒
[-284.0, -0.15, -0.258, -284.0, -3280.0, -3230.0]
[[-285.0], [-0.156], [-0.268], [-285.0], [-3280.0], [-3300.0]]
[False, False, False, False, True, True]
[Stage 1]Gen 53:  1st stage Reward: 0, Best reward: [7150.424]
Generation 52 耗时: 0.622秒
[-284.0, -0.15, -0.258, -284.0, -3280.0, -3230.0]
[[-285.0], [-0.156], [-0.268], [-285.0], [-3280.0], [-3300.0]]
[False, False, False, False, True, True]
[Stage 1]Gen 54:  1st stage Reward: 0, Best reward: [7150.424]
Generation 53 耗时: 0.649秒
[-284.0, -0.15, -0.258, -284.0, -3280.0, -3230.0]
[[-285.0], [-0.156], [-0.268], [-285.0], [-3280.0], [-3300.0]]
[False, False, False, False, True, True]
[Stage 1]Gen 55:  1st stage Reward: 0, Best reward: [7150.424]
Generation 54 耗时: 0.760秒
[-284.0, -0.15, -0.258, -284.0, -3280.0, -3230.0]
[[-285.0], [-0.156], [-0.268], [-285.0], [-3280.0], [-3300.0]]
[False, False, False, False, True, True]
[Stage 1]Gen 56:  1st stage Reward: 0, Best reward: [7150.424]
Generation 55 耗时: 0.788秒
[-284.0, -0.15, -0.258, -284.0, -3280.0, -3230.0]
[[-285.0], [-0.156], [-0.268], [-285.0], [-3280.0], [-3300.0]]
[False, False, False, False, True, True]
[Stage 1]Gen 57:  1st stage Reward: 0, Best reward: [7150.424]
Generation 56 耗时: 0.802秒
[-284.0, -0.15, -0.258, -284.0, -3280.0, -3230.0]
[[-285.0], [-0.156], [-0.268], [-285.0], [-3280.0], [-3300.0]]
[False, False, False, False, True, True]
[Stage 1]Gen 58:  1st stage Reward: 0, Best reward: [7150.424]
Generation 57 耗时: 0.768秒
[-284.0, -0.15, -0.258, -284.0, -3280.0, -3230.0]
[[-285.0], [-0.156], [-0.268], [-285.0], [-3280.0], [-3300.0]]
[False, False, False, False, True, True]
[Stage 1]Gen 59:  1st stage Reward: 0, Best reward: [7150.424]
Generation 58 耗时: 0.745秒
[-284.0, -0.15, -0.258, -284.0, -3280.0, -3230.0]
[[-285.0], [-0.156], [-0.268], [-285.0], [-3280.0], [-3300.0]]
[False, False, False, False, True, True]
[Stage 1]Gen 60:  1st stage Reward: 0, Best reward: [7150.424]
Generation 59 耗时: 0.779秒
[-284.0, -0.15, -0.258, -284.0, -3280.0, -3230.0]
[[-285.0], [-0.156], [-0.268], [-285.0], [-3280.0], [-3300.0]]
[False, False, False, False, True, True]
[Stage 1]Gen 61:  1st stage Reward: 0, Best reward: [7150.424]
Generation 60 耗时: 0.794秒
[-284.0, -0.15, -0.258, -284.0, -3280.0, -3230.0]
[[-285.0], [-0.156], [-0.268], [-285.0], [-3280.0], [-3300.0]]
[False, False, False, False, True, True]
[Stage 1]Gen 62:  1st stage Reward: 0, Best reward: [7150.424]
Generation 61 耗时: 0.771秒
[-284.0, -0.15, -0.258, -284.0, -3280.0, -3230.0]
[[-285.0], [-0.156], [-0.268], [-285.0], [-3280.0], [-3300.0]]
[False, False, False, False, True, True]
[Stage 1]Gen 63:  1st stage Reward: 0, Best reward: [7150.424]
Generation 62 耗时: 0.798秒
[-284.0, -0.15, -0.258, -284.0, -3280.0, -3230.0]
[[-285.0], [-0.156], [-0.268], [-285.0], [-3280.0], [-3300.0]]
[False, False, False, False, True, True]
[Stage 1]Gen 64:  1st stage Reward: 0, Best reward: [7150.424]
Generation 63 耗时: 0.815秒
[-284.0, -0.15, -0.258, -284.0, -3280.0, -3230.0]
[[-285.0], [-0.156], [-0.268], [-285.0], [-3280.0], [-3300.0]]
[False, False, False, False, True, True]
[Stage 1]Gen 65:  1st stage Reward: 0, Best reward: [7150.424]
Generation 64 耗时: 0.761秒
[-284.0, -0.15, -0.258, -284.0, -3280.0, -3230.0]
[[-285.0], [-0.156], [-0.268], [-285.0], [-3280.0], [-3300.0]]
[False, False, False, False, True, True]
[Stage 1]Gen 66:  1st stage Reward: 0, Best reward: [7150.424]
Generation 65 耗时: 0.771秒
[-284.0, -0.15, -0.258, -284.0, -3280.0, -3230.0]
[[-285.0], [-0.156], [-0.268], [-285.0], [-3280.0], [-3300.0]]
[False, False, False, False, True, True]
[Stage 1]Gen 67:  1st stage Reward: 0, Best reward: [7150.424]
Generation 66 耗时: 0.795秒
[-284.0, -0.15, -0.258, -284.0, -3280.0, -3230.0]
[[-285.0], [-0.156], [-0.268], [-285.0], [-3280.0], [-3300.0]]
[False, False, False, False, True, True]
[Stage 1]Gen 68:  1st stage Reward: 0, Best reward: [7150.424]
Generation 67 耗时: 0.761秒
[-284.0, -0.15, -0.258, -284.0, -3280.0, -3230.0]
[[-285.0], [-0.156], [-0.268], [-285.0], [-3280.0], [-3300.0]]
[False, False, False, False, True, True]
[Stage 1]Gen 69:  1st stage Reward: 0, Best reward: [7150.424]
Generation 68 耗时: 0.790秒
[-284.0, -0.15, -0.258, -284.0, -3280.0, -3230.0]
[[-285.0], [-0.156], [-0.268], [-285.0], [-3280.0], [-3300.0]]
[False, False, False, False, True, True]
[Stage 1]Gen 70:  1st stage Reward: 0, Best reward: [7150.424]
Generation 69 耗时: 0.794秒
[-284.0, -0.15, -0.258, -284.0, -3280.0, -3230.0]
[[-285.0], [-0.156], [-0.268], [-285.0], [-3280.0], [-3300.0]]
[False, False, False, False, True, True]
[Stage 1]Gen 71:  1st stage Reward: 0, Best reward: [7150.424]
Generation 70 耗时: 0.749秒
[-284.0, -0.15, -0.258, -284.0, -3280.0, -3230.0]
[[-285.0], [-0.156], [-0.268], [-285.0], [-3280.0], [-3300.0]]
[False, False, False, False, True, True]
[Stage 1]Gen 72:  1st stage Reward: 0, Best reward: [7150.424]
Generation 71 耗时: 0.766秒
[-284.0, -0.15, -0.258, -284.0, -3280.0, -3230.0]
[[-285.0], [-0.156], [-0.268], [-285.0], [-3280.0], [-3300.0]]
[False, False, False, False, True, True]
[Stage 1]Gen 73:  1st stage Reward: 0, Best reward: [7150.424]
Generation 72 耗时: 0.794秒
[-284.0, -0.15, -0.258, -284.0, -3280.0, -3230.0]
[[-285.0], [-0.156], [-0.268], [-285.0], [-3280.0], [-3300.0]]
[False, False, False, False, True, True]
[Stage 1]Gen 74:  1st stage Reward: 0, Best reward: [7150.424]
Generation 73 耗时: 0.765秒
[-284.0, -0.15, -0.258, -284.0, -3280.0, -3230.0]
[[-285.0], [-0.156], [-0.268], [-285.0], [-3280.0], [-3300.0]]
[False, False, False, False, True, True]
[Stage 1]Gen 75:  1st stage Reward: 0, Best reward: [7150.424]
Generation 74 耗时: 0.754秒
[-284.0, -0.15, -0.258, -284.0, -3280.0, -3230.0]
[[-285.0], [-0.156], [-0.268], [-285.0], [-3280.0], [-3300.0]]
[False, False, False, False, True, True]
[Stage 1]Gen 76:  1st stage Reward: 0, Best reward: [7150.424]
Generation 75 耗时: 0.789秒
[-284.0, -0.15, -0.258, -284.0, -3280.0, -3230.0]
[[-285.0], [-0.156], [-0.268], [-285.0], [-3280.0], [-3300.0]]
[False, False, False, False, True, True]
[Stage 1]Gen 77:  1st stage Reward: 0, Best reward: [7150.424]
Generation 76 耗时: 0.769秒
[-284.0, -0.15, -0.258, -284.0, -3280.0, -3230.0]
[[-285.0], [-0.156], [-0.268], [-285.0], [-3280.0], [-3300.0]]
[False, False, False, False, True, True]
[Stage 1]Gen 78:  1st stage Reward: 0, Best reward: [7150.424]
Generation 77 耗时: 0.760秒
[-284.0, -0.15, -0.258, -284.0, -3280.0, -3230.0]
[[-285.0], [-0.156], [-0.268], [-285.0], [-3280.0], [-3300.0]]
[False, False, False, False, True, True]
[Stage 1]Gen 79:  1st stage Reward: 0, Best reward: [7150.424]
Generation 78 耗时: 0.764秒
[-284.0, -0.15, -0.258, -284.0, -3280.0, -3230.0]
[[-285.0], [-0.156], [-0.268], [-285.0], [-3280.0], [-3300.0]]
[False, False, False, False, True, True]
[Stage 1]Gen 80:  1st stage Reward: 0, Best reward: [7150.424]
Generation 79 耗时: 0.818秒
[-284.0, -0.15, -0.258, -284.0, -3280.0, -3230.0]
[[-285.0], [-0.156], [-0.268], [-285.0], [-3280.0], [-3300.0]]
[False, False, False, False, True, True]
[Stage 1]Gen 81:  1st stage Reward: 0, Best reward: [7150.424]
Generation 80 耗时: 0.831秒
[-284.0, -0.15, -0.258, -284.0, -3280.0, -3230.0]
[[-285.0], [-0.156], [-0.268], [-285.0], [-3280.0], [-3300.0]]
[False, False, False, False, True, True]
[Stage 1]Gen 82:  1st stage Reward: 0, Best reward: [7150.424]
Generation 81 耗时: 0.857秒
[-284.0, -0.15, -0.258, -284.0, -3280.0, -3230.0]
[[-285.0], [-0.156], [-0.268], [-285.0], [-3280.0], [-3300.0]]
[False, False, False, False, True, True]
[Stage 1]Gen 83:  1st stage Reward: 0, Best reward: [7150.424]
Generation 82 耗时: 1.015秒
[-284.0, -0.15, -0.258, -284.0, -3280.0, -3230.0]
[[-285.0], [-0.156], [-0.268], [-285.0], [-3280.0], [-3300.0]]
[False, False, False, False, True, True]
[Stage 1]Gen 84:  1st stage Reward: 0, Best reward: [7150.424]
Generation 83 耗时: 0.953秒
[-284.0, -0.15, -0.258, -284.0, -3280.0, -3230.0]
[[-285.0], [-0.156], [-0.268], [-285.0], [-3280.0], [-3300.0]]
[False, False, False, False, True, True]
[Stage 1]Gen 85:  1st stage Reward: 0, Best reward: [7150.424]
Generation 84 耗时: 0.890秒
[-284.0, -0.15, -0.258, -284.0, -3280.0, -3230.0]
[[-285.0], [-0.156], [-0.268], [-285.0], [-3280.0], [-3300.0]]
[False, False, False, False, True, True]
[Stage 1]Gen 86:  1st stage Reward: 0, Best reward: [7150.424]
Generation 85 耗时: 0.852秒
[-284.0, -0.15, -0.258, -284.0, -3280.0, -3230.0]
[[-285.0], [-0.156], [-0.268], [-285.0], [-3280.0], [-3300.0]]
[False, False, False, False, True, True]
[Stage 1]Gen 87:  1st stage Reward: 0, Best reward: [7150.424]
Generation 86 耗时: 0.825秒
[-284.0, -0.15, -0.258, -284.0, -3280.0, -3230.0]
[[-285.0], [-0.156], [-0.268], [-285.0], [-3280.0], [-3300.0]]
[False, False, False, False, True, True]
[Stage 1]Gen 88:  1st stage Reward: 0, Best reward: [7150.424]
Generation 87 耗时: 0.823秒
[-284.0, -0.15, -0.258, -284.0, -3280.0, -3230.0]
[[-285.0], [-0.156], [-0.268], [-285.0], [-3280.0], [-3300.0]]
[False, False, False, False, True, True]
[Stage 1]Gen 89:  1st stage Reward: 0, Best reward: [7150.424]
Generation 88 耗时: 0.904秒
[-284.0, -0.15, -0.258, -284.0, -3280.0, -3230.0]
[[-285.0], [-0.156], [-0.268], [-285.0], [-3280.0], [-3300.0]]
[False, False, False, False, True, True]
[Stage 1]Gen 90:  1st stage Reward: 0, Best reward: [7150.424]
Generation 89 耗时: 0.897秒
[-284.0, -0.15, -0.258, -284.0, -3280.0, -3230.0]
[[-285.0], [-0.156], [-0.268], [-285.0], [-3280.0], [-3300.0]]
[False, False, False, False, True, True]
[Stage 1]Gen 91:  1st stage Reward: 0, Best reward: [7150.424]
Generation 90 耗时: 1.032秒
[-284.0, -0.15, -0.258, -284.0, -3280.0, -3230.0]
[[-285.0], [-0.156], [-0.268], [-285.0], [-3280.0], [-3300.0]]
[False, False, False, False, True, True]
[Stage 1]Gen 92:  1st stage Reward: 0, Best reward: [7150.424]
Generation 91 耗时: 0.884秒
[-284.0, -0.15, -0.258, -284.0, -3280.0, -3230.0]
[[-285.0], [-0.156], [-0.268], [-285.0], [-3280.0], [-3300.0]]
[False, False, False, False, True, True]
[Stage 1]Gen 93:  1st stage Reward: 0, Best reward: [7150.424]
Generation 92 耗时: 0.810秒
[-284.0, -0.15, -0.258, -284.0, -3280.0, -3230.0]
[[-285.0], [-0.156], [-0.268], [-285.0], [-3280.0], [-3300.0]]
[False, False, False, False, True, True]
[Stage 1]Gen 94:  1st stage Reward: 0, Best reward: [7150.424]
Generation 93 耗时: 0.883秒
[-284.0, -0.15, -0.258, -284.0, -3280.0, -3230.0]
[[-285.0], [-0.156], [-0.268], [-285.0], [-3280.0], [-3300.0]]
[False, False, False, False, True, True]
[Stage 1]Gen 95:  1st stage Reward: 0, Best reward: [7150.424]
Generation 94 耗时: 0.806秒
[-284.0, -0.15, -0.258, -284.0, -3280.0, -3230.0]
[[-285.0], [-0.156], [-0.268], [-285.0], [-3280.0], [-3300.0]]
[False, False, False, False, True, True]
[Stage 1]Gen 96:  1st stage Reward: 0, Best reward: [7150.424]
Generation 95 耗时: 0.914秒
[-284.0, -0.15, -0.258, -284.0, -3280.0, -3230.0]
[[-285.0], [-0.156], [-0.268], [-285.0], [-3280.0], [-3300.0]]
[False, False, False, False, True, True]
[Stage 1]Gen 97:  1st stage Reward: 0, Best reward: [7150.424]
Generation 96 耗时: 0.794秒
[-284.0, -0.15, -0.258, -284.0, -3280.0, -3230.0]
[[-285.0], [-0.156], [-0.268], [-285.0], [-3280.0], [-3300.0]]
[False, False, False, False, True, True]
[Stage 1]Gen 98:  1st stage Reward: 0, Best reward: [7150.424]
Generation 97 耗时: 0.776秒
[-284.0, -0.15, -0.258, -284.0, -3280.0, -3230.0]
[[-285.0], [-0.156], [-0.268], [-285.0], [-3280.0], [-3300.0]]
[False, False, False, False, True, True]
[Stage 1]Gen 99:  1st stage Reward: 0, Best reward: [7150.424]
Generation 98 耗时: 0.784秒
[-284.0, -0.15, -0.258, -284.0, -3280.0, -3230.0]
[[-285.0], [-0.156], [-0.268], [-285.0], [-3280.0], [-3300.0]]
[False, False, False, False, True, True]
[Stage 1]Gen 100:  1st stage Reward: 0, Best reward: [7150.424]
Generation 99 耗时: 0.797秒
耗时:  72.297043800354
{'arch': {'arithmetic': {'instances': 1024, 'word-bits': 8}, 'storage': [{'name': 'Registers', 'entries': 1, 'instances': 1024, 'word-bits': 8, 'cluster-size': 1, 'num-ports': 2, 'num-banks': 8}, {'name': 'AccumulationBuffer', 'entries': 3072, 'instances': 16, 'word-bits': 24, 'cluster-size': 1, 'network-word-bits': 16, 'num-ports': 2, 'num-banks': 2}, {'name': 'WeightBuffer', 'entries': 32768, 'instances': 16, 'word-bits': 8, 'block-size': 4, 'num-ports': 1, 'num-banks': 8}, {'name': 'InputBuffer', 'entries': 8192, 'instances': 16, 'word-bits': 8, 'block-size': 4, 'num-ports': 2, 'num-banks': 1}, {'name': 'GlobalBuffer', 'entries': 65536, 'instances': 1, 'word-bits': 8, 'block-size': 8, 'num-ports': 2, 'num-banks': 256}, {'name': 'DRAM', 'technology': 'DRAM', 'instances': 1, 'word-bits': 8, 'block-size': 64, 'bandwidth': 1}]}}
['DRAM', 'GlobalBuffer', 'InputBuffer', 'WeightBuffer', 'AccumulationBuffer', 'Registers'] [1, 1, 16, 16, 16, 1024, 1024] [inf, 65536, 8192, 32768, 3072, 1]
[1, 16, 1, 1, 64, 1]
20
[-1110.0, -7310.0, -5230.0, -47100.0, -293.0, -4370.0, -1360.0, -1130.0, -18300.0, -43.5, -305.0, -189.0, -158.0, -2510.0, -5.02, -7960.0, -2.22, -123.0, -181.0, -834.0, -4.09, -106.0, -1.31, -85.8, -85.2, -730.0, -1.93]
[[-1640.0], [-437000.0], [-212000.0], [-239000.0], [-6370.0], [-20900.0], [-54700.0], [-2560.0], [-382000.0], [-1510.0], [-158000.0], [-542.0], [-158.0], [-5220.0], [-10.7], [-7960.0], [-8.5], [-571.0], [-1890.0], [-12700.0], [-55.5], [-106.0], [-1.76], [-1230.0], [-106.0], [-11600.0], [-5.52]]
[False, False, False, False, False, False, False, False, False, False, False, False, False, False, False, False, False, False, False, False, False, False, False, False, False, False, False]
[Stage 1]Gen 1:  1st stage Reward: 0, Best reward: [1557844.98]
Generation 0 耗时: 3.819秒
[-718.0, -2960.0, -3730.0, -20500.0, -253.0, -546.0, -1020.0, -1130.0, -5380.0, -40.1, -272.0, -189.0, -151.0, -2510.0, -5.02, -7450.0, -1.96, -114.0, -130.0, -817.0, -3.33, -106.0, -1.28, -84.5, -80.6, -682.0, -1.78]
[[-876.0], [-2960.0], [-4090.0], [-37400.0], [-353.0], [-4570.0], [-1050.0], [-1470.0], [-15700.0], [-40.8], [-303.0], [-556.0], [-152.0], [-39000.0], [-6.01], [-7850.0], [-11.2], [-123.0], [-155.0], [-906.0], [-3.69], [-106.0], [-25.2], [-1280.0], [-95.4], [-815.0], [-1.92]]
[False, False, False, False, False, False, False, False, False, False, False, False, False, False, False, False, False, False, False, False, False, False, False, False, False, False, False]
[Stage 1]Gen 2:  1st stage Reward: 0, Best reward: [119899.22]
Generation 1 耗时: 3.658秒
[-718.0, -2940.0, -3220.0, -17600.0, -206.0, -217.0, -924.0, -876.0, -5310.0, -40.1, -272.0, -189.0, -151.0, -1350.0, -4.92, -6360.0, -1.96, -114.0, -109.0, -757.0, -3.19, -101.0, -1.23, -84.5, -80.6, -682.0, -1.78]
[[-4270.0], [-3440.0], [-4620.0], [-26400.0], [-456.0], [-6920.0], [-3440.0], [-876.0], [-6510.0], [-82.8], [-429.0], [-379.0], [-245.0], [-4320.0], [-7.31], [-9270.0], [-2.41], [-139.0], [-1070.0], [-793.0], [-4.01], [-112.0], [-1.41], [-137.0], [-105.0], [-9970.0], [-2.63]]
[False, False, False, False, False, False, False, False, False, False, False, False, False, False, False, False, False, False, False, False, False, False, False, False, False, False, False]
[Stage 1]Gen 3:  1st stage Reward: 0, Best reward: [84001.57]
Generation 2 耗时: 3.693秒
[-718.0, -2480.0, -2790.0, -17600.0, -151.0, -193.0, -580.0, -671.0, -4840.0, -27.1, -272.0, -189.0, -151.0, -1180.0, -4.78, -6240.0, -1.93, -102.0, -101.0, -748.0, -3.19, -100.0, -1.18, -84.5, -80.6, -669.0, -1.77]
[[-3350.0], [-3860.0], [-3260.0], [-21700.0], [-15600.0], [-203.0], [-580.0], [-687.0], [-5050.0], [-71.2], [-352.0], [-901.0], [-206.0], [-1370.0], [-5.22], [-10500.0], [-2.25], [-102.0], [-481.0], [-1300.0], [-5.92], [-199.0], [-2.77], [-88.6], [-99.5], [-682.0], [-1.79]]
[False, False, False, False, False, False, False, False, False, False, False, False, False, False, False, False, False, False, False, False, False, False, False, False, False, False, False]
[Stage 1]Gen 4:  1st stage Reward: 0, Best reward: [70660.25]
Generation 3 耗时: 3.900秒
[-718.0, -2350.0, -2660.0, -17600.0, -125.0, -142.0, -580.0, -528.0, -4410.0, -25.5, -272.0, -164.0, -127.0, -1060.0, -4.21, -6210.0, -1.9, -99.6, -97.2, -739.0, -3.19, -98.7, -1.1, -84.5, -80.6, -647.0, -1.76]
[[-4000.0], [-2360.0], [-3830.0], [-19100.0], [-216.0], [-185.0], [-660.0], [-635.0], [-4410.0], [-25.5], [-1130.0], [-366.0], [-150.0], [-1060.0], [-4.82], [-6300.0], [-1.9], [-221.0], [-97.6], [-739.0], [-3.77], [-102.0], [-47.0], [-87.1], [-98.7], [-648.0], [-1.78]]
[False, False, False, False, False, False, False, False, False, False, False, False, False, False, False, False, False, False, False, False, False, False, False, False, False, False, False]
[Stage 1]Gen 5:  1st stage Reward: 0, Best reward: [46480.17]
Generation 4 耗时: 4.097秒
[-718.0, -2070.0, -2420.0, -17300.0, -116.0, -137.0, -457.0, -450.0, -4360.0, -23.3, -224.0, -152.0, -126.0, -1060.0, -3.82, -6030.0, -1.89, -99.6, -97.2, -739.0, -2.8, -98.7, -1.1, -84.5, -80.6, -642.0, -1.75]
[[-4000.0], [-2360.0], [-3830.0], [-19100.0], [-216.0], [-185.0], [-660.0], [-635.0], [-4410.0], [-25.5], [-1130.0], [-366.0], [-150.0], [-1060.0], [-4.82], [-6300.0], [-1.9], [-221.0], [-97.6], [-739.0], [-3.77], [-102.0], [-47.0], [-87.1], [-98.7], [-648.0], [-1.78]]
[False, False, False, False, False, False, False, False, False, False, False, False, False, False, False, False, False, False, False, False, False, False, False, False, False, False, False]
[Stage 1]Gen 6:  1st stage Reward: 0, Best reward: [46480.17]
Generation 5 耗时: 3.611秒
[-718.0, -2070.0, -2270.0, -17300.0, -116.0, -137.0, -378.0, -438.0, -4360.0, -17.2, -181.0, -152.0, -123.0, -1050.0, -3.82, -6030.0, -1.64, -98.2, -95.8, -731.0, -2.8, -96.1, -1.05, -84.5, -80.6, -640.0, -1.75]
[[-4000.0], [-2360.0], [-3830.0], [-19100.0], [-216.0], [-185.0], [-660.0], [-635.0], [-4410.0], [-25.5], [-1130.0], [-366.0], [-150.0], [-1060.0], [-4.82], [-6300.0], [-1.9], [-221.0], [-97.6], [-739.0], [-3.77], [-102.0], [-47.0], [-87.1], [-98.7], [-648.0], [-1.78]]
[False, False, False, False, False, False, False, False, False, False, False, False, False, False, False, False, False, False, False, False, False, False, False, False, False, False, False]
[Stage 1]Gen 7:  1st stage Reward: 0, Best reward: [46480.17]
Generation 6 耗时: 4.012秒
[-718.0, -2070.0, -1340.0, -17300.0, -116.0, -137.0, -378.0, -438.0, -4360.0, -16.0, -159.0, -142.0, -123.0, -1050.0, -3.82, -6030.0, -1.4, -98.2, -95.8, -721.0, -2.79, -87.6, -0.997, -82.7, -80.3, -640.0, -1.7]
[[-4000.0], [-2360.0], [-3830.0], [-19100.0], [-216.0], [-185.0], [-660.0], [-635.0], [-4410.0], [-25.5], [-1130.0], [-366.0], [-150.0], [-1060.0], [-4.82], [-6300.0], [-1.9], [-221.0], [-97.6], [-739.0], [-3.77], [-102.0], [-47.0], [-87.1], [-98.7], [-648.0], [-1.78]]
[False, False, False, False, False, False, False, False, False, False, False, False, False, False, False, False, False, False, False, False, False, False, False, False, False, False, False]
[Stage 1]Gen 8:  1st stage Reward: 0, Best reward: [46480.17]
Generation 7 耗时: 4.398秒
[-380.0, -1460.0, -1340.0, -17200.0, -116.0, -137.0, -378.0, -438.0, -4350.0, -16.0, -159.0, -142.0, -123.0, -1050.0, -3.82, -6030.0, -1.4, -98.2, -95.8, -721.0, -2.79, -87.6, -0.997, -82.7, -80.3, -640.0, -1.7]
[[-882.0], [-2380.0], [-3570.0], [-19500.0], [-118.0], [-158.0], [-438.0], [-551.0], [-4770.0], [-17.4], [-182.0], [-155.0], [-167.0], [-1150.0], [-3.94], [-6220.0], [-1.83], [-104.0], [-100.0], [-1240.0], [-3.49], [-107.0], [-1.08], [-86.4], [-83.4], [-641.0], [-1.78]]
[False, False, False, False, False, False, False, False, False, False, False, False, False, False, False, False, False, False, False, False, False, False, False, False, False, False, False]
[Stage 1]Gen 9:  1st stage Reward: 0, Best reward: [42632.32]
Generation 8 耗时: 5.178秒
[-328.0, -1310.0, -1340.0, -17200.0, -116.0, -137.0, -378.0, -352.0, -3020.0, -16.0, -159.0, -142.0, -123.0, -1050.0, -3.82, -6030.0, -1.39, -98.2, -95.8, -721.0, -2.75, -87.6, -0.997, -82.7, -80.3, -640.0, -1.7]
[[-882.0], [-2380.0], [-3570.0], [-19500.0], [-118.0], [-158.0], [-438.0], [-551.0], [-4770.0], [-17.4], [-182.0], [-155.0], [-167.0], [-1150.0], [-3.94], [-6220.0], [-1.83], [-104.0], [-100.0], [-1240.0], [-3.49], [-107.0], [-1.08], [-86.4], [-83.4], [-641.0], [-1.78]]
[False, False, False, False, False, False, False, False, False, False, False, False, False, False, False, False, False, False, False, False, False, False, False, False, False, False, False]
[Stage 1]Gen 10:  1st stage Reward: 0, Best reward: [42632.32]
Generation 9 耗时: 4.527秒
[-327.0, -1310.0, -1340.0, -17200.0, -116.0, -137.0, -378.0, -352.0, -3020.0, -16.0, -159.0, -142.0, -123.0, -1050.0, -3.82, -6030.0, -1.38, -98.2, -95.8, -721.0, -2.71, -87.6, -0.997, -82.7, -80.3, -637.0, -1.7]
[[-882.0], [-2380.0], [-3570.0], [-19500.0], [-118.0], [-158.0], [-438.0], [-551.0], [-4770.0], [-17.4], [-182.0], [-155.0], [-167.0], [-1150.0], [-3.94], [-6220.0], [-1.83], [-104.0], [-100.0], [-1240.0], [-3.49], [-107.0], [-1.08], [-86.4], [-83.4], [-641.0], [-1.78]]
[False, False, False, False, False, False, False, False, False, False, False, False, False, False, False, False, False, False, False, False, False, False, False, False, False, False, False]
[Stage 1]Gen 11:  1st stage Reward: 0, Best reward: [42632.32]
Generation 10 耗时: 4.473秒
[-327.0, -1310.0, -1340.0, -17200.0, -116.0, -137.0, -378.0, -351.0, -3000.0, -16.0, -159.0, -142.0, -123.0, -1050.0, -3.82, -6030.0, -1.38, -98.2, -95.8, -721.0, -2.71, -87.6, -0.997, -82.7, -80.3, -628.0, -1.7]
[[-882.0], [-2380.0], [-3570.0], [-19500.0], [-118.0], [-158.0], [-438.0], [-551.0], [-4770.0], [-17.4], [-182.0], [-155.0], [-167.0], [-1150.0], [-3.94], [-6220.0], [-1.83], [-104.0], [-100.0], [-1240.0], [-3.49], [-107.0], [-1.08], [-86.4], [-83.4], [-641.0], [-1.78]]
[False, False, False, False, False, False, False, False, False, False, False, False, False, False, False, False, False, False, False, False, False, False, False, False, False, False, False]
[Stage 1]Gen 12:  1st stage Reward: 0, Best reward: [42632.32]
Generation 11 耗时: 4.313秒
[-327.0, -1200.0, -1340.0, -17100.0, -116.0, -137.0, -378.0, -334.0, -2860.0, -16.0, -159.0, -142.0, -123.0, -1050.0, -3.79, -6030.0, -1.34, -98.2, -95.8, -721.0, -2.54, -87.3, -0.997, -82.7, -80.3, -618.0, -1.7]
[[-882.0], [-2380.0], [-3570.0], [-19500.0], [-118.0], [-158.0], [-438.0], [-551.0], [-4770.0], [-17.4], [-182.0], [-155.0], [-167.0], [-1150.0], [-3.94], [-6220.0], [-1.83], [-104.0], [-100.0], [-1240.0], [-3.49], [-107.0], [-1.08], [-86.4], [-83.4], [-641.0], [-1.78]]
[False, False, False, False, False, False, False, False, False, False, False, False, False, False, False, False, False, False, False, False, False, False, False, False, False, False, False]
[Stage 1]Gen 13:  1st stage Reward: 0, Best reward: [42632.32]
Generation 12 耗时: 3.858秒
[-327.0, -1200.0, -1340.0, -17100.0, -116.0, -137.0, -378.0, -334.0, -2860.0, -16.0, -159.0, -142.0, -123.0, -1050.0, -3.79, -6030.0, -1.34, -98.2, -95.8, -721.0, -2.54, -87.3, -0.997, -82.7, -80.3, -618.0, -1.7]
[[-882.0], [-2380.0], [-3570.0], [-19500.0], [-118.0], [-158.0], [-438.0], [-551.0], [-4770.0], [-17.4], [-182.0], [-155.0], [-167.0], [-1150.0], [-3.94], [-6220.0], [-1.83], [-104.0], [-100.0], [-1240.0], [-3.49], [-107.0], [-1.08], [-86.4], [-83.4], [-641.0], [-1.78]]
[False, False, False, False, False, False, False, False, False, False, False, False, False, False, False, False, False, False, False, False, False, False, False, False, False, False, False]
[Stage 1]Gen 14:  1st stage Reward: 0, Best reward: [42632.32]
Generation 13 耗时: 3.923秒
[-327.0, -1200.0, -1340.0, -17100.0, -116.0, -137.0, -378.0, -334.0, -2860.0, -16.0, -159.0, -142.0, -123.0, -1050.0, -3.79, -6030.0, -1.34, -98.2, -95.8, -721.0, -2.54, -87.3, -0.997, -82.7, -80.3, -618.0, -1.7]
[[-882.0], [-2380.0], [-3570.0], [-19500.0], [-118.0], [-158.0], [-438.0], [-551.0], [-4770.0], [-17.4], [-182.0], [-155.0], [-167.0], [-1150.0], [-3.94], [-6220.0], [-1.83], [-104.0], [-100.0], [-1240.0], [-3.49], [-107.0], [-1.08], [-86.4], [-83.4], [-641.0], [-1.78]]
[False, False, False, False, False, False, False, False, False, False, False, False, False, False, False, False, False, False, False, False, False, False, False, False, False, False, False]
[Stage 1]Gen 15:  1st stage Reward: 0, Best reward: [42632.32]
Generation 14 耗时: 3.965秒
[-327.0, -1200.0, -1340.0, -17100.0, -116.0, -137.0, -378.0, -334.0, -2860.0, -16.0, -159.0, -142.0, -123.0, -1050.0, -3.79, -6030.0, -1.34, -98.2, -95.8, -721.0, -2.54, -87.2, -0.997, -82.7, -80.3, -613.0, -1.7]
[[-882.0], [-2380.0], [-3570.0], [-19500.0], [-118.0], [-158.0], [-438.0], [-551.0], [-4770.0], [-17.4], [-182.0], [-155.0], [-167.0], [-1150.0], [-3.94], [-6220.0], [-1.83], [-104.0], [-100.0], [-1240.0], [-3.49], [-107.0], [-1.08], [-86.4], [-83.4], [-641.0], [-1.78]]
[False, False, False, False, False, False, False, False, False, False, False, False, False, False, False, False, False, False, False, False, False, False, False, False, False, False, False]
[Stage 1]Gen 16:  1st stage Reward: 0, Best reward: [42632.32]
Generation 15 耗时: 3.801秒
[-327.0, -1200.0, -1340.0, -17100.0, -116.0, -137.0, -378.0, -334.0, -2860.0, -16.0, -159.0, -142.0, -123.0, -1050.0, -3.79, -6030.0, -1.34, -98.2, -95.8, -721.0, -2.54, -87.2, -0.997, -82.7, -80.3, -613.0, -1.7]
[[-882.0], [-2380.0], [-3570.0], [-19500.0], [-118.0], [-158.0], [-438.0], [-551.0], [-4770.0], [-17.4], [-182.0], [-155.0], [-167.0], [-1150.0], [-3.94], [-6220.0], [-1.83], [-104.0], [-100.0], [-1240.0], [-3.49], [-107.0], [-1.08], [-86.4], [-83.4], [-641.0], [-1.78]]
[False, False, False, False, False, False, False, False, False, False, False, False, False, False, False, False, False, False, False, False, False, False, False, False, False, False, False]
[Stage 1]Gen 17:  1st stage Reward: 0, Best reward: [42632.32]
Generation 16 耗时: 4.004秒
[-327.0, -1200.0, -1340.0, -17100.0, -116.0, -137.0, -378.0, -334.0, -2860.0, -16.0, -159.0, -142.0, -123.0, -1050.0, -3.79, -6030.0, -1.34, -98.2, -95.8, -721.0, -2.54, -87.2, -0.997, -82.7, -80.3, -613.0, -1.7]
[[-882.0], [-2380.0], [-3570.0], [-19500.0], [-118.0], [-158.0], [-438.0], [-551.0], [-4770.0], [-17.4], [-182.0], [-155.0], [-167.0], [-1150.0], [-3.94], [-6220.0], [-1.83], [-104.0], [-100.0], [-1240.0], [-3.49], [-107.0], [-1.08], [-86.4], [-83.4], [-641.0], [-1.78]]
[False, False, False, False, False, False, False, False, False, False, False, False, False, False, False, False, False, False, False, False, False, False, False, False, False, False, False]
[Stage 1]Gen 18:  1st stage Reward: 0, Best reward: [42632.32]
Generation 17 耗时: 3.912秒
[-327.0, -1200.0, -1340.0, -17100.0, -116.0, -137.0, -378.0, -334.0, -2860.0, -16.0, -159.0, -142.0, -123.0, -1050.0, -3.79, -6030.0, -1.34, -98.2, -95.8, -721.0, -2.54, -87.2, -0.997, -82.7, -80.3, -613.0, -1.7]
[[-882.0], [-2380.0], [-3570.0], [-19500.0], [-118.0], [-158.0], [-438.0], [-551.0], [-4770.0], [-17.4], [-182.0], [-155.0], [-167.0], [-1150.0], [-3.94], [-6220.0], [-1.83], [-104.0], [-100.0], [-1240.0], [-3.49], [-107.0], [-1.08], [-86.4], [-83.4], [-641.0], [-1.78]]
[False, False, False, False, False, False, False, False, False, False, False, False, False, False, False, False, False, False, False, False, False, False, False, False, False, False, False]
[Stage 1]Gen 19:  1st stage Reward: 0, Best reward: [42632.32]
Generation 18 耗时: 4.235秒
[-327.0, -1200.0, -1340.0, -17100.0, -116.0, -137.0, -378.0, -334.0, -2860.0, -16.0, -159.0, -142.0, -123.0, -1050.0, -3.79, -6030.0, -1.34, -98.2, -95.8, -721.0, -2.54, -87.2, -0.997, -82.7, -80.3, -613.0, -1.7]
[[-882.0], [-2380.0], [-3570.0], [-19500.0], [-118.0], [-158.0], [-438.0], [-551.0], [-4770.0], [-17.4], [-182.0], [-155.0], [-167.0], [-1150.0], [-3.94], [-6220.0], [-1.83], [-104.0], [-100.0], [-1240.0], [-3.49], [-107.0], [-1.08], [-86.4], [-83.4], [-641.0], [-1.78]]
[False, False, False, False, False, False, False, False, False, False, False, False, False, False, False, False, False, False, False, False, False, False, False, False, False, False, False]
[Stage 1]Gen 20:  1st stage Reward: 0, Best reward: [42632.32]
Generation 19 耗时: 4.216秒
[-327.0, -1200.0, -1340.0, -17100.0, -116.0, -137.0, -378.0, -334.0, -2860.0, -16.0, -159.0, -142.0, -123.0, -1050.0, -3.79, -6030.0, -1.34, -98.2, -95.8, -721.0, -2.54, -87.2, -0.997, -82.7, -80.3, -613.0, -1.7]
[[-882.0], [-2380.0], [-3570.0], [-19500.0], [-118.0], [-158.0], [-438.0], [-551.0], [-4770.0], [-17.4], [-182.0], [-155.0], [-167.0], [-1150.0], [-3.94], [-6220.0], [-1.83], [-104.0], [-100.0], [-1240.0], [-3.49], [-107.0], [-1.08], [-86.4], [-83.4], [-641.0], [-1.78]]
[False, False, False, False, False, False, False, False, False, False, False, False, False, False, False, False, False, False, False, False, False, False, False, False, False, False, False]
[Stage 1]Gen 21:  1st stage Reward: 0, Best reward: [42632.32]
Generation 20 耗时: 4.156秒
[-327.0, -1200.0, -1340.0, -17100.0, -116.0, -137.0, -378.0, -334.0, -2860.0, -16.0, -159.0, -142.0, -123.0, -1050.0, -3.79, -6030.0, -1.34, -98.2, -95.8, -721.0, -2.54, -87.2, -0.997, -82.7, -80.3, -613.0, -1.7]
[[-882.0], [-2380.0], [-3570.0], [-19500.0], [-118.0], [-158.0], [-438.0], [-551.0], [-4770.0], [-17.4], [-182.0], [-155.0], [-167.0], [-1150.0], [-3.94], [-6220.0], [-1.83], [-104.0], [-100.0], [-1240.0], [-3.49], [-107.0], [-1.08], [-86.4], [-83.4], [-641.0], [-1.78]]
[False, False, False, False, False, False, False, False, False, False, False, False, False, False, False, False, False, False, False, False, False, False, False, False, False, False, False]
[Stage 1]Gen 22:  1st stage Reward: 0, Best reward: [42632.32]
Generation 21 耗时: 4.348秒
[-327.0, -1200.0, -1340.0, -17100.0, -116.0, -137.0, -378.0, -334.0, -2860.0, -16.0, -159.0, -142.0, -123.0, -1050.0, -3.79, -6030.0, -1.34, -98.2, -95.8, -721.0, -2.54, -87.2, -0.997, -82.7, -80.3, -613.0, -1.7]
[[-882.0], [-2380.0], [-3570.0], [-19500.0], [-118.0], [-158.0], [-438.0], [-551.0], [-4770.0], [-17.4], [-182.0], [-155.0], [-167.0], [-1150.0], [-3.94], [-6220.0], [-1.83], [-104.0], [-100.0], [-1240.0], [-3.49], [-107.0], [-1.08], [-86.4], [-83.4], [-641.0], [-1.78]]
[False, False, False, False, False, False, False, False, False, False, False, False, False, False, False, False, False, False, False, False, False, False, False, False, False, False, False]
[Stage 1]Gen 23:  1st stage Reward: 0, Best reward: [42632.32]
Generation 22 耗时: 4.357秒
[-327.0, -1200.0, -1340.0, -17100.0, -116.0, -137.0, -378.0, -334.0, -2860.0, -16.0, -159.0, -142.0, -123.0, -1050.0, -3.79, -6030.0, -1.34, -98.2, -95.8, -721.0, -2.49, -87.2, -0.997, -82.7, -80.3, -613.0, -1.7]
[[-882.0], [-2380.0], [-3570.0], [-19500.0], [-118.0], [-158.0], [-438.0], [-551.0], [-4770.0], [-17.4], [-182.0], [-155.0], [-167.0], [-1150.0], [-3.94], [-6220.0], [-1.83], [-104.0], [-100.0], [-1240.0], [-3.49], [-107.0], [-1.08], [-86.4], [-83.4], [-641.0], [-1.78]]
[False, False, False, False, False, False, False, False, False, False, False, False, False, False, False, False, False, False, False, False, False, False, False, False, False, False, False]
[Stage 1]Gen 24:  1st stage Reward: 0, Best reward: [42632.32]
Generation 23 耗时: 4.432秒
[-327.0, -1200.0, -1340.0, -17100.0, -116.0, -137.0, -378.0, -334.0, -2860.0, -16.0, -159.0, -140.0, -123.0, -1050.0, -3.79, -6030.0, -1.34, -98.2, -95.8, -721.0, -2.49, -87.2, -0.997, -82.7, -80.3, -613.0, -1.7]
[[-882.0], [-2380.0], [-3570.0], [-19500.0], [-118.0], [-158.0], [-438.0], [-551.0], [-4770.0], [-17.4], [-182.0], [-155.0], [-167.0], [-1150.0], [-3.94], [-6220.0], [-1.83], [-104.0], [-100.0], [-1240.0], [-3.49], [-107.0], [-1.08], [-86.4], [-83.4], [-641.0], [-1.78]]
[False, False, False, False, False, False, False, False, False, False, False, False, False, False, False, False, False, False, False, False, False, False, False, False, False, False, False]
[Stage 1]Gen 25:  1st stage Reward: 0, Best reward: [42632.32]
Generation 24 耗时: 4.630秒
[-327.0, -1200.0, -1340.0, -17100.0, -116.0, -137.0, -378.0, -334.0, -2860.0, -16.0, -159.0, -139.0, -123.0, -1050.0, -3.79, -6030.0, -1.34, -98.2, -95.8, -721.0, -2.49, -87.2, -0.997, -82.7, -80.3, -613.0, -1.7]
[[-882.0], [-2380.0], [-3570.0], [-19500.0], [-118.0], [-158.0], [-438.0], [-551.0], [-4770.0], [-17.4], [-182.0], [-155.0], [-167.0], [-1150.0], [-3.94], [-6220.0], [-1.83], [-104.0], [-100.0], [-1240.0], [-3.49], [-107.0], [-1.08], [-86.4], [-83.4], [-641.0], [-1.78]]
[False, False, False, False, False, False, False, False, False, False, False, False, False, False, False, False, False, False, False, False, False, False, False, False, False, False, False]
[Stage 1]Gen 26:  1st stage Reward: 0, Best reward: [42632.32]
Generation 25 耗时: 4.925秒
[-327.0, -1200.0, -1340.0, -17100.0, -116.0, -137.0, -378.0, -334.0, -2860.0, -16.0, -159.0, -137.0, -123.0, -1050.0, -3.79, -6030.0, -1.34, -98.2, -95.8, -721.0, -2.49, -87.2, -0.997, -82.7, -80.3, -613.0, -1.7]
[[-882.0], [-2380.0], [-3570.0], [-19500.0], [-118.0], [-158.0], [-438.0], [-551.0], [-4770.0], [-17.4], [-182.0], [-155.0], [-167.0], [-1150.0], [-3.94], [-6220.0], [-1.83], [-104.0], [-100.0], [-1240.0], [-3.49], [-107.0], [-1.08], [-86.4], [-83.4], [-641.0], [-1.78]]
[False, False, False, False, False, False, False, False, False, False, False, False, False, False, False, False, False, False, False, False, False, False, False, False, False, False, False]
[Stage 1]Gen 27:  1st stage Reward: 0, Best reward: [42632.32]
Generation 26 耗时: 4.775秒
[-327.0, -1200.0, -1340.0, -17100.0, -116.0, -137.0, -378.0, -334.0, -2860.0, -16.0, -159.0, -137.0, -123.0, -1050.0, -3.79, -6030.0, -1.34, -98.2, -95.8, -721.0, -2.49, -87.2, -0.997, -82.7, -80.3, -613.0, -1.7]
[[-882.0], [-2380.0], [-3570.0], [-19500.0], [-118.0], [-158.0], [-438.0], [-551.0], [-4770.0], [-17.4], [-182.0], [-155.0], [-167.0], [-1150.0], [-3.94], [-6220.0], [-1.83], [-104.0], [-100.0], [-1240.0], [-3.49], [-107.0], [-1.08], [-86.4], [-83.4], [-641.0], [-1.78]]
[False, False, False, False, False, False, False, False, False, False, False, False, False, False, False, False, False, False, False, False, False, False, False, False, False, False, False]
[Stage 1]Gen 28:  1st stage Reward: 0, Best reward: [42632.32]
Generation 27 耗时: 4.772秒
[-327.0, -1200.0, -1340.0, -17100.0, -116.0, -137.0, -378.0, -334.0, -2860.0, -16.0, -159.0, -136.0, -123.0, -1050.0, -3.79, -6030.0, -1.34, -98.2, -95.8, -721.0, -2.49, -87.2, -0.997, -82.7, -80.3, -613.0, -1.7]
[[-882.0], [-2380.0], [-3570.0], [-19500.0], [-118.0], [-158.0], [-438.0], [-551.0], [-4770.0], [-17.4], [-182.0], [-155.0], [-167.0], [-1150.0], [-3.94], [-6220.0], [-1.83], [-104.0], [-100.0], [-1240.0], [-3.49], [-107.0], [-1.08], [-86.4], [-83.4], [-641.0], [-1.78]]
[False, False, False, False, False, False, False, False, False, False, False, False, False, False, False, False, False, False, False, False, False, False, False, False, False, False, False]
[Stage 1]Gen 29:  1st stage Reward: 0, Best reward: [42632.32]
Generation 28 耗时: 4.594秒
[-327.0, -1200.0, -1340.0, -17100.0, -116.0, -137.0, -378.0, -334.0, -2860.0, -16.0, -159.0, -136.0, -123.0, -1050.0, -3.79, -6030.0, -1.34, -98.2, -95.8, -721.0, -2.49, -87.2, -0.997, -82.7, -80.3, -613.0, -1.7]
[[-1070.0], [-1410.0], [-1770.0], [-21500.0], [-172.0], [-210.0], [-608.0], [-589.0], [-3770.0], [-22.8], [-215.0], [-617.0], [-130.0], [-1460.0], [-4.34], [-6250.0], [-1.55], [-120.0], [-113.0], [-794.0], [-3.77], [-124.0], [-1.08], [-88.1], [-86.2], [-653.0], [-1.84]]
[False, False, False, False, False, False, False, False, False, False, False, False, False, False, False, False, False, False, False, False, False, False, False, False, False, False, False]
[Stage 1]Gen 30:  1st stage Reward: 0, Best reward: [41784.68]
Generation 29 耗时: 4.793秒
[-327.0, -1200.0, -1340.0, -17100.0, -116.0, -137.0, -378.0, -334.0, -2860.0, -16.0, -159.0, -133.0, -123.0, -1050.0, -3.79, -6030.0, -1.34, -98.2, -95.8, -721.0, -2.49, -87.2, -0.997, -82.7, -80.3, -613.0, -1.7]
[[-1070.0], [-1410.0], [-1770.0], [-21500.0], [-172.0], [-210.0], [-608.0], [-589.0], [-3770.0], [-22.8], [-215.0], [-617.0], [-130.0], [-1460.0], [-4.34], [-6250.0], [-1.55], [-120.0], [-113.0], [-794.0], [-3.77], [-124.0], [-1.08], [-88.1], [-86.2], [-653.0], [-1.84]]
[False, False, False, False, False, False, False, False, False, False, False, False, False, False, False, False, False, False, False, False, False, False, False, False, False, False, False]
[Stage 1]Gen 31:  1st stage Reward: 0, Best reward: [41784.68]
Generation 30 耗时: 4.756秒
[-327.0, -1200.0, -1340.0, -17100.0, -116.0, -137.0, -378.0, -334.0, -2860.0, -16.0, -159.0, -133.0, -123.0, -1050.0, -3.59, -6030.0, -1.34, -98.2, -95.8, -721.0, -2.49, -87.2, -0.997, -82.7, -80.3, -613.0, -1.7]
[[-1070.0], [-1410.0], [-1770.0], [-21500.0], [-172.0], [-210.0], [-608.0], [-589.0], [-3770.0], [-22.8], [-215.0], [-617.0], [-130.0], [-1460.0], [-4.34], [-6250.0], [-1.55], [-120.0], [-113.0], [-794.0], [-3.77], [-124.0], [-1.08], [-88.1], [-86.2], [-653.0], [-1.84]]
[False, False, False, False, False, False, False, False, False, False, False, False, False, False, False, False, False, False, False, False, False, False, False, False, False, False, False]
[Stage 1]Gen 32:  1st stage Reward: 0, Best reward: [41784.68]
Generation 31 耗时: 4.690秒
[-321.0, -1200.0, -1340.0, -17100.0, -116.0, -137.0, -378.0, -334.0, -2860.0, -16.0, -159.0, -133.0, -123.0, -1050.0, -3.59, -6030.0, -1.34, -98.2, -95.8, -721.0, -2.32, -87.2, -0.997, -82.7, -80.3, -613.0, -1.7]
[[-1070.0], [-1410.0], [-1770.0], [-21500.0], [-172.0], [-210.0], [-608.0], [-589.0], [-3770.0], [-22.8], [-215.0], [-617.0], [-130.0], [-1460.0], [-4.34], [-6250.0], [-1.55], [-120.0], [-113.0], [-794.0], [-3.77], [-124.0], [-1.08], [-88.1], [-86.2], [-653.0], [-1.84]]
[False, False, False, False, False, False, False, False, False, False, False, False, False, False, False, True, False, False, False, False, False, False, False, False, False, False, False]
[Stage 1]Gen 33:  1st stage Reward: 0, Best reward: [41784.68]
Generation 32 耗时: 5.118秒
[-307.0, -1200.0, -1340.0, -17100.0, -116.0, -137.0, -378.0, -334.0, -2860.0, -16.0, -159.0, -133.0, -123.0, -1050.0, -3.59, -6020.0, -1.34, -98.2, -95.8, -721.0, -2.32, -87.2, -0.997, -82.7, -80.3, -613.0, -1.7]
[[-1070.0], [-1410.0], [-1770.0], [-21500.0], [-172.0], [-210.0], [-608.0], [-589.0], [-3770.0], [-22.8], [-215.0], [-617.0], [-130.0], [-1460.0], [-4.34], [-6250.0], [-1.55], [-120.0], [-113.0], [-794.0], [-3.77], [-124.0], [-1.08], [-88.1], [-86.2], [-653.0], [-1.84]]
[False, False, False, False, False, False, False, False, False, False, False, False, False, False, False, True, False, False, False, False, False, False, False, False, False, False, False]
[Stage 1]Gen 34:  1st stage Reward: 0, Best reward: [41784.68]
Generation 33 耗时: 4.667秒
[-307.0, -1200.0, -1340.0, -17100.0, -116.0, -137.0, -378.0, -334.0, -2860.0, -16.0, -159.0, -133.0, -123.0, -1050.0, -3.59, -6020.0, -1.34, -98.2, -95.8, -721.0, -2.32, -86.0, -0.997, -82.7, -80.3, -613.0, -1.7]
[[-1070.0], [-1410.0], [-1770.0], [-21500.0], [-172.0], [-210.0], [-608.0], [-589.0], [-3770.0], [-22.8], [-215.0], [-617.0], [-130.0], [-1460.0], [-4.34], [-6250.0], [-1.55], [-120.0], [-113.0], [-794.0], [-3.77], [-124.0], [-1.08], [-88.1], [-86.2], [-653.0], [-1.84]]
[False, False, False, False, False, False, False, False, False, False, False, False, False, False, False, True, False, False, False, False, False, False, False, False, False, False, False]
[Stage 1]Gen 35:  1st stage Reward: 0, Best reward: [41784.68]
Generation 34 耗时: 3.687秒
[-307.0, -1180.0, -1340.0, -17100.0, -116.0, -137.0, -378.0, -334.0, -2810.0, -15.7, -159.0, -131.0, -123.0, -1050.0, -3.58, -6000.0, -1.34, -98.2, -95.8, -720.0, -2.29, -81.4, -0.99, -82.3, -80.1, -613.0, -1.7]
[[-1070.0], [-1410.0], [-1770.0], [-21500.0], [-172.0], [-210.0], [-608.0], [-589.0], [-3770.0], [-22.8], [-215.0], [-617.0], [-130.0], [-1460.0], [-4.34], [-6250.0], [-1.55], [-120.0], [-113.0], [-794.0], [-3.77], [-124.0], [-1.08], [-88.1], [-86.2], [-653.0], [-1.84]]
[False, False, False, False, False, False, False, False, False, False, False, False, False, False, False, True, False, False, False, False, False, False, False, False, False, False, False]
[Stage 1]Gen 36:  1st stage Reward: 0, Best reward: [41784.68]
Generation 35 耗时: 3.711秒
[-307.0, -1180.0, -1340.0, -17100.0, -116.0, -137.0, -378.0, -334.0, -2810.0, -15.7, -159.0, -131.0, -123.0, -1050.0, -3.58, -6000.0, -1.34, -98.2, -95.8, -720.0, -2.29, -81.4, -0.99, -82.3, -80.1, -613.0, -1.7]
[[-1070.0], [-1410.0], [-1770.0], [-21500.0], [-172.0], [-210.0], [-608.0], [-589.0], [-3770.0], [-22.8], [-215.0], [-617.0], [-130.0], [-1460.0], [-4.34], [-6250.0], [-1.55], [-120.0], [-113.0], [-794.0], [-3.77], [-124.0], [-1.08], [-88.1], [-86.2], [-653.0], [-1.84]]
[False, False, False, False, False, False, False, False, False, False, False, False, False, False, False, True, False, False, False, False, False, False, False, False, False, False, False]
[Stage 1]Gen 37:  1st stage Reward: 0, Best reward: [41784.68]
Generation 36 耗时: 3.703秒
[-276.0, -1180.0, -1330.0, -17100.0, -116.0, -137.0, -378.0, -334.0, -2810.0, -15.7, -159.0, -131.0, -123.0, -1050.0, -3.58, -6000.0, -1.34, -98.2, -95.8, -720.0, -2.29, -81.4, -0.99, -79.9, -80.1, -613.0, -1.7]
[[-1070.0], [-1410.0], [-1770.0], [-21500.0], [-172.0], [-210.0], [-608.0], [-589.0], [-3770.0], [-22.8], [-215.0], [-617.0], [-130.0], [-1460.0], [-4.34], [-6250.0], [-1.55], [-120.0], [-113.0], [-794.0], [-3.77], [-124.0], [-1.08], [-88.1], [-86.2], [-653.0], [-1.84]]
[False, False, False, False, False, False, False, False, False, False, False, False, False, False, False, True, False, False, False, False, False, False, False, False, False, False, False]
[Stage 1]Gen 38:  1st stage Reward: 0, Best reward: [41784.68]
Generation 37 耗时: 3.583秒
[-276.0, -1180.0, -1320.0, -17100.0, -116.0, -137.0, -378.0, -334.0, -2810.0, -15.7, -159.0, -131.0, -123.0, -1050.0, -3.58, -6000.0, -1.34, -98.2, -95.8, -720.0, -2.29, -81.4, -0.99, -79.3, -80.1, -613.0, -1.7]
[[-1070.0], [-1410.0], [-1770.0], [-21500.0], [-172.0], [-210.0], [-608.0], [-589.0], [-3770.0], [-22.8], [-215.0], [-617.0], [-130.0], [-1460.0], [-4.34], [-6250.0], [-1.55], [-120.0], [-113.0], [-794.0], [-3.77], [-124.0], [-1.08], [-88.1], [-86.2], [-653.0], [-1.84]]
[False, False, False, False, False, False, False, False, False, False, False, False, False, False, False, True, False, False, False, False, False, False, False, False, False, False, False]
[Stage 1]Gen 39:  1st stage Reward: 0, Best reward: [41784.68]
Generation 38 耗时: 3.718秒
[-276.0, -1180.0, -1320.0, -17100.0, -116.0, -137.0, -378.0, -334.0, -2810.0, -15.7, -159.0, -131.0, -123.0, -1050.0, -3.58, -6000.0, -1.34, -98.2, -95.8, -720.0, -2.29, -81.4, -0.99, -79.3, -80.1, -613.0, -1.7]
[[-1070.0], [-1410.0], [-1770.0], [-21500.0], [-172.0], [-210.0], [-608.0], [-589.0], [-3770.0], [-22.8], [-215.0], [-617.0], [-130.0], [-1460.0], [-4.34], [-6250.0], [-1.55], [-120.0], [-113.0], [-794.0], [-3.77], [-124.0], [-1.08], [-88.1], [-86.2], [-653.0], [-1.84]]
[False, False, False, False, False, False, False, False, False, False, False, False, False, False, False, True, False, False, False, False, False, False, False, False, False, False, False]
[Stage 1]Gen 40:  1st stage Reward: 0, Best reward: [41784.68]
Generation 39 耗时: 3.884秒
[-276.0, -1180.0, -1320.0, -17100.0, -115.0, -137.0, -378.0, -334.0, -2550.0, -15.7, -159.0, -131.0, -123.0, -1050.0, -3.58, -6000.0, -1.34, -98.2, -95.8, -720.0, -2.29, -81.4, -0.99, -78.9, -80.1, -613.0, -1.7]
[[-1070.0], [-1410.0], [-1770.0], [-21500.0], [-172.0], [-210.0], [-608.0], [-589.0], [-3770.0], [-22.8], [-215.0], [-617.0], [-130.0], [-1460.0], [-4.34], [-6250.0], [-1.55], [-120.0], [-113.0], [-794.0], [-3.77], [-124.0], [-1.08], [-88.1], [-86.2], [-653.0], [-1.84]]
[False, False, False, False, False, False, False, False, False, False, False, False, False, False, False, True, False, False, False, False, False, False, False, False, False, False, False]
[Stage 1]Gen 41:  1st stage Reward: 0, Best reward: [41784.68]
Generation 40 耗时: 3.895秒
[-276.0, -1180.0, -1320.0, -17100.0, -115.0, -137.0, -378.0, -334.0, -2550.0, -15.7, -159.0, -131.0, -123.0, -1050.0, -3.58, -6000.0, -1.34, -98.2, -95.8, -720.0, -2.29, -80.9, -0.99, -78.9, -80.1, -613.0, -1.7]
[[-1070.0], [-1410.0], [-1770.0], [-21500.0], [-172.0], [-210.0], [-608.0], [-589.0], [-3770.0], [-22.8], [-215.0], [-617.0], [-130.0], [-1460.0], [-4.34], [-6250.0], [-1.55], [-120.0], [-113.0], [-794.0], [-3.77], [-124.0], [-1.08], [-88.1], [-86.2], [-653.0], [-1.84]]
[False, False, False, False, False, False, False, False, False, False, False, False, False, False, False, True, False, False, False, False, False, False, False, False, False, False, False]
[Stage 1]Gen 42:  1st stage Reward: 0, Best reward: [41784.68]
Generation 41 耗时: 3.968秒
[-276.0, -1180.0, -1320.0, -17100.0, -112.0, -137.0, -378.0, -334.0, -2550.0, -15.7, -159.0, -131.0, -123.0, -1050.0, -3.58, -6000.0, -1.34, -98.2, -95.8, -720.0, -2.29, -80.9, -0.99, -78.8, -80.1, -613.0, -1.7]
[[-1070.0], [-1410.0], [-1770.0], [-21500.0], [-172.0], [-210.0], [-608.0], [-589.0], [-3770.0], [-22.8], [-215.0], [-617.0], [-130.0], [-1460.0], [-4.34], [-6250.0], [-1.55], [-120.0], [-113.0], [-794.0], [-3.77], [-124.0], [-1.08], [-88.1], [-86.2], [-653.0], [-1.84]]
[False, False, False, False, False, False, False, False, False, False, False, False, False, False, False, True, False, False, False, False, False, False, False, False, False, False, False]
[Stage 1]Gen 43:  1st stage Reward: 0, Best reward: [41784.68]
Generation 42 耗时: 4.113秒
[-276.0, -1180.0, -1320.0, -17100.0, -112.0, -137.0, -378.0, -334.0, -2550.0, -15.7, -152.0, -131.0, -123.0, -1050.0, -3.58, -6000.0, -1.34, -98.2, -95.8, -720.0, -2.29, -80.9, -0.99, -78.8, -80.1, -613.0, -1.7]
[[-1070.0], [-1410.0], [-1770.0], [-21500.0], [-172.0], [-210.0], [-608.0], [-589.0], [-3770.0], [-22.8], [-215.0], [-617.0], [-130.0], [-1460.0], [-4.34], [-6250.0], [-1.55], [-120.0], [-113.0], [-794.0], [-3.77], [-124.0], [-1.08], [-88.1], [-86.2], [-653.0], [-1.84]]
[False, False, False, False, False, False, False, False, False, False, False, False, False, False, False, True, False, False, False, False, False, False, False, False, False, False, False]
[Stage 1]Gen 44:  1st stage Reward: 0, Best reward: [41784.68]
Generation 43 耗时: 4.173秒
[-276.0, -1180.0, -1320.0, -12300.0, -112.0, -137.0, -378.0, -334.0, -2550.0, -15.7, -152.0, -131.0, -123.0, -1050.0, -3.58, -6000.0, -1.34, -98.2, -95.8, -720.0, -2.29, -80.9, -0.99, -78.8, -80.1, -613.0, -1.7]
[[-1070.0], [-1410.0], [-1770.0], [-21500.0], [-172.0], [-210.0], [-608.0], [-589.0], [-3770.0], [-22.8], [-215.0], [-617.0], [-130.0], [-1460.0], [-4.34], [-6250.0], [-1.55], [-120.0], [-113.0], [-794.0], [-3.77], [-124.0], [-1.08], [-88.1], [-86.2], [-653.0], [-1.84]]
[False, False, False, False, False, False, False, False, False, False, False, False, False, False, False, True, False, False, False, False, False, False, False, False, False, False, False]
[Stage 1]Gen 45:  1st stage Reward: 0, Best reward: [41784.68]
Generation 44 耗时: 4.255秒
[-276.0, -1180.0, -1320.0, -11900.0, -112.0, -137.0, -378.0, -334.0, -2550.0, -15.7, -152.0, -131.0, -123.0, -1050.0, -3.58, -6000.0, -1.34, -98.2, -95.8, -720.0, -2.29, -80.9, -0.99, -78.8, -80.1, -613.0, -1.7]
[[-325.0], [-1520.0], [-1550.0], [-12300.0], [-121.0], [-178.0], [-1110.0], [-417.0], [-2950.0], [-18.4], [-162.0], [-471.0], [-236.0], [-1210.0], [-4.14], [-6600.0], [-1.42], [-107.0], [-102.0], [-921.0], [-2.44], [-86.4], [-1.05], [-82.5], [-172.0], [-2250.0], [-2.01]]
[False, False, False, False, False, False, False, False, False, False, False, False, False, False, False, True, False, False, False, False, False, False, False, False, False, False, False]
[Stage 1]Gen 46:  1st stage Reward: 0, Best reward: [32900.36]
Generation 45 耗时: 4.224秒
[-276.0, -1180.0, -1270.0, -11600.0, -112.0, -137.0, -378.0, -334.0, -2550.0, -15.7, -152.0, -131.0, -123.0, -1050.0, -3.58, -6000.0, -1.34, -98.2, -95.8, -720.0, -2.29, -80.9, -0.99, -78.8, -80.1, -613.0, -1.7]
[[-325.0], [-1520.0], [-1550.0], [-12300.0], [-121.0], [-178.0], [-1110.0], [-417.0], [-2950.0], [-18.4], [-162.0], [-471.0], [-236.0], [-1210.0], [-4.14], [-6600.0], [-1.42], [-107.0], [-102.0], [-921.0], [-2.44], [-86.4], [-1.05], [-82.5], [-172.0], [-2250.0], [-2.01]]
[False, False, False, True, False, False, False, False, False, False, False, False, False, False, False, True, False, False, False, False, False, False, False, False, False, False, False]
[Stage 1]Gen 47:  1st stage Reward: 0, Best reward: [32900.36]
Generation 46 耗时: 4.483秒
[-276.0, -1180.0, -1270.0, -11600.0, -112.0, -137.0, -378.0, -334.0, -2550.0, -15.7, -152.0, -131.0, -123.0, -1050.0, -3.58, -6000.0, -1.34, -98.2, -95.8, -720.0, -2.29, -80.9, -0.99, -78.8, -80.1, -613.0, -1.7]
[[-325.0], [-1520.0], [-1550.0], [-12300.0], [-121.0], [-178.0], [-1110.0], [-417.0], [-2950.0], [-18.4], [-162.0], [-471.0], [-236.0], [-1210.0], [-4.14], [-6600.0], [-1.42], [-107.0], [-102.0], [-921.0], [-2.44], [-86.4], [-1.05], [-82.5], [-172.0], [-2250.0], [-2.01]]
[False, False, False, True, False, False, False, False, False, False, False, False, False, False, False, True, False, False, False, False, False, False, False, False, False, False, False]
[Stage 1]Gen 48:  1st stage Reward: 0, Best reward: [32900.36]
Generation 47 耗时: 4.523秒
[-276.0, -1180.0, -1270.0, -11600.0, -112.0, -137.0, -378.0, -334.0, -2550.0, -15.7, -152.0, -131.0, -123.0, -1050.0, -3.58, -6000.0, -1.34, -98.2, -95.8, -720.0, -2.29, -80.9, -0.99, -78.8, -80.1, -613.0, -1.7]
[[-325.0], [-1520.0], [-1450.0], [-12300.0], [-121.0], [-178.0], [-462.0], [-606.0], [-2950.0], [-62.7], [-162.0], [-160.0], [-258.0], [-1210.0], [-6.15], [-6600.0], [-1.42], [-1690.0], [-102.0], [-763.0], [-2.44], [-90.1], [-1.29], [-82.5], [-84.9], [-639.0], [-1.86]]
[False, False, False, True, False, False, False, False, False, False, False, False, False, False, False, True, False, False, False, False, False, False, False, False, False, False, False]
[Stage 1]Gen 49:  1st stage Reward: 0, Best reward: [31829.36]
Generation 48 耗时: 4.912秒
[-276.0, -1180.0, -1270.0, -11600.0, -112.0, -137.0, -378.0, -334.0, -2550.0, -15.7, -152.0, -131.0, -123.0, -1050.0, -3.58, -6000.0, -1.34, -98.2, -95.8, -720.0, -2.29, -80.9, -0.99, -78.8, -80.1, -613.0, -1.7]
[[-325.0], [-1520.0], [-1450.0], [-12300.0], [-121.0], [-178.0], [-462.0], [-606.0], [-2950.0], [-62.7], [-162.0], [-160.0], [-258.0], [-1210.0], [-6.15], [-6600.0], [-1.42], [-1690.0], [-102.0], [-763.0], [-2.44], [-90.1], [-1.29], [-82.5], [-84.9], [-639.0], [-1.86]]
[False, False, False, True, False, False, False, False, False, False, False, False, False, False, False, True, False, False, False, False, False, False, False, False, False, False, False]
[Stage 1]Gen 50:  1st stage Reward: 0, Best reward: [31829.36]
Generation 49 耗时: 3.741秒
[-276.0, -1180.0, -1270.0, -11600.0, -112.0, -137.0, -378.0, -334.0, -2550.0, -15.7, -152.0, -131.0, -123.0, -1050.0, -3.58, -6000.0, -1.34, -98.2, -95.8, -720.0, -2.29, -80.9, -0.99, -78.8, -80.1, -613.0, -1.7]
[[-325.0], [-1520.0], [-1450.0], [-12300.0], [-121.0], [-178.0], [-462.0], [-606.0], [-2950.0], [-62.7], [-162.0], [-160.0], [-258.0], [-1210.0], [-6.15], [-6600.0], [-1.42], [-1690.0], [-102.0], [-763.0], [-2.44], [-90.1], [-1.29], [-82.5], [-84.9], [-639.0], [-1.86]]
[False, False, False, True, False, False, False, False, False, False, False, False, False, False, False, True, False, False, False, False, False, False, False, False, False, False, False]
[Stage 1]Gen 51:  1st stage Reward: 0, Best reward: [31829.36]
Generation 50 耗时: 3.489秒
[-276.0, -1180.0, -1270.0, -11600.0, -112.0, -137.0, -378.0, -334.0, -2550.0, -15.7, -152.0, -131.0, -123.0, -1050.0, -3.58, -6000.0, -1.34, -98.2, -95.8, -720.0, -2.29, -80.9, -0.99, -78.8, -80.1, -613.0, -1.7]
[[-325.0], [-1520.0], [-1450.0], [-12300.0], [-121.0], [-178.0], [-462.0], [-606.0], [-2950.0], [-62.7], [-162.0], [-160.0], [-258.0], [-1210.0], [-6.15], [-6600.0], [-1.42], [-1690.0], [-102.0], [-763.0], [-2.44], [-90.1], [-1.29], [-82.5], [-84.9], [-639.0], [-1.86]]
[False, False, False, True, False, False, False, False, False, False, False, False, False, False, False, True, False, False, False, False, False, False, False, False, False, False, False]
[Stage 1]Gen 52:  1st stage Reward: 0, Best reward: [31829.36]
Generation 51 耗时: 3.547秒
[-276.0, -1180.0, -1270.0, -11600.0, -112.0, -137.0, -378.0, -334.0, -2550.0, -15.7, -152.0, -131.0, -123.0, -1050.0, -3.58, -6000.0, -1.34, -98.2, -95.8, -720.0, -2.29, -80.9, -0.99, -78.8, -80.1, -613.0, -1.7]
[[-325.0], [-1520.0], [-1450.0], [-12300.0], [-121.0], [-178.0], [-462.0], [-606.0], [-2950.0], [-62.7], [-162.0], [-160.0], [-258.0], [-1210.0], [-6.15], [-6600.0], [-1.42], [-1690.0], [-102.0], [-763.0], [-2.44], [-90.1], [-1.29], [-82.5], [-84.9], [-639.0], [-1.86]]
[False, False, False, True, False, False, False, False, False, False, False, False, False, False, False, True, False, False, False, False, False, False, False, False, False, False, False]
[Stage 1]Gen 53:  1st stage Reward: 0, Best reward: [31829.36]
Generation 52 耗时: 3.507秒
[-276.0, -1180.0, -1270.0, -11600.0, -112.0, -137.0, -378.0, -334.0, -2550.0, -15.7, -150.0, -131.0, -123.0, -1050.0, -3.58, -6000.0, -1.34, -98.2, -95.8, -720.0, -2.29, -80.9, -0.99, -78.8, -80.1, -613.0, -1.7]
[[-325.0], [-1520.0], [-1450.0], [-12300.0], [-121.0], [-178.0], [-462.0], [-606.0], [-2950.0], [-62.7], [-162.0], [-160.0], [-258.0], [-1210.0], [-6.15], [-6600.0], [-1.42], [-1690.0], [-102.0], [-763.0], [-2.44], [-90.1], [-1.29], [-82.5], [-84.9], [-639.0], [-1.86]]
[False, False, False, True, False, False, False, False, False, False, False, False, False, False, False, True, False, False, False, False, False, False, False, False, False, False, False]
[Stage 1]Gen 54:  1st stage Reward: 0, Best reward: [31829.36]
Generation 53 耗时: 3.783秒
[-276.0, -1180.0, -1270.0, -11600.0, -112.0, -137.0, -378.0, -334.0, -2550.0, -15.7, -150.0, -131.0, -123.0, -1050.0, -3.58, -6000.0, -1.34, -98.2, -95.8, -720.0, -2.29, -80.9, -0.99, -78.8, -80.1, -613.0, -1.7]
[[-325.0], [-1520.0], [-1450.0], [-12300.0], [-121.0], [-178.0], [-462.0], [-606.0], [-2950.0], [-62.7], [-162.0], [-160.0], [-258.0], [-1210.0], [-6.15], [-6600.0], [-1.42], [-1690.0], [-102.0], [-763.0], [-2.44], [-90.1], [-1.29], [-82.5], [-84.9], [-639.0], [-1.86]]
[False, False, False, True, False, False, False, False, False, False, False, False, False, False, False, True, False, False, False, False, False, False, False, False, False, False, False]
[Stage 1]Gen 55:  1st stage Reward: 0, Best reward: [31829.36]
Generation 54 耗时: 3.812秒
[-276.0, -1180.0, -1270.0, -11600.0, -112.0, -137.0, -378.0, -334.0, -2550.0, -15.7, -150.0, -131.0, -123.0, -1050.0, -3.58, -6000.0, -1.34, -98.2, -95.8, -720.0, -2.29, -80.9, -0.99, -78.8, -80.1, -613.0, -1.7]
[[-1160.0], [-1310.0], [-1290.0], [-12100.0], [-120.0], [-164.0], [-458.0], [-360.0], [-2780.0], [-18.2], [-153.0], [-138.0], [-127.0], [-1200.0], [-3.71], [-6210.0], [-2.14], [-106.0], [-102.0], [-877.0], [-2.42], [-95.7], [-1.08], [-82.4], [-96.4], [-638.0], [-1.78]]
[False, False, False, True, False, False, False, False, False, False, False, False, False, False, False, True, False, False, False, False, False, False, False, False, False, False, False]
[Stage 1]Gen 56:  1st stage Reward: 0, Best reward: [29596.83]
Generation 55 耗时: 3.704秒
[-276.0, -1180.0, -1270.0, -11600.0, -112.0, -137.0, -378.0, -334.0, -2550.0, -15.7, -150.0, -131.0, -123.0, -1050.0, -3.58, -6000.0, -1.34, -98.2, -95.8, -720.0, -2.29, -80.9, -0.99, -78.8, -80.1, -613.0, -1.7]
[[-323.0], [-1480.0], [-1430.0], [-12100.0], [-120.0], [-178.0], [-453.0], [-415.0], [-2880.0], [-17.9], [-153.0], [-170.0], [-195.0], [-1210.0], [-4.11], [-6520.0], [-2.27], [-106.0], [-101.0], [-754.0], [-2.42], [-133.0], [-1.03], [-81.4], [-83.8], [-631.0], [-1.84]]
[False, False, True, True, False, False, False, False, True, False, False, False, False, False, False, True, False, False, False, False, False, False, False, False, False, False, False]
[Stage 1]Gen 57:  1st stage Reward: 0, Best reward: [29546.77]
Generation 56 耗时: 3.761秒
[-276.0, -1180.0, -1270.0, -11600.0, -112.0, -137.0, -378.0, -334.0, -2550.0, -15.7, -150.0, -131.0, -123.0, -1050.0, -3.58, -6000.0, -1.34, -98.2, -95.8, -720.0, -2.29, -80.9, -0.99, -78.8, -80.1, -613.0, -1.7]
[[-323.0], [-1480.0], [-1430.0], [-12100.0], [-120.0], [-178.0], [-453.0], [-415.0], [-2880.0], [-17.9], [-153.0], [-170.0], [-195.0], [-1210.0], [-4.11], [-6520.0], [-2.27], [-106.0], [-101.0], [-754.0], [-2.42], [-133.0], [-1.03], [-81.4], [-83.8], [-631.0], [-1.84]]
[False, False, True, True, False, False, False, False, True, False, False, False, False, False, False, True, False, False, False, False, False, False, False, False, False, False, False]
[Stage 1]Gen 58:  1st stage Reward: 0, Best reward: [29546.77]
Generation 57 耗时: 3.809秒
[-276.0, -1180.0, -1270.0, -11600.0, -112.0, -137.0, -378.0, -334.0, -2550.0, -15.7, -150.0, -131.0, -123.0, -1050.0, -3.58, -6000.0, -1.34, -98.2, -95.8, -720.0, -2.29, -80.9, -0.99, -78.8, -80.1, -613.0, -1.7]
[[-323.0], [-1480.0], [-1430.0], [-12100.0], [-120.0], [-178.0], [-453.0], [-415.0], [-2880.0], [-17.9], [-153.0], [-170.0], [-195.0], [-1210.0], [-4.11], [-6520.0], [-2.27], [-106.0], [-101.0], [-754.0], [-2.42], [-133.0], [-1.03], [-81.4], [-83.8], [-631.0], [-1.84]]
[False, False, True, True, False, False, False, False, True, False, False, False, False, False, False, True, False, False, False, False, False, False, False, False, False, False, False]
[Stage 1]Gen 59:  1st stage Reward: 0, Best reward: [29546.77]
Generation 58 耗时: 3.798秒
[-276.0, -1180.0, -1270.0, -11600.0, -109.0, -137.0, -378.0, -334.0, -2550.0, -15.7, -150.0, -131.0, -123.0, -1050.0, -3.58, -6000.0, -1.34, -98.2, -95.8, -720.0, -2.29, -80.9, -0.99, -78.8, -80.1, -613.0, -1.7]
[[-323.0], [-1480.0], [-1430.0], [-12100.0], [-120.0], [-178.0], [-453.0], [-415.0], [-2880.0], [-17.9], [-153.0], [-170.0], [-195.0], [-1210.0], [-4.11], [-6520.0], [-2.27], [-106.0], [-101.0], [-754.0], [-2.42], [-133.0], [-1.03], [-81.4], [-83.8], [-631.0], [-1.84]]
[False, False, True, True, False, False, False, False, True, False, False, False, False, False, False, True, False, False, False, False, False, False, False, False, False, False, False]
[Stage 1]Gen 60:  1st stage Reward: 0, Best reward: [29546.77]
Generation 59 耗时: 3.891秒
[-276.0, -1180.0, -1270.0, -11600.0, -109.0, -137.0, -378.0, -334.0, -2550.0, -15.7, -150.0, -131.0, -123.0, -1050.0, -3.58, -6000.0, -1.34, -98.2, -95.8, -720.0, -2.29, -80.6, -0.99, -78.8, -78.8, -613.0, -1.7]
[[-323.0], [-1480.0], [-1430.0], [-12100.0], [-120.0], [-178.0], [-453.0], [-415.0], [-2880.0], [-17.9], [-153.0], [-170.0], [-195.0], [-1210.0], [-4.11], [-6520.0], [-2.27], [-106.0], [-101.0], [-754.0], [-2.42], [-133.0], [-1.03], [-81.4], [-83.8], [-631.0], [-1.84]]
[False, False, True, True, False, False, False, False, True, False, False, False, False, False, False, True, False, False, False, False, False, False, False, False, False, False, False]
[Stage 1]Gen 61:  1st stage Reward: 0, Best reward: [29546.77]
Generation 60 耗时: 4.040秒
[-276.0, -1180.0, -1230.0, -11500.0, -106.0, -137.0, -378.0, -334.0, -2550.0, -15.7, -150.0, -131.0, -123.0, -1050.0, -3.58, -5990.0, -1.34, -98.2, -95.8, -720.0, -2.29, -80.0, -0.99, -78.8, -77.8, -613.0, -1.7]
[[-323.0], [-1480.0], [-1430.0], [-12100.0], [-120.0], [-178.0], [-453.0], [-415.0], [-2880.0], [-17.9], [-153.0], [-170.0], [-195.0], [-1210.0], [-4.11], [-6520.0], [-2.27], [-106.0], [-101.0], [-754.0], [-2.42], [-133.0], [-1.03], [-81.4], [-83.8], [-631.0], [-1.84]]
[False, False, True, True, False, False, False, False, True, False, False, False, False, False, False, True, False, False, False, False, False, False, False, False, False, False, False]
[Stage 1]Gen 62:  1st stage Reward: 0, Best reward: [29546.77]
Generation 61 耗时: 3.815秒
[-276.0, -1180.0, -1230.0, -11500.0, -106.0, -137.0, -378.0, -334.0, -2550.0, -15.7, -150.0, -131.0, -123.0, -1010.0, -3.58, -5990.0, -1.34, -98.2, -95.8, -720.0, -2.29, -80.0, -0.99, -78.8, -77.8, -613.0, -1.7]
[[-323.0], [-1480.0], [-1430.0], [-12100.0], [-120.0], [-178.0], [-453.0], [-415.0], [-2880.0], [-17.9], [-153.0], [-170.0], [-195.0], [-1210.0], [-4.11], [-6520.0], [-2.27], [-106.0], [-101.0], [-754.0], [-2.42], [-133.0], [-1.03], [-81.4], [-83.8], [-631.0], [-1.84]]
[False, False, True, True, False, False, False, False, True, False, False, False, False, False, False, True, False, False, False, False, False, False, False, False, False, False, False]
[Stage 1]Gen 63:  1st stage Reward: 0, Best reward: [29546.77]
Generation 62 耗时: 3.857秒
[-276.0, -1180.0, -1230.0, -11500.0, -106.0, -137.0, -378.0, -334.0, -2550.0, -15.7, -150.0, -131.0, -123.0, -954.0, -3.58, -5990.0, -1.34, -98.2, -95.8, -720.0, -2.29, -80.0, -0.99, -78.8, -77.8, -613.0, -1.7]
[[-323.0], [-1480.0], [-1430.0], [-12100.0], [-120.0], [-178.0], [-453.0], [-415.0], [-2880.0], [-17.9], [-153.0], [-170.0], [-195.0], [-1210.0], [-4.11], [-6520.0], [-2.27], [-106.0], [-101.0], [-754.0], [-2.42], [-133.0], [-1.03], [-81.4], [-83.8], [-631.0], [-1.84]]
[False, False, True, True, False, False, False, False, True, False, False, False, False, False, False, True, False, False, False, False, False, False, False, False, False, False, False]
[Stage 1]Gen 64:  1st stage Reward: 0, Best reward: [29546.77]
Generation 63 耗时: 3.783秒
[-276.0, -1180.0, -1230.0, -11500.0, -106.0, -137.0, -378.0, -334.0, -2550.0, -15.7, -150.0, -131.0, -123.0, -954.0, -3.58, -5990.0, -1.34, -98.2, -95.8, -720.0, -2.29, -80.0, -0.99, -78.8, -77.7, -613.0, -1.7]
[[-323.0], [-1480.0], [-1430.0], [-12100.0], [-120.0], [-178.0], [-453.0], [-415.0], [-2880.0], [-17.9], [-153.0], [-170.0], [-195.0], [-1210.0], [-4.11], [-6520.0], [-2.27], [-106.0], [-101.0], [-754.0], [-2.42], [-133.0], [-1.03], [-81.4], [-83.8], [-631.0], [-1.84]]
[False, False, True, True, False, False, False, False, True, False, False, False, False, False, False, True, False, False, False, False, False, False, False, False, False, False, False]
[Stage 1]Gen 65:  1st stage Reward: 0, Best reward: [29546.77]
Generation 64 耗时: 4.154秒
[-276.0, -1180.0, -1230.0, -11500.0, -106.0, -137.0, -378.0, -334.0, -2550.0, -15.7, -150.0, -131.0, -123.0, -954.0, -3.58, -5990.0, -1.34, -98.2, -95.8, -720.0, -2.29, -80.0, -0.99, -78.8, -77.7, -613.0, -1.7]
[[-323.0], [-1480.0], [-1430.0], [-12100.0], [-120.0], [-178.0], [-453.0], [-415.0], [-2880.0], [-17.9], [-153.0], [-170.0], [-195.0], [-1210.0], [-4.11], [-6520.0], [-2.27], [-106.0], [-101.0], [-754.0], [-2.42], [-133.0], [-1.03], [-81.4], [-83.8], [-631.0], [-1.84]]
[False, False, True, True, False, False, False, False, True, False, False, False, False, False, False, True, False, False, False, False, False, False, False, False, False, False, False]
[Stage 1]Gen 66:  1st stage Reward: 0, Best reward: [29546.77]
Generation 65 耗时: 4.085秒
[-276.0, -1180.0, -1230.0, -11500.0, -106.0, -137.0, -378.0, -334.0, -2550.0, -15.7, -150.0, -131.0, -123.0, -954.0, -3.58, -5990.0, -1.34, -98.2, -95.8, -720.0, -2.29, -80.0, -0.99, -78.8, -77.7, -613.0, -1.7]
[[-323.0], [-1480.0], [-1430.0], [-12100.0], [-120.0], [-178.0], [-453.0], [-415.0], [-2880.0], [-17.9], [-153.0], [-170.0], [-195.0], [-1210.0], [-4.11], [-6520.0], [-2.27], [-106.0], [-101.0], [-754.0], [-2.42], [-133.0], [-1.03], [-81.4], [-83.8], [-631.0], [-1.84]]
[False, False, True, True, False, False, False, False, True, False, False, False, False, False, False, True, False, False, False, False, False, False, False, False, False, False, False]
[Stage 1]Gen 67:  1st stage Reward: 0, Best reward: [29546.77]
Generation 66 耗时: 4.101秒
[-276.0, -1180.0, -1230.0, -11500.0, -106.0, -137.0, -378.0, -334.0, -2550.0, -15.7, -150.0, -131.0, -123.0, -948.0, -3.58, -5990.0, -1.34, -98.2, -95.8, -720.0, -2.29, -80.0, -0.99, -78.8, -77.4, -613.0, -1.7]
[[-323.0], [-1480.0], [-1430.0], [-12100.0], [-120.0], [-178.0], [-453.0], [-415.0], [-2880.0], [-17.9], [-153.0], [-170.0], [-195.0], [-1210.0], [-4.11], [-6520.0], [-2.27], [-106.0], [-101.0], [-754.0], [-2.42], [-133.0], [-1.03], [-81.4], [-83.8], [-631.0], [-1.84]]
[False, False, True, True, False, False, False, False, True, False, False, False, False, False, False, True, False, False, False, False, False, False, False, False, False, False, False]
[Stage 1]Gen 68:  1st stage Reward: 0, Best reward: [29546.77]
Generation 67 耗时: 3.628秒
[-276.0, -1180.0, -1230.0, -11500.0, -106.0, -137.0, -378.0, -334.0, -2550.0, -15.7, -150.0, -131.0, -123.0, -945.0, -3.58, -5990.0, -1.34, -98.2, -95.8, -720.0, -2.29, -80.0, -0.99, -78.8, -77.4, -613.0, -1.7]
[[-323.0], [-1480.0], [-1430.0], [-12100.0], [-120.0], [-178.0], [-453.0], [-415.0], [-2880.0], [-17.9], [-153.0], [-170.0], [-195.0], [-1210.0], [-4.11], [-6520.0], [-2.27], [-106.0], [-101.0], [-754.0], [-2.42], [-133.0], [-1.03], [-81.4], [-83.8], [-631.0], [-1.84]]
[False, False, True, True, False, False, False, False, True, False, False, False, False, False, False, True, False, False, False, False, False, False, False, False, False, False, False]
[Stage 1]Gen 69:  1st stage Reward: 0, Best reward: [29546.77]
Generation 68 耗时: 3.825秒
[-276.0, -1180.0, -1230.0, -11500.0, -106.0, -137.0, -378.0, -334.0, -2550.0, -15.7, -150.0, -131.0, -123.0, -945.0, -3.58, -5990.0, -1.34, -98.2, -95.8, -720.0, -2.29, -80.0, -0.99, -78.8, -77.4, -613.0, -1.7]
[[-323.0], [-1480.0], [-1430.0], [-12100.0], [-120.0], [-178.0], [-453.0], [-415.0], [-2880.0], [-17.9], [-153.0], [-170.0], [-195.0], [-1210.0], [-4.11], [-6520.0], [-2.27], [-106.0], [-101.0], [-754.0], [-2.42], [-133.0], [-1.03], [-81.4], [-83.8], [-631.0], [-1.84]]
[False, False, True, True, False, False, False, False, True, False, False, False, False, False, False, True, False, False, False, False, False, False, False, False, False, False, False]
[Stage 1]Gen 70:  1st stage Reward: 0, Best reward: [29546.77]
Generation 69 耗时: 4.099秒
[-276.0, -1180.0, -1230.0, -11500.0, -106.0, -137.0, -378.0, -334.0, -2550.0, -15.7, -150.0, -131.0, -123.0, -945.0, -3.58, -5990.0, -1.34, -98.2, -95.8, -720.0, -2.29, -80.0, -0.99, -78.8, -77.4, -613.0, -1.7]
[[-323.0], [-1480.0], [-1430.0], [-12100.0], [-120.0], [-178.0], [-453.0], [-415.0], [-2880.0], [-17.9], [-153.0], [-170.0], [-195.0], [-1210.0], [-4.11], [-6520.0], [-2.27], [-106.0], [-101.0], [-754.0], [-2.42], [-133.0], [-1.03], [-81.4], [-83.8], [-631.0], [-1.84]]
[False, False, True, True, False, False, False, False, True, False, False, False, False, False, False, True, False, False, False, False, False, False, False, False, False, False, False]
[Stage 1]Gen 71:  1st stage Reward: 0, Best reward: [29546.77]
Generation 70 耗时: 3.864秒
[-276.0, -1180.0, -1230.0, -11500.0, -106.0, -137.0, -378.0, -334.0, -2550.0, -15.7, -150.0, -131.0, -123.0, -945.0, -3.58, -5990.0, -1.34, -98.2, -95.8, -720.0, -2.29, -80.0, -0.99, -78.8, -77.4, -613.0, -1.7]
[[-323.0], [-1480.0], [-1430.0], [-12100.0], [-120.0], [-178.0], [-453.0], [-415.0], [-2880.0], [-17.9], [-153.0], [-170.0], [-195.0], [-1210.0], [-4.11], [-6520.0], [-2.27], [-106.0], [-101.0], [-754.0], [-2.42], [-133.0], [-1.03], [-81.4], [-83.8], [-631.0], [-1.84]]
[False, False, True, True, False, False, False, False, True, False, False, False, False, False, False, True, False, False, False, False, False, False, False, False, False, False, False]
[Stage 1]Gen 72:  1st stage Reward: 0, Best reward: [29546.77]
Generation 71 耗时: 3.864秒
[-276.0, -1180.0, -1230.0, -11500.0, -106.0, -137.0, -378.0, -334.0, -2550.0, -15.7, -150.0, -131.0, -123.0, -945.0, -3.58, -5990.0, -1.34, -98.2, -95.8, -720.0, -2.29, -80.0, -0.99, -78.8, -77.4, -613.0, -1.7]
[[-365.0], [-1900.0], [-1270.0], [-11900.0], [-109.0], [-164.0], [-448.0], [-359.0], [-2710.0], [-17.6], [-152.0], [-137.0], [-126.0], [-1400.0], [-4.89], [-6140.0], [-16.9], [-105.0], [-129.0], [-1130.0], [-2.4], [-124.0], [-1.03], [-81.3], [-78.8], [-669.0], [-1.76]]
[False, False, True, True, False, False, False, False, True, False, False, False, False, False, False, True, False, False, False, False, False, False, False, False, False, False, False]
[Stage 1]Gen 73:  1st stage Reward: 0, Best reward: [29541.68]
Generation 72 耗时: 3.850秒
[-276.0, -1180.0, -1210.0, -11300.0, -105.0, -137.0, -378.0, -315.0, -2520.0, -15.7, -150.0, -131.0, -123.0, -945.0, -3.58, -5930.0, -1.34, -98.2, -95.8, -720.0, -2.29, -79.1, -0.99, -78.1, -77.4, -613.0, -1.69]
[[-365.0], [-1900.0], [-1270.0], [-11900.0], [-109.0], [-164.0], [-448.0], [-359.0], [-2710.0], [-17.6], [-152.0], [-137.0], [-126.0], [-1400.0], [-4.89], [-6140.0], [-16.9], [-105.0], [-129.0], [-1130.0], [-2.4], [-124.0], [-1.03], [-81.3], [-78.8], [-669.0], [-1.76]]
[False, False, True, True, False, False, False, False, True, False, False, False, False, False, False, True, False, False, False, False, False, False, False, False, False, False, False]
[Stage 1]Gen 74:  1st stage Reward: 0, Best reward: [29541.68]
Generation 73 耗时: 3.895秒
[-276.0, -1180.0, -1210.0, -11300.0, -105.0, -137.0, -378.0, -303.0, -2520.0, -15.7, -150.0, -131.0, -123.0, -945.0, -3.58, -5930.0, -1.34, -98.2, -95.8, -720.0, -2.29, -79.1, -0.99, -78.1, -77.4, -613.0, -1.69]
[[-365.0], [-1900.0], [-1270.0], [-11900.0], [-109.0], [-164.0], [-448.0], [-359.0], [-2710.0], [-17.6], [-152.0], [-137.0], [-126.0], [-1400.0], [-4.89], [-6140.0], [-16.9], [-105.0], [-129.0], [-1130.0], [-2.4], [-124.0], [-1.03], [-81.3], [-78.8], [-669.0], [-1.76]]
[False, False, True, True, False, False, False, False, True, False, False, False, False, False, False, True, False, False, False, False, False, False, False, False, False, False, False]
[Stage 1]Gen 75:  1st stage Reward: 0, Best reward: [29541.68]
Generation 74 耗时: 3.935秒
[-276.0, -1180.0, -1210.0, -11300.0, -105.0, -137.0, -378.0, -301.0, -2520.0, -15.7, -150.0, -131.0, -123.0, -945.0, -3.58, -5930.0, -1.34, -98.2, -95.8, -720.0, -2.29, -79.1, -0.99, -78.1, -77.4, -613.0, -1.69]
[[-365.0], [-1900.0], [-1270.0], [-11900.0], [-109.0], [-164.0], [-448.0], [-359.0], [-2710.0], [-17.6], [-152.0], [-137.0], [-126.0], [-1400.0], [-4.89], [-6140.0], [-16.9], [-105.0], [-129.0], [-1130.0], [-2.4], [-124.0], [-1.03], [-81.3], [-78.8], [-669.0], [-1.76]]
[False, False, True, True, False, False, False, False, True, False, False, False, False, False, False, True, False, False, False, False, False, False, False, False, False, False, False]
[Stage 1]Gen 76:  1st stage Reward: 0, Best reward: [29541.68]
Generation 75 耗时: 4.261秒
[-276.0, -1180.0, -1210.0, -11300.0, -105.0, -137.0, -378.0, -300.0, -2520.0, -15.7, -150.0, -131.0, -123.0, -945.0, -3.58, -5930.0, -1.34, -98.2, -95.8, -720.0, -2.29, -79.1, -0.99, -78.1, -77.4, -613.0, -1.69]
[[-365.0], [-1900.0], [-1270.0], [-11900.0], [-109.0], [-164.0], [-448.0], [-359.0], [-2710.0], [-17.6], [-152.0], [-137.0], [-126.0], [-1400.0], [-4.89], [-6140.0], [-16.9], [-105.0], [-129.0], [-1130.0], [-2.4], [-124.0], [-1.03], [-81.3], [-78.8], [-669.0], [-1.76]]
[False, False, True, True, False, False, False, False, True, False, False, False, False, False, False, True, False, False, False, False, False, False, False, False, False, False, False]
[Stage 1]Gen 77:  1st stage Reward: 0, Best reward: [29541.68]
Generation 76 耗时: 3.925秒
[-276.0, -1180.0, -1210.0, -11300.0, -105.0, -137.0, -378.0, -292.0, -2520.0, -15.7, -150.0, -131.0, -123.0, -942.0, -3.58, -5930.0, -1.34, -98.2, -95.8, -720.0, -2.29, -79.1, -0.99, -78.1, -77.4, -613.0, -1.69]
[[-365.0], [-1900.0], [-1270.0], [-11900.0], [-109.0], [-164.0], [-448.0], [-359.0], [-2710.0], [-17.6], [-152.0], [-137.0], [-126.0], [-1400.0], [-4.89], [-6140.0], [-16.9], [-105.0], [-129.0], [-1130.0], [-2.4], [-124.0], [-1.03], [-81.3], [-78.8], [-669.0], [-1.76]]
[False, False, True, True, False, False, False, False, True, False, False, False, False, False, False, True, False, False, False, False, False, False, False, False, False, False, False]
[Stage 1]Gen 78:  1st stage Reward: 0, Best reward: [29541.68]
Generation 77 耗时: 3.998秒
[-276.0, -1180.0, -1210.0, -11300.0, -105.0, -137.0, -378.0, -281.0, -2520.0, -15.7, -150.0, -131.0, -123.0, -931.0, -3.58, -5930.0, -1.34, -98.2, -95.8, -720.0, -2.29, -79.1, -0.99, -78.1, -77.0, -613.0, -1.69]
[[-365.0], [-1900.0], [-1270.0], [-11900.0], [-109.0], [-164.0], [-448.0], [-359.0], [-2710.0], [-17.6], [-152.0], [-137.0], [-126.0], [-1400.0], [-4.89], [-6140.0], [-16.9], [-105.0], [-129.0], [-1130.0], [-2.4], [-124.0], [-1.03], [-81.3], [-78.8], [-669.0], [-1.76]]
[False, False, True, True, False, False, False, False, True, False, False, False, False, False, False, True, False, False, False, False, False, False, False, False, False, False, False]
[Stage 1]Gen 79:  1st stage Reward: 0, Best reward: [29541.68]
Generation 78 耗时: 4.077秒
[-276.0, -1180.0, -1210.0, -11300.0, -105.0, -137.0, -378.0, -281.0, -2520.0, -15.7, -150.0, -131.0, -123.0, -931.0, -3.58, -5930.0, -1.34, -98.2, -95.8, -720.0, -2.29, -79.1, -0.99, -78.1, -77.0, -613.0, -1.69]
[[-323.0], [-1480.0], [-1430.0], [-12100.0], [-125.0], [-178.0], [-453.0], [-315.0], [-2880.0], [-17.9], [-153.0], [-186.0], [-140.0], [-1020.0], [-4.11], [-6520.0], [-1.41], [-106.0], [-101.0], [-754.0], [-2.42], [-102.0], [-1.03], [-81.4], [-79.9], [-631.0], [-1.84]]
[False, False, True, True, False, False, False, False, True, False, False, False, False, False, False, True, False, False, False, False, False, False, False, False, False, False, False]
[Stage 1]Gen 80:  1st stage Reward: 0, Best reward: [29187.01]
Generation 79 耗时: 3.940秒
[-276.0, -1180.0, -1210.0, -11300.0, -105.0, -137.0, -378.0, -281.0, -2520.0, -15.7, -150.0, -131.0, -123.0, -931.0, -3.58, -5930.0, -1.34, -98.2, -95.8, -720.0, -2.29, -79.1, -0.99, -78.1, -77.0, -613.0, -1.69]
[[-323.0], [-1480.0], [-1430.0], [-12100.0], [-125.0], [-178.0], [-453.0], [-315.0], [-2880.0], [-17.9], [-153.0], [-186.0], [-140.0], [-1020.0], [-4.11], [-6520.0], [-1.41], [-106.0], [-101.0], [-754.0], [-2.42], [-102.0], [-1.03], [-81.4], [-79.9], [-631.0], [-1.84]]
[False, False, True, True, False, False, False, False, True, False, False, False, False, False, False, True, False, False, False, False, False, False, False, False, False, False, False]
[Stage 1]Gen 81:  1st stage Reward: 0, Best reward: [29187.01]
Generation 80 耗时: 4.537秒
[-276.0, -1180.0, -1210.0, -11300.0, -105.0, -137.0, -378.0, -281.0, -2520.0, -15.7, -150.0, -131.0, -123.0, -931.0, -3.58, -5930.0, -1.34, -98.2, -95.8, -720.0, -2.29, -79.1, -0.99, -78.1, -77.0, -613.0, -1.69]
[[-323.0], [-1480.0], [-1430.0], [-12100.0], [-125.0], [-178.0], [-453.0], [-315.0], [-2880.0], [-17.9], [-153.0], [-186.0], [-140.0], [-1020.0], [-4.11], [-6520.0], [-1.41], [-106.0], [-101.0], [-754.0], [-2.42], [-102.0], [-1.03], [-81.4], [-79.9], [-631.0], [-1.84]]
[False, False, True, True, False, False, False, False, True, False, False, False, False, False, False, True, False, False, False, False, False, False, False, False, False, False, False]
[Stage 1]Gen 82:  1st stage Reward: 0, Best reward: [29187.01]
Generation 81 耗时: 4.107秒
[-276.0, -1180.0, -1210.0, -11300.0, -105.0, -137.0, -378.0, -281.0, -2520.0, -15.7, -150.0, -131.0, -123.0, -931.0, -3.58, -5930.0, -1.34, -98.2, -95.8, -720.0, -2.29, -79.1, -0.99, -78.1, -77.0, -613.0, -1.69]
[[-323.0], [-1480.0], [-1430.0], [-12100.0], [-125.0], [-178.0], [-453.0], [-315.0], [-2880.0], [-17.9], [-153.0], [-186.0], [-140.0], [-1020.0], [-4.11], [-6520.0], [-1.41], [-106.0], [-101.0], [-754.0], [-2.42], [-102.0], [-1.03], [-81.4], [-79.9], [-631.0], [-1.84]]
[False, False, True, True, False, False, False, False, True, False, False, False, False, False, False, True, False, False, False, False, False, False, False, False, False, False, False]
[Stage 1]Gen 83:  1st stage Reward: 0, Best reward: [29187.01]
Generation 82 耗时: 3.805秒
[-276.0, -1180.0, -1210.0, -11300.0, -105.0, -137.0, -378.0, -281.0, -2520.0, -15.7, -150.0, -131.0, -123.0, -931.0, -3.58, -5930.0, -1.34, -98.2, -95.8, -720.0, -2.29, -79.1, -0.99, -78.1, -77.0, -613.0, -1.69]
[[-323.0], [-1480.0], [-1430.0], [-12100.0], [-125.0], [-178.0], [-453.0], [-315.0], [-2880.0], [-17.9], [-153.0], [-186.0], [-140.0], [-1020.0], [-4.11], [-6520.0], [-1.41], [-106.0], [-101.0], [-754.0], [-2.42], [-102.0], [-1.03], [-81.4], [-79.9], [-631.0], [-1.84]]
[False, False, True, True, False, False, False, False, True, False, False, False, False, False, False, True, False, False, False, False, False, False, False, False, False, False, False]
[Stage 1]Gen 84:  1st stage Reward: 0, Best reward: [29187.01]
Generation 83 耗时: 4.178秒
[-276.0, -1180.0, -1210.0, -11300.0, -105.0, -137.0, -378.0, -281.0, -2520.0, -15.7, -150.0, -131.0, -123.0, -931.0, -3.58, -5930.0, -1.34, -98.2, -95.8, -720.0, -2.29, -79.1, -0.99, -78.1, -77.0, -613.0, -1.69]
[[-323.0], [-1480.0], [-1430.0], [-12100.0], [-125.0], [-178.0], [-453.0], [-315.0], [-2880.0], [-17.9], [-153.0], [-186.0], [-140.0], [-1020.0], [-4.11], [-6520.0], [-1.41], [-106.0], [-101.0], [-754.0], [-2.42], [-102.0], [-1.03], [-81.4], [-79.9], [-631.0], [-1.84]]
[False, False, True, True, False, False, False, False, True, False, False, False, False, False, False, True, False, False, False, False, False, False, False, False, False, False, False]
[Stage 1]Gen 85:  1st stage Reward: 0, Best reward: [29187.01]
Generation 84 耗时: 3.909秒
[-276.0, -1180.0, -1210.0, -11300.0, -105.0, -137.0, -378.0, -281.0, -2520.0, -15.7, -150.0, -131.0, -123.0, -931.0, -3.58, -5930.0, -1.34, -98.2, -95.8, -720.0, -2.29, -79.1, -0.99, -78.1, -77.0, -613.0, -1.69]
[[-323.0], [-1480.0], [-1430.0], [-12100.0], [-125.0], [-178.0], [-453.0], [-315.0], [-2880.0], [-17.9], [-153.0], [-186.0], [-140.0], [-1020.0], [-4.11], [-6520.0], [-1.41], [-106.0], [-101.0], [-754.0], [-2.42], [-102.0], [-1.03], [-81.4], [-79.9], [-631.0], [-1.84]]
[False, False, True, True, False, False, False, False, True, False, False, False, False, False, False, True, False, False, False, False, False, False, False, False, False, False, False]
[Stage 1]Gen 86:  1st stage Reward: 0, Best reward: [29187.01]
Generation 85 耗时: 4.021秒
[-276.0, -1180.0, -1210.0, -11300.0, -105.0, -137.0, -378.0, -281.0, -2520.0, -15.7, -150.0, -131.0, -123.0, -931.0, -3.58, -5930.0, -1.34, -98.2, -95.8, -720.0, -2.29, -79.1, -0.99, -78.1, -77.0, -613.0, -1.69]
[[-320.0], [-1410.0], [-1390.0], [-11800.0], [-124.0], [-177.0], [-852.0], [-300.0], [-2770.0], [-17.0], [-151.0], [-137.0], [-138.0], [-1010.0], [-4.07], [-6410.0], [-1.43], [-262.0], [-99.5], [-740.0], [-13.4], [-80.6], [-1.01], [-98.3], [-78.1], [-617.0], [-1.8]]
[False, False, True, True, False, False, False, False, True, False, False, False, False, False, False, True, False, False, False, False, False, False, False, False, False, False, False]
[Stage 1]Gen 87:  1st stage Reward: 0, Best reward: [29003.21]
Generation 86 耗时: 4.048秒
[-276.0, -1180.0, -1210.0, -11300.0, -105.0, -137.0, -378.0, -281.0, -2520.0, -15.7, -150.0, -131.0, -123.0, -931.0, -3.58, -5930.0, -1.34, -98.2, -95.8, -720.0, -2.29, -79.1, -0.99, -78.1, -77.0, -613.0, -1.69]
[[-320.0], [-1410.0], [-1390.0], [-11800.0], [-124.0], [-177.0], [-852.0], [-300.0], [-2770.0], [-17.0], [-151.0], [-137.0], [-138.0], [-1010.0], [-4.07], [-6410.0], [-1.43], [-262.0], [-99.5], [-740.0], [-13.4], [-80.6], [-1.01], [-98.3], [-78.1], [-617.0], [-1.8]]
[False, False, True, True, False, False, False, False, True, False, False, False, False, False, False, True, False, False, False, False, False, False, False, False, False, False, False]
[Stage 1]Gen 88:  1st stage Reward: 0, Best reward: [29003.21]
Generation 87 耗时: 4.183秒
[-276.0, -1180.0, -1210.0, -11300.0, -105.0, -137.0, -378.0, -281.0, -2520.0, -15.7, -150.0, -131.0, -123.0, -931.0, -3.58, -5930.0, -1.34, -98.2, -95.8, -720.0, -2.29, -79.1, -0.99, -78.1, -77.0, -613.0, -1.69]
[[-320.0], [-1410.0], [-1390.0], [-11800.0], [-124.0], [-177.0], [-852.0], [-300.0], [-2770.0], [-17.0], [-151.0], [-137.0], [-138.0], [-1010.0], [-4.07], [-6410.0], [-1.43], [-262.0], [-99.5], [-740.0], [-13.4], [-80.6], [-1.01], [-98.3], [-78.1], [-617.0], [-1.8]]
[False, False, True, True, False, False, False, False, True, False, False, False, False, False, False, True, False, False, False, False, False, False, False, False, False, False, False]
[Stage 1]Gen 89:  1st stage Reward: 0, Best reward: [29003.21]
Generation 88 耗时: 4.240秒
[-276.0, -1180.0, -1210.0, -11300.0, -105.0, -137.0, -378.0, -281.0, -2520.0, -15.7, -150.0, -131.0, -123.0, -931.0, -3.58, -5930.0, -1.34, -98.2, -95.8, -720.0, -2.29, -79.1, -0.99, -78.1, -77.0, -613.0, -1.69]
[[-320.0], [-1410.0], [-1390.0], [-11800.0], [-124.0], [-177.0], [-852.0], [-300.0], [-2770.0], [-17.0], [-151.0], [-137.0], [-138.0], [-1010.0], [-4.07], [-6410.0], [-1.43], [-262.0], [-99.5], [-740.0], [-13.4], [-80.6], [-1.01], [-98.3], [-78.1], [-617.0], [-1.8]]
[False, False, True, True, False, False, False, False, True, False, False, False, False, False, False, True, False, False, False, False, False, False, False, False, False, False, False]
[Stage 1]Gen 90:  1st stage Reward: 0, Best reward: [29003.21]
Generation 89 耗时: 4.261秒
[-276.0, -1180.0, -1210.0, -11300.0, -105.0, -137.0, -378.0, -281.0, -2520.0, -15.7, -150.0, -131.0, -123.0, -931.0, -3.58, -5930.0, -1.34, -98.2, -95.8, -720.0, -2.29, -79.1, -0.99, -78.1, -77.0, -613.0, -1.69]
[[-320.0], [-1410.0], [-1390.0], [-11800.0], [-124.0], [-177.0], [-852.0], [-300.0], [-2770.0], [-17.0], [-151.0], [-137.0], [-138.0], [-1010.0], [-4.07], [-6410.0], [-1.43], [-262.0], [-99.5], [-740.0], [-13.4], [-80.6], [-1.01], [-98.3], [-78.1], [-617.0], [-1.8]]
[False, False, True, True, False, False, False, False, True, False, False, False, False, False, False, True, False, False, False, False, False, False, False, False, False, False, False]
[Stage 1]Gen 91:  1st stage Reward: 0, Best reward: [29003.21]
Generation 90 耗时: 4.349秒
[-276.0, -1180.0, -1210.0, -11300.0, -105.0, -137.0, -378.0, -281.0, -2520.0, -15.7, -150.0, -131.0, -123.0, -931.0, -3.58, -5930.0, -1.34, -98.2, -95.8, -720.0, -2.29, -79.1, -0.99, -78.1, -77.0, -613.0, -1.69]
[[-320.0], [-1410.0], [-1390.0], [-11800.0], [-124.0], [-177.0], [-852.0], [-300.0], [-2770.0], [-17.0], [-151.0], [-137.0], [-138.0], [-1010.0], [-4.07], [-6410.0], [-1.43], [-262.0], [-99.5], [-740.0], [-13.4], [-80.6], [-1.01], [-98.3], [-78.1], [-617.0], [-1.8]]
[False, False, True, True, False, False, False, False, True, False, False, False, False, False, False, True, False, False, False, False, False, False, False, False, False, False, False]
[Stage 1]Gen 92:  1st stage Reward: 0, Best reward: [29003.21]
Generation 91 耗时: 4.457秒
[-276.0, -1180.0, -1210.0, -11300.0, -105.0, -137.0, -378.0, -281.0, -2520.0, -15.7, -150.0, -131.0, -123.0, -931.0, -3.58, -5930.0, -1.34, -98.2, -95.8, -720.0, -2.29, -79.1, -0.99, -78.1, -77.0, -613.0, -1.69]
[[-320.0], [-1410.0], [-1390.0], [-11800.0], [-124.0], [-177.0], [-852.0], [-300.0], [-2770.0], [-17.0], [-151.0], [-137.0], [-138.0], [-1010.0], [-4.07], [-6410.0], [-1.43], [-262.0], [-99.5], [-740.0], [-13.4], [-80.6], [-1.01], [-98.3], [-78.1], [-617.0], [-1.8]]
[False, False, True, True, False, False, False, False, True, False, False, False, False, False, False, True, False, False, False, False, False, False, False, False, False, False, False]
[Stage 1]Gen 93:  1st stage Reward: 0, Best reward: [29003.21]
Generation 92 耗时: 4.761秒
[-276.0, -1180.0, -1210.0, -11300.0, -105.0, -137.0, -378.0, -281.0, -2520.0, -15.7, -150.0, -131.0, -123.0, -931.0, -3.58, -5930.0, -1.34, -98.2, -95.8, -720.0, -2.29, -79.1, -0.99, -78.1, -77.0, -613.0, -1.69]
[[-320.0], [-1410.0], [-1390.0], [-11800.0], [-124.0], [-177.0], [-852.0], [-300.0], [-2770.0], [-17.0], [-151.0], [-137.0], [-138.0], [-1010.0], [-4.07], [-6410.0], [-1.43], [-262.0], [-99.5], [-740.0], [-13.4], [-80.6], [-1.01], [-98.3], [-78.1], [-617.0], [-1.8]]
[False, False, True, True, False, False, False, False, True, False, False, False, False, False, False, True, False, False, False, False, False, False, False, False, False, False, False]
[Stage 1]Gen 94:  1st stage Reward: 0, Best reward: [29003.21]
Generation 93 耗时: 5.208秒
[-276.0, -1180.0, -1210.0, -11300.0, -105.0, -137.0, -378.0, -281.0, -2520.0, -15.7, -150.0, -131.0, -123.0, -931.0, -3.58, -5930.0, -1.34, -98.2, -95.8, -720.0, -2.29, -79.1, -0.99, -78.1, -77.0, -613.0, -1.69]
[[-320.0], [-1410.0], [-1390.0], [-11800.0], [-124.0], [-177.0], [-852.0], [-300.0], [-2770.0], [-17.0], [-151.0], [-137.0], [-138.0], [-1010.0], [-4.07], [-6410.0], [-1.43], [-262.0], [-99.5], [-740.0], [-13.4], [-80.6], [-1.01], [-98.3], [-78.1], [-617.0], [-1.8]]
[False, False, True, True, False, False, False, False, True, False, False, False, False, False, False, True, False, False, False, False, False, False, False, False, False, False, False]
[Stage 1]Gen 95:  1st stage Reward: 0, Best reward: [29003.21]
Generation 94 耗时: 5.005秒
[-276.0, -1150.0, -1210.0, -11300.0, -105.0, -137.0, -378.0, -269.0, -2520.0, -15.7, -149.0, -131.0, -123.0, -931.0, -3.58, -5930.0, -1.34, -98.2, -95.8, -717.0, -2.29, -79.1, -0.99, -78.1, -77.0, -613.0, -1.69]
[[-320.0], [-1410.0], [-1390.0], [-11800.0], [-124.0], [-177.0], [-852.0], [-300.0], [-2770.0], [-17.0], [-151.0], [-137.0], [-138.0], [-1010.0], [-4.07], [-6410.0], [-1.43], [-262.0], [-99.5], [-740.0], [-13.4], [-80.6], [-1.01], [-98.3], [-78.1], [-617.0], [-1.8]]
[False, False, True, True, False, False, False, False, True, False, False, False, False, False, False, True, False, False, False, False, False, False, False, False, False, False, False]
[Stage 1]Gen 96:  1st stage Reward: 0, Best reward: [29003.21]
Generation 95 耗时: 5.149秒
[-276.0, -1150.0, -1210.0, -11300.0, -105.0, -137.0, -378.0, -269.0, -2520.0, -15.7, -149.0, -131.0, -123.0, -931.0, -3.58, -5930.0, -1.34, -98.2, -95.8, -717.0, -2.29, -79.1, -0.99, -78.1, -77.0, -613.0, -1.69]
[[-320.0], [-1410.0], [-1390.0], [-11800.0], [-124.0], [-177.0], [-852.0], [-300.0], [-2770.0], [-17.0], [-151.0], [-137.0], [-138.0], [-1010.0], [-4.07], [-6410.0], [-1.43], [-262.0], [-99.5], [-740.0], [-13.4], [-80.6], [-1.01], [-98.3], [-78.1], [-617.0], [-1.8]]
[False, False, True, True, False, False, False, False, True, False, False, False, False, False, False, True, False, False, False, False, False, False, False, False, False, False, False]
[Stage 1]Gen 97:  1st stage Reward: 0, Best reward: [29003.21]
Generation 96 耗时: 4.940秒
[-276.0, -1150.0, -1210.0, -11300.0, -105.0, -137.0, -378.0, -269.0, -2520.0, -15.7, -149.0, -131.0, -123.0, -931.0, -3.58, -5930.0, -1.34, -98.2, -95.8, -717.0, -2.29, -79.1, -0.99, -78.1, -77.0, -613.0, -1.69]
[[-320.0], [-1410.0], [-1390.0], [-11800.0], [-124.0], [-177.0], [-852.0], [-300.0], [-2770.0], [-17.0], [-151.0], [-137.0], [-138.0], [-1010.0], [-4.07], [-6410.0], [-1.43], [-262.0], [-99.5], [-740.0], [-13.4], [-80.6], [-1.01], [-98.3], [-78.1], [-617.0], [-1.8]]
[False, False, True, True, False, False, False, False, True, False, False, False, False, False, False, True, False, False, False, False, False, False, False, False, False, False, False]
[Stage 1]Gen 98:  1st stage Reward: 0, Best reward: [29003.21]
Generation 97 耗时: 4.902秒
[-276.0, -1150.0, -1210.0, -11300.0, -105.0, -137.0, -378.0, -266.0, -2520.0, -15.7, -149.0, -131.0, -123.0, -931.0, -3.58, -5930.0, -1.34, -98.2, -95.8, -717.0, -2.29, -79.1, -0.99, -78.1, -77.0, -613.0, -1.69]
[[-320.0], [-1410.0], [-1390.0], [-11800.0], [-124.0], [-177.0], [-852.0], [-300.0], [-2770.0], [-17.0], [-151.0], [-137.0], [-138.0], [-1010.0], [-4.07], [-6410.0], [-1.43], [-262.0], [-99.5], [-740.0], [-13.4], [-80.6], [-1.01], [-98.3], [-78.1], [-617.0], [-1.8]]
[False, False, True, True, False, False, False, False, True, False, False, False, False, False, False, True, False, False, False, False, False, False, False, False, False, False, False]
[Stage 1]Gen 99:  1st stage Reward: 0, Best reward: [29003.21]
Generation 98 耗时: 4.859秒
[-276.0, -1150.0, -1210.0, -11300.0, -105.0, -137.0, -378.0, -266.0, -2520.0, -15.7, -149.0, -131.0, -123.0, -931.0, -3.58, -5930.0, -1.34, -98.2, -95.8, -717.0, -2.29, -79.1, -0.99, -78.1, -77.0, -613.0, -1.69]
[[-320.0], [-1410.0], [-1390.0], [-11800.0], [-124.0], [-177.0], [-852.0], [-300.0], [-2770.0], [-17.0], [-151.0], [-137.0], [-138.0], [-1010.0], [-4.07], [-6410.0], [-1.43], [-262.0], [-99.5], [-740.0], [-13.4], [-80.6], [-1.01], [-98.3], [-78.1], [-617.0], [-1.8]]
[False, False, True, True, False, False, False, False, True, False, False, False, False, False, False, True, False, False, False, False, False, False, False, False, False, False, False]
[Stage 1]Gen 100:  1st stage Reward: 0, Best reward: [29003.21]
Generation 99 耗时: 4.844秒
耗时:  418.15746307373047
{'arch': {'arithmetic': {'instances': 1024, 'word-bits': 8}, 'storage': [{'name': 'Registers', 'entries': 1, 'instances': 1024, 'word-bits': 8, 'cluster-size': 1, 'num-ports': 2, 'num-banks': 8}, {'name': 'AccumulationBuffer', 'entries': 3072, 'instances': 16, 'word-bits': 24, 'cluster-size': 1, 'network-word-bits': 16, 'num-ports': 2, 'num-banks': 2}, {'name': 'WeightBuffer', 'entries': 32768, 'instances': 16, 'word-bits': 8, 'block-size': 4, 'num-ports': 1, 'num-banks': 8}, {'name': 'InputBuffer', 'entries': 8192, 'instances': 16, 'word-bits': 8, 'block-size': 4, 'num-ports': 2, 'num-banks': 1}, {'name': 'GlobalBuffer', 'entries': 65536, 'instances': 1, 'word-bits': 8, 'block-size': 8, 'num-ports': 2, 'num-banks': 256}, {'name': 'DRAM', 'technology': 'DRAM', 'instances': 1, 'word-bits': 8, 'block-size': 64, 'bandwidth': 1}]}}
['DRAM', 'GlobalBuffer', 'InputBuffer', 'WeightBuffer', 'AccumulationBuffer', 'Registers'] [1, 1, 16, 16, 16, 1024, 1024] [inf, 65536, 8192, 32768, 3072, 1]
[1, 16, 1, 1, 64, 1]
20
[-2920.0, -57.6, -2730.0, -510.0, -553.0, -818.0, -435.0, -907.0, -4000.0, -183.0, -927.0, -1840.0, -3120.0, -3750.0, -1760.0, -780.0, -1040.0, -318.0, -595.0, -1130.0, -1660.0, -620.0, -814.0, -230.0, -885.0, -1310.0, -138.0, -3610.0, -1540.0, -2390.0, -427.0, -1150.0, -4040.0, -194.0, -844.0, -658.0, -146.0, -253.0, -2120.0, -610.0, -1950.0, -4960.0, -299.0, -591.0, -11100.0, -740.0, -5270.0, -781.0, -5500.0, -903.0, -1240.0, -3330.0, -802.0, -933.0]
[[-5830.0], [-198.0], [-275000.0], [-676000.0], [-592.0], [-3370.0], [-1850.0], [-53200.0], [-4560.0], [-13000.0], [-262000.0], [-2980.0], [-28900.0], [-3750.0], [-7760.0], [-6920.0], [-44600.0], [-79500.0], [-4460.0], [-1130.0], [-1660.0], [-17000.0], [-1620.0], [-1720.0], [-12200.0], [-3370000.0], [-284.0], [-29400.0], [-10300.0], [-108000.0], [-10200.0], [-78100.0], [-433000.0], [-311.0], [-22800.0], [-707.0], [-1710000.0], [-6220.0], [-2990.0], [-708.0], [-144000.0], [-272000.0], [-604.0], [-1190.0], [-11100.0], [-280000.0], [-274000.0], [-781.0], [-251000.0], [-591000.0], [-1630.0], [-19200.0], [-5680.0], [-1660.0]]
[False, False, False, False, False, False, False, False, False, False, False, False, False, False, False, False, False, False, False, False, False, False, False, False, False, False, False, False, False, False, False, False, False, False, False, False, False, False, False, False, False, False, False, False, False, False, False, False, False, False, False, False, False, False]
[Stage 1]Gen 1:  1st stage Reward: 0, Best reward: [9146665.]
Generation 0 耗时: 9.071秒
[-1340.0, -50.0, -671.0, -482.0, -539.0, -455.0, -435.0, -740.0, -1690.0, -167.0, -512.0, -1650.0, -2180.0, -480.0, -1010.0, -646.0, -682.0, -291.0, -584.0, -541.0, -1610.0, -620.0, -294.0, -228.0, -885.0, -1130.0, -138.0, -2260.0, -812.0, -763.0, -304.0, -1150.0, -2210.0, -144.0, -463.0, -657.0, -133.0, -199.0, -983.0, -293.0, -448.0, -642.0, -150.0, -584.0, -6330.0, -732.0, -5010.0, -746.0, -5490.0, -679.0, -762.0, -3310.0, -631.0, -932.0]
[[-2840.0], [-177.0], [-2340.0], [-740.0], [-937.0], [-944.0], [-1500.0], [-1000.0], [-4110.0], [-291.0], [-1030.0], [-12500.0], [-426000.0], [-480.0], [-26900.0], [-899.0], [-1340.0], [-532.0], [-632.0], [-859.0], [-2230.0], [-6740.0], [-839.0], [-406.0], [-30300.0], [-1330.0], [-232.0], [-4150.0], [-1820.0], [-2030.0], [-419.0], [-205000.0], [-2210.0], [-243.0], [-135000.0], [-1150.0], [-232.0], [-403.0], [-983.0], [-390.0], [-2010.0], [-6330.0], [-250.0], [-4170.0], [-59900.0], [-1120.0], [-7220.0], [-1640.0], [-7600.0], [-1110.0], [-192000.0], [-5850.0], [-1560.0], [-977.0]]
[False, False, False, False, False, False, False, False, False, False, False, False, False, False, False, False, False, False, False, False, False, False, False, False, False, False, False, False, False, False, False, False, False, False, False, False, False, False, False, False, False, False, False, False, False, False, False, False, False, False, False, False, False, False]
[Stage 1]Gen 2:  1st stage Reward: 0, Best reward: [1173895.]
Generation 1 耗时: 9.685秒
[-1030.0, -50.0, -570.0, -467.0, -539.0, -430.0, -405.0, -727.0, -972.0, -167.0, -484.0, -1560.0, -2040.0, -256.0, -934.0, -457.0, -456.0, -291.0, -238.0, -295.0, -1590.0, -305.0, -294.0, -189.0, -837.0, -1020.0, -130.0, -1080.0, -812.0, -593.0, -270.0, -434.0, -1190.0, -117.0, -450.0, -640.0, -131.0, -197.0, -738.0, -291.0, -210.0, -634.0, -135.0, -584.0, -3970.0, -732.0, -3030.0, -729.0, -3670.0, -655.0, -684.0, -3310.0, -620.0, -932.0]
[[-9390.0], [-52.0], [-172000.0], [-853.0], [-2230.0], [-454.0], [-435.0], [-742.0], [-2290.0], [-171.0], [-489.0], [-3090.0], [-16200.0], [-283.0], [-960.0], [-647.0], [-457.0], [-300.0], [-40100.0], [-296.0], [-150000.0], [-622.0], [-297.0], [-234.0], [-7810.0], [-1120.0], [-10700.0], [-1080.0], [-7340.0], [-610.0], [-522.0], [-1160.0], [-2160.0], [-143.0], [-468.0], [-666.0], [-134.0], [-253.0], [-742.0], [-292.0], [-223.0], [-646.0], [-149.0], [-590.0], [-6380.0], [-748.0], [-5070.0], [-737.0], [-5300.0], [-683.0], [-737.0], [-3330.0], [-734.0], [-933.0]]
[False, False, False, False, False, False, False, False, False, False, False, False, False, False, False, False, False, False, False, False, False, False, False, False, False, False, False, False, False, False, False, False, False, False, False, False, False, False, False, False, False, False, False, False, False, False, False, False, False, False, False, False, False, False]
[Stage 1]Gen 3:  1st stage Reward: 0, Best reward: [464052.]
Generation 2 耗时: 9.320秒
[-1010.0, -47.3, -241.0, -454.0, -539.0, -395.0, -405.0, -470.0, -891.0, -167.0, -463.0, -900.0, -2040.0, -205.0, -890.0, -431.0, -449.0, -253.0, -233.0, -289.0, -206.0, -276.0, -294.0, -183.0, -837.0, -756.0, -130.0, -950.0, -613.0, -593.0, -270.0, -422.0, -1190.0, -117.0, -431.0, -601.0, -131.0, -197.0, -738.0, -157.0, -204.0, -634.0, -135.0, -577.0, -3920.0, -732.0, -3000.0, -729.0, -3190.0, -646.0, -646.0, -3310.0, -600.0, -932.0]
[[-9390.0], [-52.0], [-172000.0], [-853.0], [-2230.0], [-454.0], [-435.0], [-742.0], [-2290.0], [-171.0], [-489.0], [-3090.0], [-16200.0], [-283.0], [-960.0], [-647.0], [-457.0], [-300.0], [-40100.0], [-296.0], [-150000.0], [-622.0], [-297.0], [-234.0], [-7810.0], [-1120.0], [-10700.0], [-1080.0], [-7340.0], [-610.0], [-522.0], [-1160.0], [-2160.0], [-143.0], [-468.0], [-666.0], [-134.0], [-253.0], [-742.0], [-292.0], [-223.0], [-646.0], [-149.0], [-590.0], [-6380.0], [-748.0], [-5070.0], [-737.0], [-5300.0], [-683.0], [-737.0], [-3330.0], [-734.0], [-933.0]]
[False, False, False, False, False, False, False, False, False, False, False, False, False, False, False, False, False, False, False, False, False, False, False, False, False, False, False, False, False, False, False, False, False, False, False, False, False, False, False, False, False, False, False, False, False, False, False, False, False, False, False, False, False, False]
[Stage 1]Gen 4:  1st stage Reward: 0, Best reward: [464052.]
Generation 3 耗时: 9.713秒
[-837.0, -37.8, -240.0, -454.0, -539.0, -344.0, -340.0, -470.0, -891.0, -167.0, -439.0, -806.0, -1250.0, -205.0, -889.0, -431.0, -449.0, -194.0, -232.0, -219.0, -204.0, -223.0, -264.0, -182.0, -814.0, -721.0, -130.0, -912.0, -479.0, -534.0, -105.0, -327.0, -647.0, -98.4, -334.0, -601.0, -131.0, -172.0, -727.0, -131.0, -204.0, -633.0, -135.0, -577.0, -2380.0, -732.0, -3000.0, -727.0, -3140.0, -644.0, -645.0, -2920.0, -599.0, -932.0]
[[-948.0], [-164.0], [-277.0], [-2450.0], [-618.0], [-1950.0], [-340.0], [-1170.0], [-1050.0], [-410.0], [-461.0], [-913.0], [-2190.0], [-307.0], [-959.0], [-463.0], [-493.0], [-15400.0], [-262.0], [-338.0], [-236.0], [-358.0], [-309.0], [-301.0], [-911.0], [-801.0], [-151.0], [-945.0], [-584.0], [-2440.0], [-283.0], [-3030.0], [-1260.0], [-221.0], [-431.0], [-68600.0], [-151.0], [-227.0], [-12800.0], [-29600.0], [-538.0], [-727.0], [-157.0], [-669.0], [-2500.0], [-805.0], [-3290.0], [-800.0], [-6050.0], [-717.0], [-718.0], [-8080.0], [-667.0], [-938.0]]
[False, False, False, False, False, False, False, False, False, False, False, False, False, False, False, False, False, False, False, False, False, False, False, False, False, False, False, False, False, False, False, False, False, False, False, False, False, False, False, False, False, False, False, False, False, False, False, False, False, False, False, False, False, False]
[Stage 1]Gen 5:  1st stage Reward: 0, Best reward: [181458.]
Generation 4 耗时: 9.358秒
[-837.0, -37.7, -152.0, -454.0, -539.0, -344.0, -295.0, -469.0, -788.0, -167.0, -436.0, -806.0, -646.0, -205.0, -593.0, -242.0, -449.0, -186.0, -232.0, -213.0, -202.0, -223.0, -256.0, -182.0, -617.0, -721.0, -130.0, -901.0, -479.0, -534.0, -96.7, -327.0, -647.0, -98.2, -333.0, -600.0, -131.0, -166.0, -678.0, -131.0, -156.0, -633.0, -135.0, -577.0, -2380.0, -732.0, -3000.0, -727.0, -3140.0, -644.0, -645.0, -2910.0, -599.0, -918.0]
[[-948.0], [-164.0], [-277.0], [-2450.0], [-618.0], [-1950.0], [-340.0], [-1170.0], [-1050.0], [-410.0], [-461.0], [-913.0], [-2190.0], [-307.0], [-959.0], [-463.0], [-493.0], [-15400.0], [-262.0], [-338.0], [-236.0], [-358.0], [-309.0], [-301.0], [-911.0], [-801.0], [-151.0], [-945.0], [-584.0], [-2440.0], [-283.0], [-3030.0], [-1260.0], [-221.0], [-431.0], [-68600.0], [-151.0], [-227.0], [-12800.0], [-29600.0], [-538.0], [-727.0], [-157.0], [-669.0], [-2500.0], [-805.0], [-3290.0], [-800.0], [-6050.0], [-717.0], [-718.0], [-8080.0], [-667.0], [-938.0]]
[False, False, False, False, False, False, False, False, False, False, False, False, False, False, False, False, False, False, False, False, False, False, False, False, False, False, False, False, False, False, False, False, False, False, False, False, False, False, False, False, False, False, False, False, False, False, False, False, False, False, False, False, False, False]
[Stage 1]Gen 6:  1st stage Reward: 0, Best reward: [181458.]
Generation 5 耗时: 9.372秒
[-837.0, -37.7, -137.0, -454.0, -509.0, -344.0, -295.0, -469.0, -675.0, -167.0, -436.0, -806.0, -646.0, -205.0, -535.0, -239.0, -449.0, -186.0, -232.0, -213.0, -177.0, -223.0, -256.0, -182.0, -486.0, -721.0, -130.0, -901.0, -479.0, -534.0, -96.7, -327.0, -633.0, -98.2, -333.0, -600.0, -131.0, -166.0, -522.0, -131.0, -156.0, -633.0, -135.0, -577.0, -2360.0, -732.0, -2880.0, -727.0, -3140.0, -630.0, -645.0, -2910.0, -599.0, -918.0]
[[-948.0], [-164.0], [-277.0], [-2450.0], [-618.0], [-1950.0], [-340.0], [-1170.0], [-1050.0], [-410.0], [-461.0], [-913.0], [-2190.0], [-307.0], [-959.0], [-463.0], [-493.0], [-15400.0], [-262.0], [-338.0], [-236.0], [-358.0], [-309.0], [-301.0], [-911.0], [-801.0], [-151.0], [-945.0], [-584.0], [-2440.0], [-283.0], [-3030.0], [-1260.0], [-221.0], [-431.0], [-68600.0], [-151.0], [-227.0], [-12800.0], [-29600.0], [-538.0], [-727.0], [-157.0], [-669.0], [-2500.0], [-805.0], [-3290.0], [-800.0], [-6050.0], [-717.0], [-718.0], [-8080.0], [-667.0], [-938.0]]
[False, False, False, False, False, False, False, False, False, False, False, False, False, False, False, False, False, False, False, False, False, False, False, False, False, False, False, False, False, False, False, False, False, False, False, False, False, False, False, False, False, False, False, False, False, False, False, False, False, False, False, False, False, False]
[Stage 1]Gen 7:  1st stage Reward: 0, Best reward: [181458.]
Generation 6 耗时: 9.529秒
[-837.0, -37.7, -136.0, -454.0, -455.0, -344.0, -242.0, -469.0, -674.0, -167.0, -436.0, -806.0, -646.0, -205.0, -531.0, -233.0, -432.0, -186.0, -232.0, -213.0, -177.0, -223.0, -256.0, -182.0, -278.0, -721.0, -130.0, -848.0, -479.0, -527.0, -96.7, -327.0, -633.0, -98.2, -333.0, -600.0, -131.0, -166.0, -498.0, -121.0, -156.0, -633.0, -135.0, -577.0, -2360.0, -732.0, -2850.0, -727.0, -3140.0, -630.0, -645.0, -2910.0, -599.0, -918.0]
[[-981.0], [-78.7], [-2790.0], [-1540.0], [-784.0], [-386.0], [-344.0], [-517.0], [-966.0], [-443.0], [-875.0], [-1610.0], [-658.0], [-218.0], [-605.0], [-494.0], [-585.0], [-2220.0], [-709.0], [-253.0], [-510.0], [-255.0], [-10200.0], [-210.0], [-3280.0], [-929.0], [-158.0], [-3260.0], [-596.0], [-642.0], [-7300.0], [-436.0], [-732.0], [-117.0], [-435.0], [-700.0], [-153.0], [-417.0], [-537.0], [-153.0], [-158.0], [-107000.0], [-158.0], [-675.0], [-2510.0], [-1210.0], [-3310.0], [-805.0], [-4970.0], [-703.0], [-1210.0], [-3380.0], [-672.0], [-919.0]]
[False, False, False, False, False, False, False, False, False, False, False, False, False, False, False, False, False, False, False, False, False, False, False, False, False, False, False, False, False, False, False, False, False, False, False, False, False, False, False, False, False, False, False, False, False, False, False, False, False, False, False, False, False, False]
[Stage 1]Gen 8:  1st stage Reward: 0, Best reward: [175756.7]
Generation 7 耗时: 9.422秒
[-837.0, -37.7, -136.0, -443.0, -437.0, -344.0, -242.0, -445.0, -648.0, -163.0, -397.0, -806.0, -646.0, -201.0, -525.0, -226.0, -432.0, -186.0, -220.0, -211.0, -177.0, -205.0, -256.0, -178.0, -252.0, -721.0, -130.0, -747.0, -479.0, -527.0, -96.7, -327.0, -633.0, -98.2, -333.0, -600.0, -131.0, -164.0, -498.0, -121.0, -156.0, -630.0, -133.0, -571.0, -2360.0, -732.0, -2540.0, -727.0, -3060.0, -617.0, -641.0, -2910.0, -596.0, -918.0]
[[-981.0], [-78.7], [-2790.0], [-1540.0], [-784.0], [-386.0], [-344.0], [-517.0], [-966.0], [-443.0], [-875.0], [-1610.0], [-658.0], [-218.0], [-605.0], [-494.0], [-585.0], [-2220.0], [-709.0], [-253.0], [-510.0], [-255.0], [-10200.0], [-210.0], [-3280.0], [-929.0], [-158.0], [-3260.0], [-596.0], [-642.0], [-7300.0], [-436.0], [-732.0], [-117.0], [-435.0], [-700.0], [-153.0], [-417.0], [-537.0], [-153.0], [-158.0], [-107000.0], [-158.0], [-675.0], [-2510.0], [-1210.0], [-3310.0], [-805.0], [-4970.0], [-703.0], [-1210.0], [-3380.0], [-672.0], [-919.0]]
[False, False, False, False, False, False, False, False, False, False, False, False, False, False, False, False, False, False, False, False, False, False, False, False, False, False, False, False, False, False, False, False, False, False, False, False, False, False, False, False, False, False, False, False, False, False, False, False, False, False, False, False, False, False]
[Stage 1]Gen 9:  1st stage Reward: 0, Best reward: [175756.7]
Generation 8 耗时: 9.385秒
[-837.0, -37.7, -136.0, -443.0, -437.0, -344.0, -242.0, -445.0, -648.0, -163.0, -363.0, -806.0, -646.0, -201.0, -525.0, -226.0, -262.0, -184.0, -220.0, -211.0, -177.0, -205.0, -256.0, -178.0, -252.0, -721.0, -130.0, -629.0, -479.0, -527.0, -96.7, -327.0, -633.0, -98.2, -333.0, -600.0, -131.0, -164.0, -498.0, -121.0, -156.0, -630.0, -133.0, -571.0, -2360.0, -732.0, -2540.0, -727.0, -3060.0, -617.0, -641.0, -2380.0, -596.0, -918.0]
[[-981.0], [-78.7], [-2790.0], [-1540.0], [-784.0], [-386.0], [-344.0], [-517.0], [-966.0], [-443.0], [-875.0], [-1610.0], [-658.0], [-218.0], [-605.0], [-494.0], [-585.0], [-2220.0], [-709.0], [-253.0], [-510.0], [-255.0], [-10200.0], [-210.0], [-3280.0], [-929.0], [-158.0], [-3260.0], [-596.0], [-642.0], [-7300.0], [-436.0], [-732.0], [-117.0], [-435.0], [-700.0], [-153.0], [-417.0], [-537.0], [-153.0], [-158.0], [-107000.0], [-158.0], [-675.0], [-2510.0], [-1210.0], [-3310.0], [-805.0], [-4970.0], [-703.0], [-1210.0], [-3380.0], [-672.0], [-919.0]]
[False, False, False, False, False, False, False, False, False, False, False, False, False, False, False, False, False, False, False, False, False, False, False, False, False, False, False, False, False, False, False, False, False, False, False, False, False, False, False, False, False, False, False, False, False, False, False, False, False, False, False, False, False, False]
[Stage 1]Gen 10:  1st stage Reward: 0, Best reward: [175756.7]
Generation 9 耗时: 9.441秒
[-824.0, -37.7, -135.0, -443.0, -437.0, -344.0, -188.0, -445.0, -448.0, -163.0, -357.0, -806.0, -472.0, -201.0, -513.0, -226.0, -222.0, -179.0, -220.0, -183.0, -173.0, -167.0, -256.0, -178.0, -252.0, -721.0, -130.0, -625.0, -303.0, -527.0, -96.7, -314.0, -630.0, -98.2, -333.0, -597.0, -130.0, -164.0, -498.0, -120.0, -134.0, -605.0, -133.0, -571.0, -2360.0, -708.0, -2540.0, -727.0, -3060.0, -617.0, -641.0, -2340.0, -596.0, -918.0]
[[-1360.0], [-45.1], [-156.0], [-528.0], [-1690.0], [-1710.0], [-668.0], [-529.0], [-805.0], [-196.0], [-1150.0], [-1410.0], [-688.0], [-510.0], [-688.0], [-1090.0], [-263.0], [-214.0], [-936.0], [-1490.0], [-207.0], [-249.0], [-318.0], [-212.0], [-2180.0], [-816.0], [-1170.0], [-742.0], [-602.0], [-659.0], [-3960.0], [-439.0], [-758.0], [-117.0], [-447.0], [-716.0], [-154.0], [-734.0], [-549.0], [-661.0], [-12900.0], [-759.0], [-4270.0], [-681.0], [-2910.0], [-854.0], [-3080.0], [-760.0], [-3590.0], [-717.0], [-731.0], [-6620.0], [-678.0], [-937.0]]
[False, False, False, False, False, False, False, False, False, False, False, False, False, False, False, False, False, False, False, False, False, False, False, False, False, False, False, False, False, False, False, False, False, False, False, False, False, False, False, False, False, False, False, False, False, False, False, False, False, False, False, False, False, False]
[Stage 1]Gen 11:  1st stage Reward: 0, Best reward: [71303.1]
Generation 10 耗时: 9.523秒
[-824.0, -37.7, -135.0, -443.0, -437.0, -344.0, -188.0, -318.0, -438.0, -163.0, -357.0, -806.0, -472.0, -201.0, -513.0, -226.0, -222.0, -179.0, -220.0, -163.0, -173.0, -156.0, -256.0, -178.0, -252.0, -721.0, -130.0, -625.0, -250.0, -527.0, -96.7, -303.0, -630.0, -98.2, -333.0, -597.0, -130.0, -164.0, -498.0, -120.0, -134.0, -605.0, -133.0, -571.0, -2360.0, -708.0, -1830.0, -727.0, -3060.0, -617.0, -641.0, -2340.0, -596.0, -918.0]
[[-1360.0], [-45.1], [-156.0], [-528.0], [-1690.0], [-1710.0], [-668.0], [-529.0], [-805.0], [-196.0], [-1150.0], [-1410.0], [-688.0], [-510.0], [-688.0], [-1090.0], [-263.0], [-214.0], [-936.0], [-1490.0], [-207.0], [-249.0], [-318.0], [-212.0], [-2180.0], [-816.0], [-1170.0], [-742.0], [-602.0], [-659.0], [-3960.0], [-439.0], [-758.0], [-117.0], [-447.0], [-716.0], [-154.0], [-734.0], [-549.0], [-661.0], [-12900.0], [-759.0], [-4270.0], [-681.0], [-2910.0], [-854.0], [-3080.0], [-760.0], [-3590.0], [-717.0], [-731.0], [-6620.0], [-678.0], [-937.0]]
[False, False, False, False, False, False, False, False, False, False, False, False, False, False, False, False, False, False, False, False, False, False, False, False, False, False, False, False, False, False, False, False, False, False, False, False, False, False, False, False, False, False, False, False, False, False, False, False, False, False, False, False, False, False]
[Stage 1]Gen 12:  1st stage Reward: 0, Best reward: [71303.1]
Generation 11 耗时: 8.844秒
[-824.0, -37.7, -135.0, -443.0, -437.0, -344.0, -188.0, -316.0, -438.0, -163.0, -357.0, -806.0, -472.0, -201.0, -513.0, -226.0, -222.0, -179.0, -220.0, -160.0, -173.0, -156.0, -256.0, -178.0, -252.0, -721.0, -130.0, -589.0, -250.0, -527.0, -96.7, -275.0, -630.0, -98.2, -333.0, -597.0, -130.0, -164.0, -498.0, -100.0, -132.0, -605.0, -133.0, -571.0, -2360.0, -708.0, -1830.0, -727.0, -3060.0, -617.0, -641.0, -2340.0, -596.0, -918.0]
[[-1360.0], [-45.1], [-156.0], [-528.0], [-1690.0], [-1710.0], [-668.0], [-529.0], [-805.0], [-196.0], [-1150.0], [-1410.0], [-688.0], [-510.0], [-688.0], [-1090.0], [-263.0], [-214.0], [-936.0], [-1490.0], [-207.0], [-249.0], [-318.0], [-212.0], [-2180.0], [-816.0], [-1170.0], [-742.0], [-602.0], [-659.0], [-3960.0], [-439.0], [-758.0], [-117.0], [-447.0], [-716.0], [-154.0], [-734.0], [-549.0], [-661.0], [-12900.0], [-759.0], [-4270.0], [-681.0], [-2910.0], [-854.0], [-3080.0], [-760.0], [-3590.0], [-717.0], [-731.0], [-6620.0], [-678.0], [-937.0]]
[False, False, False, False, False, False, False, False, False, False, False, False, False, False, False, False, False, False, False, False, False, False, False, False, False, False, False, False, False, False, False, False, False, False, False, False, False, False, False, False, False, False, False, False, False, False, False, False, False, False, False, False, False, False]
[Stage 1]Gen 13:  1st stage Reward: 0, Best reward: [71303.1]
Generation 12 耗时: 7.308秒
[-824.0, -37.7, -135.0, -443.0, -437.0, -344.0, -188.0, -316.0, -438.0, -163.0, -357.0, -806.0, -472.0, -201.0, -513.0, -226.0, -222.0, -179.0, -220.0, -160.0, -173.0, -156.0, -256.0, -178.0, -252.0, -721.0, -130.0, -491.0, -250.0, -527.0, -96.7, -263.0, -630.0, -98.2, -333.0, -597.0, -130.0, -164.0, -498.0, -92.6, -132.0, -605.0, -133.0, -571.0, -2360.0, -708.0, -1810.0, -727.0, -3060.0, -617.0, -641.0, -2340.0, -596.0, -918.0]
[[-1360.0], [-45.1], [-156.0], [-528.0], [-1690.0], [-1710.0], [-668.0], [-529.0], [-805.0], [-196.0], [-1150.0], [-1410.0], [-688.0], [-510.0], [-688.0], [-1090.0], [-263.0], [-214.0], [-936.0], [-1490.0], [-207.0], [-249.0], [-318.0], [-212.0], [-2180.0], [-816.0], [-1170.0], [-742.0], [-602.0], [-659.0], [-3960.0], [-439.0], [-758.0], [-117.0], [-447.0], [-716.0], [-154.0], [-734.0], [-549.0], [-661.0], [-12900.0], [-759.0], [-4270.0], [-681.0], [-2910.0], [-854.0], [-3080.0], [-760.0], [-3590.0], [-717.0], [-731.0], [-6620.0], [-678.0], [-937.0]]
[False, False, False, False, False, False, False, False, False, False, False, False, False, False, False, False, False, False, False, False, False, False, False, False, False, False, False, False, False, False, False, False, False, False, False, False, False, False, False, False, False, False, False, False, False, False, False, False, False, False, False, False, False, False]
[Stage 1]Gen 14:  1st stage Reward: 0, Best reward: [71303.1]
Generation 13 耗时: 7.583秒
[-824.0, -37.7, -135.0, -443.0, -437.0, -344.0, -188.0, -308.0, -436.0, -163.0, -357.0, -806.0, -472.0, -201.0, -513.0, -226.0, -222.0, -179.0, -220.0, -160.0, -173.0, -156.0, -256.0, -178.0, -252.0, -721.0, -130.0, -444.0, -250.0, -527.0, -96.7, -222.0, -630.0, -98.2, -333.0, -597.0, -130.0, -124.0, -498.0, -92.6, -132.0, -605.0, -133.0, -348.0, -2360.0, -708.0, -1810.0, -591.0, -3060.0, -617.0, -641.0, -2240.0, -596.0, -918.0]
[[-1360.0], [-45.1], [-156.0], [-528.0], [-1690.0], [-1710.0], [-668.0], [-529.0], [-805.0], [-196.0], [-1150.0], [-1410.0], [-688.0], [-510.0], [-688.0], [-1090.0], [-263.0], [-214.0], [-936.0], [-1490.0], [-207.0], [-249.0], [-318.0], [-212.0], [-2180.0], [-816.0], [-1170.0], [-742.0], [-602.0], [-659.0], [-3960.0], [-439.0], [-758.0], [-117.0], [-447.0], [-716.0], [-154.0], [-734.0], [-549.0], [-661.0], [-12900.0], [-759.0], [-4270.0], [-681.0], [-2910.0], [-854.0], [-3080.0], [-760.0], [-3590.0], [-717.0], [-731.0], [-6620.0], [-678.0], [-937.0]]
[False, False, False, False, False, False, False, False, False, False, False, False, False, False, False, False, False, False, False, False, False, False, False, False, False, False, False, False, False, False, False, False, False, False, False, False, False, False, False, False, False, False, False, False, False, False, False, False, False, False, False, False, False, False]
[Stage 1]Gen 15:  1st stage Reward: 0, Best reward: [71303.1]
Generation 14 耗时: 6.967秒
[-824.0, -37.7, -134.0, -443.0, -437.0, -344.0, -188.0, -300.0, -431.0, -163.0, -357.0, -806.0, -472.0, -199.0, -513.0, -226.0, -222.0, -178.0, -220.0, -157.0, -173.0, -156.0, -256.0, -178.0, -252.0, -721.0, -130.0, -444.0, -246.0, -396.0, -96.7, -212.0, -630.0, -98.2, -333.0, -596.0, -130.0, -118.0, -498.0, -90.5, -132.0, -605.0, -133.0, -339.0, -2360.0, -708.0, -1790.0, -543.0, -3060.0, -617.0, -641.0, -2190.0, -596.0, -918.0]
[[-1360.0], [-45.1], [-156.0], [-528.0], [-1690.0], [-1710.0], [-668.0], [-529.0], [-805.0], [-196.0], [-1150.0], [-1410.0], [-688.0], [-510.0], [-688.0], [-1090.0], [-263.0], [-214.0], [-936.0], [-1490.0], [-207.0], [-249.0], [-318.0], [-212.0], [-2180.0], [-816.0], [-1170.0], [-742.0], [-602.0], [-659.0], [-3960.0], [-439.0], [-758.0], [-117.0], [-447.0], [-716.0], [-154.0], [-734.0], [-549.0], [-661.0], [-12900.0], [-759.0], [-4270.0], [-681.0], [-2910.0], [-854.0], [-3080.0], [-760.0], [-3590.0], [-717.0], [-731.0], [-6620.0], [-678.0], [-937.0]]
[False, False, False, False, False, False, False, False, False, False, False, False, False, False, False, False, False, False, False, False, False, False, False, False, False, False, False, False, False, False, False, False, False, False, False, False, False, False, False, False, False, False, False, False, False, False, False, False, False, False, False, False, False, False]
[Stage 1]Gen 16:  1st stage Reward: 0, Best reward: [71303.1]
Generation 15 耗时: 6.860秒
[-824.0, -37.7, -134.0, -443.0, -437.0, -344.0, -188.0, -300.0, -431.0, -163.0, -357.0, -806.0, -472.0, -199.0, -513.0, -226.0, -222.0, -178.0, -220.0, -157.0, -173.0, -156.0, -256.0, -178.0, -252.0, -721.0, -130.0, -443.0, -246.0, -394.0, -96.7, -212.0, -630.0, -98.2, -333.0, -596.0, -130.0, -118.0, -498.0, -90.5, -132.0, -605.0, -133.0, -337.0, -2360.0, -708.0, -1790.0, -543.0, -3060.0, -617.0, -641.0, -2190.0, -596.0, -918.0]
[[-1360.0], [-45.1], [-156.0], [-528.0], [-1690.0], [-1710.0], [-668.0], [-529.0], [-805.0], [-196.0], [-1150.0], [-1410.0], [-688.0], [-510.0], [-688.0], [-1090.0], [-263.0], [-214.0], [-936.0], [-1490.0], [-207.0], [-249.0], [-318.0], [-212.0], [-2180.0], [-816.0], [-1170.0], [-742.0], [-602.0], [-659.0], [-3960.0], [-439.0], [-758.0], [-117.0], [-447.0], [-716.0], [-154.0], [-734.0], [-549.0], [-661.0], [-12900.0], [-759.0], [-4270.0], [-681.0], [-2910.0], [-854.0], [-3080.0], [-760.0], [-3590.0], [-717.0], [-731.0], [-6620.0], [-678.0], [-937.0]]
[False, False, False, False, False, False, False, False, False, False, False, False, False, False, False, False, False, False, False, False, False, False, False, False, False, False, False, False, False, False, False, False, False, False, False, False, False, False, False, False, False, False, False, False, False, False, False, False, False, False, False, False, False, False]
[Stage 1]Gen 17:  1st stage Reward: 0, Best reward: [71303.1]
Generation 16 耗时: 7.158秒
[-824.0, -37.7, -134.0, -443.0, -437.0, -344.0, -188.0, -300.0, -431.0, -163.0, -357.0, -591.0, -472.0, -199.0, -513.0, -226.0, -222.0, -178.0, -220.0, -157.0, -173.0, -156.0, -256.0, -178.0, -252.0, -721.0, -130.0, -443.0, -246.0, -394.0, -96.7, -212.0, -630.0, -98.2, -333.0, -596.0, -130.0, -118.0, -498.0, -90.5, -132.0, -605.0, -133.0, -337.0, -2360.0, -708.0, -1790.0, -543.0, -3040.0, -617.0, -641.0, -2140.0, -596.0, -918.0]
[[-1360.0], [-45.1], [-156.0], [-528.0], [-1690.0], [-1710.0], [-668.0], [-529.0], [-805.0], [-196.0], [-1150.0], [-1410.0], [-688.0], [-510.0], [-688.0], [-1090.0], [-263.0], [-214.0], [-936.0], [-1490.0], [-207.0], [-249.0], [-318.0], [-212.0], [-2180.0], [-816.0], [-1170.0], [-742.0], [-602.0], [-659.0], [-3960.0], [-439.0], [-758.0], [-117.0], [-447.0], [-716.0], [-154.0], [-734.0], [-549.0], [-661.0], [-12900.0], [-759.0], [-4270.0], [-681.0], [-2910.0], [-854.0], [-3080.0], [-760.0], [-3590.0], [-717.0], [-731.0], [-6620.0], [-678.0], [-937.0]]
[False, False, False, False, False, False, False, False, False, False, False, False, False, False, False, False, False, False, False, False, False, False, False, False, False, False, False, False, False, False, False, False, False, False, False, False, False, False, False, False, False, False, False, False, False, False, False, False, False, False, False, False, False, False]
[Stage 1]Gen 18:  1st stage Reward: 0, Best reward: [71303.1]
Generation 17 耗时: 7.250秒
[-660.0, -37.7, -134.0, -443.0, -437.0, -344.0, -188.0, -300.0, -431.0, -163.0, -354.0, -576.0, -472.0, -195.0, -512.0, -226.0, -222.0, -178.0, -220.0, -157.0, -173.0, -156.0, -256.0, -178.0, -252.0, -721.0, -130.0, -443.0, -246.0, -386.0, -96.7, -212.0, -630.0, -98.2, -333.0, -596.0, -130.0, -118.0, -498.0, -90.5, -132.0, -605.0, -133.0, -335.0, -2360.0, -708.0, -1790.0, -514.0, -3040.0, -617.0, -641.0, -2060.0, -596.0, -918.0]
[[-1360.0], [-45.1], [-156.0], [-528.0], [-1690.0], [-1710.0], [-668.0], [-529.0], [-805.0], [-196.0], [-1150.0], [-1410.0], [-688.0], [-510.0], [-688.0], [-1090.0], [-263.0], [-214.0], [-936.0], [-1490.0], [-207.0], [-249.0], [-318.0], [-212.0], [-2180.0], [-816.0], [-1170.0], [-742.0], [-602.0], [-659.0], [-3960.0], [-439.0], [-758.0], [-117.0], [-447.0], [-716.0], [-154.0], [-734.0], [-549.0], [-661.0], [-12900.0], [-759.0], [-4270.0], [-681.0], [-2910.0], [-854.0], [-3080.0], [-760.0], [-3590.0], [-717.0], [-731.0], [-6620.0], [-678.0], [-937.0]]
[False, False, False, False, False, False, False, False, False, False, False, False, False, False, False, False, False, False, False, False, False, False, False, False, False, False, False, False, False, False, False, False, False, False, False, False, False, False, False, False, False, False, False, False, False, False, False, False, False, False, False, False, False, False]
[Stage 1]Gen 19:  1st stage Reward: 0, Best reward: [71303.1]
Generation 18 耗时: 7.523秒
[-660.0, -37.7, -134.0, -443.0, -437.0, -344.0, -188.0, -300.0, -431.0, -163.0, -354.0, -576.0, -472.0, -195.0, -512.0, -226.0, -222.0, -178.0, -220.0, -157.0, -170.0, -156.0, -256.0, -178.0, -250.0, -721.0, -130.0, -443.0, -246.0, -386.0, -96.7, -212.0, -630.0, -98.2, -333.0, -596.0, -130.0, -118.0, -498.0, -90.5, -125.0, -605.0, -133.0, -335.0, -2360.0, -708.0, -1790.0, -461.0, -2990.0, -617.0, -641.0, -2060.0, -596.0, -918.0]
[[-1360.0], [-45.1], [-156.0], [-528.0], [-1690.0], [-1710.0], [-668.0], [-529.0], [-805.0], [-196.0], [-1150.0], [-1410.0], [-688.0], [-510.0], [-688.0], [-1090.0], [-263.0], [-214.0], [-936.0], [-1490.0], [-207.0], [-249.0], [-318.0], [-212.0], [-2180.0], [-816.0], [-1170.0], [-742.0], [-602.0], [-659.0], [-3960.0], [-439.0], [-758.0], [-117.0], [-447.0], [-716.0], [-154.0], [-734.0], [-549.0], [-661.0], [-12900.0], [-759.0], [-4270.0], [-681.0], [-2910.0], [-854.0], [-3080.0], [-760.0], [-3590.0], [-717.0], [-731.0], [-6620.0], [-678.0], [-937.0]]
[False, False, False, False, False, False, False, False, False, False, False, False, False, False, False, False, False, False, False, False, False, False, False, False, False, False, False, False, False, False, False, False, False, False, False, False, False, False, False, False, False, False, False, False, False, False, False, False, False, False, False, False, False, False]
[Stage 1]Gen 20:  1st stage Reward: 0, Best reward: [71303.1]
Generation 19 耗时: 7.490秒
[-660.0, -37.7, -134.0, -443.0, -437.0, -344.0, -188.0, -300.0, -431.0, -163.0, -354.0, -576.0, -472.0, -195.0, -512.0, -226.0, -222.0, -178.0, -220.0, -157.0, -168.0, -156.0, -256.0, -140.0, -250.0, -721.0, -130.0, -443.0, -246.0, -386.0, -96.7, -212.0, -630.0, -98.2, -333.0, -596.0, -130.0, -118.0, -498.0, -90.5, -122.0, -605.0, -133.0, -335.0, -2360.0, -708.0, -1790.0, -447.0, -2990.0, -617.0, -641.0, -2060.0, -596.0, -918.0]
[[-1360.0], [-45.1], [-156.0], [-528.0], [-1690.0], [-1710.0], [-668.0], [-529.0], [-805.0], [-196.0], [-1150.0], [-1410.0], [-688.0], [-510.0], [-688.0], [-1090.0], [-263.0], [-214.0], [-936.0], [-1490.0], [-207.0], [-249.0], [-318.0], [-212.0], [-2180.0], [-816.0], [-1170.0], [-742.0], [-602.0], [-659.0], [-3960.0], [-439.0], [-758.0], [-117.0], [-447.0], [-716.0], [-154.0], [-734.0], [-549.0], [-661.0], [-12900.0], [-759.0], [-4270.0], [-681.0], [-2910.0], [-854.0], [-3080.0], [-760.0], [-3590.0], [-717.0], [-731.0], [-6620.0], [-678.0], [-937.0]]
[False, False, False, False, False, False, False, False, False, False, False, False, False, False, False, False, False, False, False, False, False, False, False, False, False, False, False, False, False, False, False, False, False, False, False, False, False, False, False, False, False, False, False, False, False, False, False, False, False, False, False, False, False, False]
[Stage 1]Gen 21:  1st stage Reward: 0, Best reward: [71303.1]
Generation 20 耗时: 7.306秒
[-660.0, -37.7, -134.0, -443.0, -437.0, -344.0, -188.0, -300.0, -431.0, -163.0, -354.0, -576.0, -472.0, -160.0, -512.0, -226.0, -222.0, -178.0, -220.0, -157.0, -161.0, -156.0, -256.0, -123.0, -242.0, -721.0, -130.0, -441.0, -172.0, -378.0, -96.7, -212.0, -630.0, -98.2, -333.0, -596.0, -130.0, -118.0, -498.0, -90.5, -122.0, -475.0, -133.0, -335.0, -2350.0, -665.0, -1790.0, -440.0, -2960.0, -617.0, -639.0, -2040.0, -593.0, -918.0]
[[-1360.0], [-45.1], [-156.0], [-528.0], [-1690.0], [-1710.0], [-668.0], [-529.0], [-805.0], [-196.0], [-1150.0], [-1410.0], [-688.0], [-510.0], [-688.0], [-1090.0], [-263.0], [-214.0], [-936.0], [-1490.0], [-207.0], [-249.0], [-318.0], [-212.0], [-2180.0], [-816.0], [-1170.0], [-742.0], [-602.0], [-659.0], [-3960.0], [-439.0], [-758.0], [-117.0], [-447.0], [-716.0], [-154.0], [-734.0], [-549.0], [-661.0], [-12900.0], [-759.0], [-4270.0], [-681.0], [-2910.0], [-854.0], [-3080.0], [-760.0], [-3590.0], [-717.0], [-731.0], [-6620.0], [-678.0], [-937.0]]
[False, False, False, False, False, False, False, False, False, False, False, False, False, False, False, False, False, False, False, False, False, False, False, False, False, False, False, False, False, False, False, False, False, False, False, False, False, False, False, False, False, False, False, False, False, False, False, False, False, False, False, False, False, False]
[Stage 1]Gen 22:  1st stage Reward: 0, Best reward: [71303.1]
Generation 21 耗时: 7.279秒
[-641.0, -37.7, -131.0, -443.0, -437.0, -344.0, -188.0, -300.0, -428.0, -158.0, -354.0, -575.0, -472.0, -135.0, -512.0, -226.0, -210.0, -173.0, -220.0, -157.0, -155.0, -149.0, -256.0, -123.0, -242.0, -670.0, -130.0, -441.0, -168.0, -378.0, -96.7, -212.0, -630.0, -98.2, -333.0, -596.0, -124.0, -118.0, -442.0, -90.5, -121.0, -404.0, -122.0, -335.0, -2330.0, -665.0, -1790.0, -440.0, -2860.0, -617.0, -616.0, -2040.0, -593.0, -918.0]
[[-681.0], [-45.5], [-6630.0], [-1880.0], [-508.0], [-391.0], [-203.0], [-825.0], [-468.0], [-412.0], [-397.0], [-2400.0], [-1620.0], [-153.0], [-7080.0], [-270.0], [-264.0], [-2270.0], [-319.0], [-282.0], [-183.0], [-1430.0], [-456.0], [-128.0], [-701.0], [-824.0], [-153.0], [-456.0], [-184.0], [-420.0], [-107.0], [-316.0], [-733.0], [-4560.0], [-559.0], [-1290.0], [-153.0], [-292.0], [-442.0], [-97.9], [-1110.0], [-1460.0], [-158.0], [-347.0], [-6040.0], [-782.0], [-1840.0], [-456.0], [-6000.0], [-5450.0], [-723.0], [-2230.0], [-672.0], [-978.0]]
[False, False, False, False, False, False, False, False, False, False, False, False, False, False, False, False, False, False, False, False, False, False, False, False, False, False, False, False, False, False, False, False, False, False, False, False, False, False, False, False, False, False, False, False, False, False, False, False, False, False, False, False, False, False]
[Stage 1]Gen 23:  1st stage Reward: 0, Best reward: [68829.4]
Generation 22 耗时: 7.884秒
[-641.0, -37.7, -131.0, -439.0, -437.0, -344.0, -188.0, -300.0, -428.0, -158.0, -354.0, -569.0, -472.0, -131.0, -471.0, -219.0, -210.0, -165.0, -213.0, -150.0, -150.0, -136.0, -256.0, -123.0, -242.0, -646.0, -118.0, -441.0, -159.0, -378.0, -96.7, -212.0, -630.0, -98.2, -333.0, -595.0, -118.0, -118.0, -408.0, -90.5, -119.0, -402.0, -121.0, -335.0, -2290.0, -621.0, -1790.0, -440.0, -2750.0, -584.0, -594.0, -2010.0, -551.0, -918.0]
[[-681.0], [-45.5], [-6630.0], [-1880.0], [-508.0], [-391.0], [-203.0], [-825.0], [-468.0], [-412.0], [-397.0], [-2400.0], [-1620.0], [-153.0], [-7080.0], [-270.0], [-264.0], [-2270.0], [-319.0], [-282.0], [-183.0], [-1430.0], [-456.0], [-128.0], [-701.0], [-824.0], [-153.0], [-456.0], [-184.0], [-420.0], [-107.0], [-316.0], [-733.0], [-4560.0], [-559.0], [-1290.0], [-153.0], [-292.0], [-442.0], [-97.9], [-1110.0], [-1460.0], [-158.0], [-347.0], [-6040.0], [-782.0], [-1840.0], [-456.0], [-6000.0], [-5450.0], [-723.0], [-2230.0], [-672.0], [-978.0]]
[False, False, False, False, False, False, False, False, False, False, False, False, False, False, False, False, False, False, False, False, False, False, False, False, False, False, False, False, False, False, False, False, False, False, False, False, False, False, False, False, False, False, False, False, False, False, False, False, False, False, False, False, False, False]
[Stage 1]Gen 24:  1st stage Reward: 0, Best reward: [68829.4]
Generation 23 耗时: 8.053秒
[-641.0, -37.7, -131.0, -439.0, -437.0, -344.0, -188.0, -300.0, -428.0, -152.0, -353.0, -569.0, -472.0, -131.0, -471.0, -219.0, -210.0, -165.0, -212.0, -150.0, -150.0, -136.0, -256.0, -116.0, -242.0, -646.0, -118.0, -441.0, -159.0, -378.0, -96.7, -212.0, -570.0, -98.2, -333.0, -537.0, -118.0, -118.0, -408.0, -90.5, -119.0, -402.0, -118.0, -335.0, -2290.0, -609.0, -1790.0, -440.0, -2750.0, -584.0, -594.0, -2010.0, -551.0, -918.0]
[[-697.0], [-95.1], [-874.0], [-558.0], [-541.0], [-399.0], [-208.0], [-332.0], [-916.0], [-208.0], [-415.0], [-612.0], [-484.0], [-161.0], [-651.0], [-289.0], [-287.0], [-275.0], [-740.0], [-482.0], [-789.0], [-157.0], [-1790.0], [-131.0], [-1270.0], [-834.0], [-165.0], [-463.0], [-334.0], [-436.0], [-110.0], [-268.0], [-789.0], [-124.0], [-485.0], [-2600.0], [-165.0], [-2570.0], [-458.0], [-165.0], [-251.0], [-468.0], [-129.0], [-353.0], [-2600.0], [-821.0], [-1860.0], [-463.0], [-3570.0], [-745.0], [-810.0], [-4150.0], [-712.0], [-979.0]]
[False, False, False, False, False, False, False, False, False, False, False, False, False, False, False, False, False, False, False, False, False, False, False, False, False, False, False, False, False, False, False, False, False, False, False, False, False, False, False, False, False, False, False, False, False, False, False, False, False, False, False, False, False, False]
[Stage 1]Gen 25:  1st stage Reward: 0, Best reward: [41238.1]
Generation 24 耗时: 7.331秒
[-634.0, -37.7, -131.0, -419.0, -400.0, -344.0, -188.0, -295.0, -428.0, -152.0, -335.0, -569.0, -472.0, -126.0, -471.0, -205.0, -210.0, -165.0, -212.0, -146.0, -150.0, -130.0, -256.0, -116.0, -230.0, -631.0, -116.0, -439.0, -154.0, -366.0, -96.7, -191.0, -563.0, -98.2, -333.0, -529.0, -116.0, -118.0, -402.0, -87.0, -119.0, -366.0, -118.0, -335.0, -2270.0, -534.0, -1790.0, -440.0, -2750.0, -584.0, -594.0, -2010.0, -548.0, -917.0]
[[-697.0], [-95.1], [-874.0], [-558.0], [-541.0], [-399.0], [-208.0], [-332.0], [-916.0], [-208.0], [-415.0], [-612.0], [-484.0], [-161.0], [-651.0], [-289.0], [-287.0], [-275.0], [-740.0], [-482.0], [-789.0], [-157.0], [-1790.0], [-131.0], [-1270.0], [-834.0], [-165.0], [-463.0], [-334.0], [-436.0], [-110.0], [-268.0], [-789.0], [-124.0], [-485.0], [-2600.0], [-165.0], [-2570.0], [-458.0], [-165.0], [-251.0], [-468.0], [-129.0], [-353.0], [-2600.0], [-821.0], [-1860.0], [-463.0], [-3570.0], [-745.0], [-810.0], [-4150.0], [-712.0], [-979.0]]
[False, False, False, False, False, False, False, False, False, False, False, False, False, False, False, False, False, False, False, False, False, False, False, False, False, False, False, False, False, False, False, False, False, False, False, False, False, False, False, False, False, False, False, False, False, False, False, False, False, False, False, False, False, False]
[Stage 1]Gen 26:  1st stage Reward: 0, Best reward: [41238.1]
Generation 25 耗时: 7.360秒
[-634.0, -37.7, -131.0, -419.0, -400.0, -344.0, -188.0, -295.0, -428.0, -152.0, -335.0, -569.0, -472.0, -126.0, -471.0, -205.0, -210.0, -165.0, -212.0, -146.0, -150.0, -130.0, -256.0, -110.0, -230.0, -631.0, -116.0, -439.0, -154.0, -366.0, -96.7, -191.0, -563.0, -98.2, -333.0, -529.0, -116.0, -118.0, -402.0, -87.0, -119.0, -366.0, -118.0, -335.0, -2270.0, -534.0, -1790.0, -440.0, -2750.0, -584.0, -594.0, -2010.0, -548.0, -917.0]
[[-697.0], [-63.0], [-874.0], [-546.0], [-541.0], [-399.0], [-578.0], [-332.0], [-807.0], [-208.0], [-415.0], [-612.0], [-484.0], [-161.0], [-651.0], [-289.0], [-287.0], [-275.0], [-275.0], [-506.0], [-189.0], [-142.0], [-340.0], [-131.0], [-1270.0], [-1180.0], [-165.0], [-463.0], [-334.0], [-1330.0], [-110.0], [-268.0], [-789.0], [-124.0], [-485.0], [-2600.0], [-165.0], [-1280.0], [-458.0], [-183.0], [-126.0], [-393.0], [-165.0], [-353.0], [-2600.0], [-821.0], [-3250.0], [-463.0], [-3570.0], [-745.0], [-810.0], [-4150.0], [-712.0], [-979.0]]
[False, False, False, False, False, False, False, False, False, False, False, False, False, False, False, False, False, False, False, False, False, False, False, False, False, False, False, False, False, False, False, False, False, False, False, False, False, False, False, False, False, False, False, False, False, False, False, False, False, False, False, False, False, False]
[Stage 1]Gen 27:  1st stage Reward: 0, Best reward: [40143.]
Generation 26 耗时: 7.622秒
[-576.0, -37.7, -126.0, -419.0, -400.0, -344.0, -188.0, -295.0, -428.0, -151.0, -335.0, -567.0, -472.0, -126.0, -471.0, -205.0, -197.0, -165.0, -212.0, -146.0, -150.0, -130.0, -256.0, -110.0, -230.0, -631.0, -116.0, -439.0, -137.0, -366.0, -96.7, -191.0, -563.0, -98.2, -333.0, -529.0, -116.0, -118.0, -399.0, -87.0, -119.0, -366.0, -118.0, -334.0, -2270.0, -517.0, -1790.0, -440.0, -2730.0, -584.0, -594.0, -2010.0, -548.0, -891.0]
[[-697.0], [-63.0], [-874.0], [-546.0], [-541.0], [-399.0], [-578.0], [-332.0], [-807.0], [-208.0], [-415.0], [-612.0], [-484.0], [-161.0], [-651.0], [-289.0], [-287.0], [-275.0], [-275.0], [-506.0], [-189.0], [-142.0], [-340.0], [-131.0], [-1270.0], [-1180.0], [-165.0], [-463.0], [-334.0], [-1330.0], [-110.0], [-268.0], [-789.0], [-124.0], [-485.0], [-2600.0], [-165.0], [-1280.0], [-458.0], [-183.0], [-126.0], [-393.0], [-165.0], [-353.0], [-2600.0], [-821.0], [-3250.0], [-463.0], [-3570.0], [-745.0], [-810.0], [-4150.0], [-712.0], [-979.0]]
[False, False, False, False, False, False, False, False, False, False, False, False, False, False, False, False, False, False, False, False, False, False, False, False, False, False, False, False, False, False, False, False, False, False, False, False, False, False, False, False, False, False, False, False, False, False, False, False, False, False, False, False, False, False]
[Stage 1]Gen 28:  1st stage Reward: 0, Best reward: [40143.]
Generation 27 耗时: 8.275秒
[-536.0, -37.7, -126.0, -419.0, -400.0, -344.0, -188.0, -295.0, -428.0, -151.0, -335.0, -567.0, -472.0, -126.0, -471.0, -205.0, -197.0, -165.0, -212.0, -146.0, -150.0, -130.0, -256.0, -110.0, -230.0, -631.0, -116.0, -439.0, -137.0, -366.0, -96.7, -191.0, -563.0, -98.2, -333.0, -529.0, -116.0, -118.0, -399.0, -87.0, -119.0, -366.0, -118.0, -334.0, -2270.0, -517.0, -1790.0, -440.0, -2660.0, -584.0, -594.0, -2010.0, -548.0, -891.0]
[[-697.0], [-63.0], [-874.0], [-546.0], [-541.0], [-399.0], [-578.0], [-332.0], [-807.0], [-208.0], [-415.0], [-612.0], [-484.0], [-161.0], [-651.0], [-289.0], [-287.0], [-275.0], [-275.0], [-506.0], [-189.0], [-142.0], [-340.0], [-131.0], [-1270.0], [-1180.0], [-165.0], [-463.0], [-334.0], [-1330.0], [-110.0], [-268.0], [-789.0], [-124.0], [-485.0], [-2600.0], [-165.0], [-1280.0], [-458.0], [-183.0], [-126.0], [-393.0], [-165.0], [-353.0], [-2600.0], [-821.0], [-3250.0], [-463.0], [-3570.0], [-745.0], [-810.0], [-4150.0], [-712.0], [-979.0]]
[False, False, False, False, False, False, False, False, False, False, False, False, False, False, False, False, False, False, False, False, False, False, False, False, False, False, False, False, False, False, False, False, False, False, False, False, False, False, False, False, False, False, False, False, False, False, False, False, False, False, False, False, False, False]
[Stage 1]Gen 29:  1st stage Reward: 0, Best reward: [40143.]
Generation 28 耗时: 8.329秒
[-529.0, -37.7, -126.0, -419.0, -400.0, -344.0, -188.0, -295.0, -428.0, -151.0, -335.0, -567.0, -472.0, -126.0, -471.0, -205.0, -197.0, -165.0, -212.0, -146.0, -150.0, -130.0, -256.0, -110.0, -230.0, -631.0, -116.0, -439.0, -126.0, -366.0, -96.7, -191.0, -563.0, -98.2, -333.0, -529.0, -116.0, -118.0, -399.0, -87.0, -119.0, -366.0, -118.0, -334.0, -2270.0, -517.0, -1790.0, -440.0, -2660.0, -584.0, -594.0, -2010.0, -548.0, -891.0]
[[-697.0], [-63.0], [-874.0], [-546.0], [-541.0], [-399.0], [-578.0], [-332.0], [-807.0], [-208.0], [-415.0], [-612.0], [-484.0], [-161.0], [-651.0], [-289.0], [-287.0], [-275.0], [-275.0], [-506.0], [-189.0], [-142.0], [-340.0], [-131.0], [-1270.0], [-1180.0], [-165.0], [-463.0], [-334.0], [-1330.0], [-110.0], [-268.0], [-789.0], [-124.0], [-485.0], [-2600.0], [-165.0], [-1280.0], [-458.0], [-183.0], [-126.0], [-393.0], [-165.0], [-353.0], [-2600.0], [-821.0], [-3250.0], [-463.0], [-3570.0], [-745.0], [-810.0], [-4150.0], [-712.0], [-979.0]]
[False, False, False, False, False, False, False, False, False, False, False, False, False, False, False, False, False, False, False, False, False, False, False, False, False, False, False, False, False, False, False, False, False, False, False, False, False, False, False, False, False, False, False, False, False, False, False, False, False, False, False, False, False, False]
[Stage 1]Gen 30:  1st stage Reward: 0, Best reward: [40143.]
Generation 29 耗时: 8.581秒
[-529.0, -37.7, -126.0, -419.0, -400.0, -344.0, -188.0, -295.0, -428.0, -151.0, -335.0, -567.0, -472.0, -126.0, -471.0, -205.0, -197.0, -165.0, -212.0, -146.0, -150.0, -130.0, -256.0, -110.0, -230.0, -631.0, -116.0, -439.0, -121.0, -366.0, -96.7, -191.0, -563.0, -98.2, -333.0, -529.0, -116.0, -118.0, -399.0, -87.0, -119.0, -366.0, -118.0, -334.0, -2270.0, -517.0, -1790.0, -440.0, -2660.0, -584.0, -594.0, -2010.0, -548.0, -891.0]
[[-697.0], [-63.0], [-874.0], [-546.0], [-541.0], [-399.0], [-578.0], [-332.0], [-807.0], [-208.0], [-415.0], [-612.0], [-484.0], [-161.0], [-651.0], [-289.0], [-287.0], [-275.0], [-275.0], [-506.0], [-189.0], [-142.0], [-340.0], [-131.0], [-1270.0], [-1180.0], [-165.0], [-463.0], [-334.0], [-1330.0], [-110.0], [-268.0], [-789.0], [-124.0], [-485.0], [-2600.0], [-165.0], [-1280.0], [-458.0], [-183.0], [-126.0], [-393.0], [-165.0], [-353.0], [-2600.0], [-821.0], [-3250.0], [-463.0], [-3570.0], [-745.0], [-810.0], [-4150.0], [-712.0], [-979.0]]
[False, False, False, False, False, False, False, False, False, False, False, False, False, False, False, False, False, False, False, False, False, False, False, False, False, False, False, False, False, False, False, False, False, False, False, False, False, False, False, False, False, False, False, False, False, False, False, False, False, False, False, False, False, False]
[Stage 1]Gen 31:  1st stage Reward: 0, Best reward: [40143.]
Generation 30 耗时: 9.791秒
[-529.0, -37.7, -126.0, -419.0, -397.0, -344.0, -188.0, -295.0, -428.0, -151.0, -335.0, -567.0, -472.0, -126.0, -471.0, -205.0, -197.0, -165.0, -212.0, -146.0, -150.0, -130.0, -256.0, -110.0, -230.0, -631.0, -116.0, -439.0, -121.0, -366.0, -96.7, -191.0, -563.0, -98.2, -333.0, -529.0, -116.0, -118.0, -399.0, -87.0, -119.0, -366.0, -118.0, -334.0, -2270.0, -517.0, -1790.0, -440.0, -2660.0, -584.0, -594.0, -2010.0, -548.0, -891.0]
[[-697.0], [-63.0], [-874.0], [-546.0], [-541.0], [-399.0], [-578.0], [-332.0], [-807.0], [-208.0], [-415.0], [-612.0], [-484.0], [-161.0], [-651.0], [-289.0], [-287.0], [-275.0], [-275.0], [-506.0], [-189.0], [-142.0], [-340.0], [-131.0], [-1270.0], [-1180.0], [-165.0], [-463.0], [-334.0], [-1330.0], [-110.0], [-268.0], [-789.0], [-124.0], [-485.0], [-2600.0], [-165.0], [-1280.0], [-458.0], [-183.0], [-126.0], [-393.0], [-165.0], [-353.0], [-2600.0], [-821.0], [-3250.0], [-463.0], [-3570.0], [-745.0], [-810.0], [-4150.0], [-712.0], [-979.0]]
[False, False, False, False, False, False, False, False, False, False, False, False, False, False, False, False, False, False, False, False, False, False, False, False, False, False, False, False, False, False, False, False, False, False, False, False, False, False, False, False, False, False, False, False, False, False, False, False, False, False, False, False, False, False]
[Stage 1]Gen 32:  1st stage Reward: 0, Best reward: [40143.]
Generation 31 耗时: 9.789秒
[-529.0, -37.7, -126.0, -419.0, -373.0, -344.0, -188.0, -295.0, -428.0, -151.0, -335.0, -567.0, -472.0, -126.0, -471.0, -205.0, -197.0, -165.0, -212.0, -146.0, -150.0, -130.0, -256.0, -110.0, -230.0, -631.0, -116.0, -439.0, -121.0, -366.0, -96.7, -191.0, -563.0, -98.2, -333.0, -529.0, -116.0, -118.0, -399.0, -87.0, -119.0, -366.0, -118.0, -334.0, -2270.0, -517.0, -1790.0, -440.0, -2650.0, -584.0, -594.0, -2010.0, -548.0, -891.0]
[[-697.0], [-63.0], [-874.0], [-546.0], [-541.0], [-399.0], [-578.0], [-332.0], [-807.0], [-208.0], [-415.0], [-612.0], [-484.0], [-161.0], [-651.0], [-289.0], [-287.0], [-275.0], [-275.0], [-506.0], [-189.0], [-142.0], [-340.0], [-131.0], [-1270.0], [-1180.0], [-165.0], [-463.0], [-334.0], [-1330.0], [-110.0], [-268.0], [-789.0], [-124.0], [-485.0], [-2600.0], [-165.0], [-1280.0], [-458.0], [-183.0], [-126.0], [-393.0], [-165.0], [-353.0], [-2600.0], [-821.0], [-3250.0], [-463.0], [-3570.0], [-745.0], [-810.0], [-4150.0], [-712.0], [-979.0]]
[False, False, False, False, False, False, False, False, False, False, False, False, False, False, False, False, False, False, False, False, False, False, False, False, False, False, False, False, False, False, False, False, False, False, False, False, False, False, False, False, False, False, False, False, False, False, False, False, False, False, False, False, False, True]
[Stage 1]Gen 33:  1st stage Reward: 0, Best reward: [40143.]
Generation 32 耗时: 9.456秒
[-529.0, -37.7, -126.0, -419.0, -367.0, -344.0, -188.0, -295.0, -428.0, -151.0, -335.0, -567.0, -472.0, -126.0, -471.0, -205.0, -197.0, -165.0, -212.0, -146.0, -150.0, -130.0, -256.0, -110.0, -230.0, -631.0, -116.0, -439.0, -121.0, -366.0, -96.7, -191.0, -563.0, -98.2, -333.0, -529.0, -116.0, -118.0, -399.0, -87.0, -119.0, -366.0, -118.0, -334.0, -2270.0, -517.0, -1790.0, -440.0, -2500.0, -584.0, -594.0, -2010.0, -548.0, -891.0]
[[-697.0], [-63.0], [-874.0], [-546.0], [-541.0], [-399.0], [-578.0], [-332.0], [-807.0], [-208.0], [-415.0], [-612.0], [-484.0], [-161.0], [-651.0], [-289.0], [-287.0], [-275.0], [-275.0], [-506.0], [-189.0], [-142.0], [-340.0], [-131.0], [-1270.0], [-1180.0], [-165.0], [-463.0], [-334.0], [-1330.0], [-110.0], [-268.0], [-789.0], [-124.0], [-485.0], [-2600.0], [-165.0], [-1280.0], [-458.0], [-183.0], [-126.0], [-393.0], [-165.0], [-353.0], [-2600.0], [-821.0], [-3250.0], [-463.0], [-3570.0], [-745.0], [-810.0], [-4150.0], [-712.0], [-979.0]]
[False, False, False, False, False, False, False, False, False, False, False, False, False, False, False, False, False, False, False, False, False, False, False, False, False, False, False, False, False, False, False, False, False, False, False, False, False, False, False, False, False, False, False, False, False, False, False, False, False, False, False, False, False, True]
[Stage 1]Gen 34:  1st stage Reward: 0, Best reward: [40143.]
Generation 33 耗时: 9.521秒
[-529.0, -37.7, -126.0, -419.0, -367.0, -344.0, -188.0, -295.0, -428.0, -151.0, -335.0, -567.0, -472.0, -113.0, -471.0, -205.0, -197.0, -165.0, -212.0, -146.0, -150.0, -130.0, -256.0, -110.0, -230.0, -631.0, -116.0, -439.0, -121.0, -366.0, -96.7, -191.0, -563.0, -98.2, -333.0, -529.0, -116.0, -118.0, -399.0, -87.0, -119.0, -366.0, -118.0, -334.0, -2270.0, -517.0, -1790.0, -440.0, -2470.0, -584.0, -594.0, -2010.0, -548.0, -891.0]
[[-697.0], [-63.0], [-874.0], [-546.0], [-541.0], [-399.0], [-578.0], [-332.0], [-807.0], [-208.0], [-415.0], [-612.0], [-484.0], [-161.0], [-651.0], [-289.0], [-287.0], [-275.0], [-275.0], [-506.0], [-189.0], [-142.0], [-340.0], [-131.0], [-1270.0], [-1180.0], [-165.0], [-463.0], [-334.0], [-1330.0], [-110.0], [-268.0], [-789.0], [-124.0], [-485.0], [-2600.0], [-165.0], [-1280.0], [-458.0], [-183.0], [-126.0], [-393.0], [-165.0], [-353.0], [-2600.0], [-821.0], [-3250.0], [-463.0], [-3570.0], [-745.0], [-810.0], [-4150.0], [-712.0], [-979.0]]
[False, False, False, False, False, False, False, False, False, False, False, False, False, False, False, False, False, False, False, False, False, False, False, False, False, False, False, False, False, False, False, False, False, False, False, False, False, False, False, False, False, False, False, False, False, False, False, False, False, False, False, False, False, True]
[Stage 1]Gen 35:  1st stage Reward: 0, Best reward: [40143.]
Generation 34 耗时: 9.699秒
[-529.0, -37.7, -126.0, -419.0, -367.0, -344.0, -188.0, -295.0, -428.0, -151.0, -335.0, -567.0, -472.0, -113.0, -471.0, -205.0, -197.0, -165.0, -212.0, -146.0, -150.0, -130.0, -256.0, -110.0, -230.0, -631.0, -116.0, -439.0, -121.0, -366.0, -96.7, -191.0, -563.0, -98.2, -333.0, -529.0, -116.0, -118.0, -399.0, -87.0, -119.0, -366.0, -118.0, -334.0, -2270.0, -517.0, -1790.0, -440.0, -2470.0, -584.0, -594.0, -2010.0, -548.0, -891.0]
[[-697.0], [-63.0], [-874.0], [-546.0], [-541.0], [-399.0], [-578.0], [-332.0], [-807.0], [-208.0], [-415.0], [-612.0], [-484.0], [-161.0], [-651.0], [-289.0], [-287.0], [-275.0], [-275.0], [-506.0], [-189.0], [-142.0], [-340.0], [-131.0], [-1270.0], [-1180.0], [-165.0], [-463.0], [-334.0], [-1330.0], [-110.0], [-268.0], [-789.0], [-124.0], [-485.0], [-2600.0], [-165.0], [-1280.0], [-458.0], [-183.0], [-126.0], [-393.0], [-165.0], [-353.0], [-2600.0], [-821.0], [-3250.0], [-463.0], [-3570.0], [-745.0], [-810.0], [-4150.0], [-712.0], [-979.0]]
[False, False, False, False, False, False, False, False, False, False, False, False, False, False, False, False, False, False, False, False, False, False, False, False, False, False, False, False, False, False, False, False, False, False, False, False, False, False, False, False, False, False, False, False, False, False, False, False, False, False, False, False, False, True]
[Stage 1]Gen 36:  1st stage Reward: 0, Best reward: [40143.]
Generation 35 耗时: 9.308秒
[-529.0, -37.7, -126.0, -419.0, -356.0, -344.0, -188.0, -295.0, -428.0, -151.0, -335.0, -567.0, -443.0, -112.0, -471.0, -205.0, -197.0, -165.0, -212.0, -146.0, -150.0, -130.0, -256.0, -110.0, -230.0, -631.0, -116.0, -439.0, -121.0, -366.0, -96.7, -191.0, -563.0, -98.2, -333.0, -529.0, -116.0, -118.0, -399.0, -87.0, -119.0, -366.0, -118.0, -334.0, -2270.0, -517.0, -1790.0, -440.0, -2410.0, -584.0, -594.0, -2010.0, -548.0, -891.0]
[[-697.0], [-63.0], [-874.0], [-546.0], [-541.0], [-399.0], [-578.0], [-332.0], [-807.0], [-208.0], [-415.0], [-612.0], [-484.0], [-161.0], [-651.0], [-289.0], [-287.0], [-275.0], [-275.0], [-506.0], [-189.0], [-142.0], [-340.0], [-131.0], [-1270.0], [-1180.0], [-165.0], [-463.0], [-334.0], [-1330.0], [-110.0], [-268.0], [-789.0], [-124.0], [-485.0], [-2600.0], [-165.0], [-1280.0], [-458.0], [-183.0], [-126.0], [-393.0], [-165.0], [-353.0], [-2600.0], [-821.0], [-3250.0], [-463.0], [-3570.0], [-745.0], [-810.0], [-4150.0], [-712.0], [-979.0]]
[False, False, False, False, False, False, False, False, False, False, False, False, False, False, False, False, False, False, False, False, False, False, False, False, False, False, False, False, False, False, False, False, False, False, False, False, False, False, False, False, False, False, False, False, False, False, False, False, False, False, False, False, False, True]
[Stage 1]Gen 37:  1st stage Reward: 0, Best reward: [40143.]
Generation 36 耗时: 9.499秒
[-503.0, -37.7, -126.0, -419.0, -350.0, -344.0, -188.0, -295.0, -428.0, -151.0, -335.0, -567.0, -443.0, -112.0, -471.0, -205.0, -197.0, -165.0, -212.0, -146.0, -150.0, -130.0, -256.0, -110.0, -230.0, -631.0, -116.0, -439.0, -121.0, -366.0, -96.7, -191.0, -563.0, -98.2, -333.0, -529.0, -116.0, -118.0, -399.0, -87.0, -119.0, -366.0, -118.0, -334.0, -2270.0, -517.0, -1790.0, -440.0, -2410.0, -584.0, -594.0, -2010.0, -548.0, -891.0]
[[-697.0], [-63.0], [-874.0], [-546.0], [-541.0], [-399.0], [-578.0], [-332.0], [-807.0], [-208.0], [-415.0], [-612.0], [-484.0], [-161.0], [-651.0], [-289.0], [-287.0], [-275.0], [-275.0], [-506.0], [-189.0], [-142.0], [-340.0], [-131.0], [-1270.0], [-1180.0], [-165.0], [-463.0], [-334.0], [-1330.0], [-110.0], [-268.0], [-789.0], [-124.0], [-485.0], [-2600.0], [-165.0], [-1280.0], [-458.0], [-183.0], [-126.0], [-393.0], [-165.0], [-353.0], [-2600.0], [-821.0], [-3250.0], [-463.0], [-3570.0], [-745.0], [-810.0], [-4150.0], [-712.0], [-979.0]]
[False, False, False, False, False, False, False, False, False, False, False, False, False, False, False, False, False, False, False, False, False, False, False, False, False, False, False, False, False, False, False, False, False, False, False, False, False, False, False, False, False, False, False, False, False, False, False, False, False, False, False, False, False, True]
[Stage 1]Gen 38:  1st stage Reward: 0, Best reward: [40143.]
Generation 37 耗时: 9.324秒
[-478.0, -37.7, -126.0, -419.0, -347.0, -344.0, -188.0, -295.0, -421.0, -151.0, -335.0, -567.0, -443.0, -108.0, -471.0, -205.0, -197.0, -165.0, -212.0, -146.0, -150.0, -130.0, -256.0, -110.0, -230.0, -631.0, -116.0, -439.0, -118.0, -366.0, -96.7, -191.0, -563.0, -98.2, -333.0, -529.0, -116.0, -118.0, -399.0, -87.0, -118.0, -366.0, -118.0, -333.0, -2270.0, -517.0, -1790.0, -440.0, -2410.0, -584.0, -594.0, -2010.0, -548.0, -891.0]
[[-697.0], [-63.0], [-874.0], [-546.0], [-541.0], [-399.0], [-578.0], [-332.0], [-807.0], [-208.0], [-415.0], [-612.0], [-484.0], [-161.0], [-651.0], [-289.0], [-287.0], [-275.0], [-275.0], [-506.0], [-189.0], [-142.0], [-340.0], [-131.0], [-1270.0], [-1180.0], [-165.0], [-463.0], [-334.0], [-1330.0], [-110.0], [-268.0], [-789.0], [-124.0], [-485.0], [-2600.0], [-165.0], [-1280.0], [-458.0], [-183.0], [-126.0], [-393.0], [-165.0], [-353.0], [-2600.0], [-821.0], [-3250.0], [-463.0], [-3570.0], [-745.0], [-810.0], [-4150.0], [-712.0], [-979.0]]
[False, False, False, False, False, False, False, False, False, False, False, False, False, False, False, False, False, False, False, False, False, False, False, False, False, False, False, False, False, False, False, False, False, False, False, False, False, False, False, False, False, False, False, False, False, False, False, False, False, False, False, False, False, True]
[Stage 1]Gen 39:  1st stage Reward: 0, Best reward: [40143.]
Generation 38 耗时: 9.386秒
[-478.0, -37.7, -126.0, -419.0, -347.0, -344.0, -163.0, -295.0, -417.0, -151.0, -335.0, -567.0, -443.0, -108.0, -471.0, -205.0, -197.0, -165.0, -212.0, -146.0, -150.0, -130.0, -256.0, -110.0, -230.0, -631.0, -116.0, -439.0, -118.0, -366.0, -96.7, -191.0, -563.0, -98.2, -333.0, -529.0, -116.0, -118.0, -399.0, -87.0, -118.0, -366.0, -118.0, -333.0, -2270.0, -517.0, -1790.0, -440.0, -2410.0, -584.0, -594.0, -2010.0, -548.0, -891.0]
[[-697.0], [-63.0], [-874.0], [-546.0], [-541.0], [-399.0], [-578.0], [-332.0], [-807.0], [-208.0], [-415.0], [-612.0], [-484.0], [-161.0], [-651.0], [-289.0], [-287.0], [-275.0], [-275.0], [-506.0], [-189.0], [-142.0], [-340.0], [-131.0], [-1270.0], [-1180.0], [-165.0], [-463.0], [-334.0], [-1330.0], [-110.0], [-268.0], [-789.0], [-124.0], [-485.0], [-2600.0], [-165.0], [-1280.0], [-458.0], [-183.0], [-126.0], [-393.0], [-165.0], [-353.0], [-2600.0], [-821.0], [-3250.0], [-463.0], [-3570.0], [-745.0], [-810.0], [-4150.0], [-712.0], [-979.0]]
[False, False, False, False, False, False, False, False, False, False, False, False, False, False, False, False, False, False, False, False, False, False, False, False, False, False, False, False, False, False, False, False, False, False, False, False, False, False, False, False, False, False, False, False, False, False, False, False, False, False, False, False, False, True]
[Stage 1]Gen 40:  1st stage Reward: 0, Best reward: [40143.]
Generation 39 耗时: 9.407秒
[-478.0, -37.7, -126.0, -419.0, -347.0, -344.0, -156.0, -295.0, -417.0, -151.0, -335.0, -567.0, -443.0, -108.0, -471.0, -205.0, -197.0, -165.0, -212.0, -146.0, -150.0, -130.0, -256.0, -110.0, -230.0, -631.0, -116.0, -439.0, -118.0, -366.0, -96.7, -191.0, -563.0, -98.2, -333.0, -529.0, -116.0, -118.0, -399.0, -87.0, -118.0, -366.0, -118.0, -333.0, -2270.0, -517.0, -1790.0, -440.0, -2410.0, -584.0, -594.0, -2010.0, -548.0, -891.0]
[[-697.0], [-63.0], [-874.0], [-546.0], [-541.0], [-399.0], [-578.0], [-332.0], [-807.0], [-208.0], [-415.0], [-612.0], [-484.0], [-161.0], [-651.0], [-289.0], [-287.0], [-275.0], [-275.0], [-506.0], [-189.0], [-142.0], [-340.0], [-131.0], [-1270.0], [-1180.0], [-165.0], [-463.0], [-334.0], [-1330.0], [-110.0], [-268.0], [-789.0], [-124.0], [-485.0], [-2600.0], [-165.0], [-1280.0], [-458.0], [-183.0], [-126.0], [-393.0], [-165.0], [-353.0], [-2600.0], [-821.0], [-3250.0], [-463.0], [-3570.0], [-745.0], [-810.0], [-4150.0], [-712.0], [-979.0]]
[False, False, False, False, False, False, False, False, False, False, False, False, False, False, False, False, False, False, False, False, False, False, False, False, False, False, False, False, False, False, False, False, False, False, False, False, False, False, False, False, False, False, False, False, False, False, False, False, False, False, False, False, False, True]
[Stage 1]Gen 41:  1st stage Reward: 0, Best reward: [40143.]
Generation 40 耗时: 9.295秒
[-478.0, -37.7, -126.0, -419.0, -347.0, -344.0, -153.0, -295.0, -417.0, -151.0, -335.0, -566.0, -443.0, -108.0, -471.0, -205.0, -197.0, -165.0, -212.0, -146.0, -150.0, -130.0, -256.0, -110.0, -230.0, -631.0, -116.0, -439.0, -118.0, -366.0, -96.7, -191.0, -563.0, -98.2, -333.0, -529.0, -116.0, -118.0, -399.0, -87.0, -118.0, -366.0, -118.0, -333.0, -2270.0, -517.0, -1790.0, -440.0, -2410.0, -584.0, -594.0, -2010.0, -548.0, -891.0]
[[-697.0], [-63.0], [-874.0], [-546.0], [-541.0], [-399.0], [-578.0], [-332.0], [-807.0], [-208.0], [-415.0], [-612.0], [-484.0], [-161.0], [-651.0], [-289.0], [-287.0], [-275.0], [-275.0], [-506.0], [-189.0], [-142.0], [-340.0], [-131.0], [-1270.0], [-1180.0], [-165.0], [-463.0], [-334.0], [-1330.0], [-110.0], [-268.0], [-789.0], [-124.0], [-485.0], [-2600.0], [-165.0], [-1280.0], [-458.0], [-183.0], [-126.0], [-393.0], [-165.0], [-353.0], [-2600.0], [-821.0], [-3250.0], [-463.0], [-3570.0], [-745.0], [-810.0], [-4150.0], [-712.0], [-979.0]]
[False, False, False, False, False, False, False, False, False, False, False, False, False, False, False, False, False, False, False, False, False, False, False, False, False, False, False, False, False, False, False, False, False, False, False, False, False, False, False, False, False, False, False, False, False, False, False, False, False, False, False, False, False, True]
[Stage 1]Gen 42:  1st stage Reward: 0, Best reward: [40143.]
Generation 41 耗时: 9.664秒
[-478.0, -37.7, -126.0, -419.0, -347.0, -344.0, -153.0, -295.0, -417.0, -151.0, -335.0, -566.0, -365.0, -108.0, -471.0, -205.0, -197.0, -165.0, -212.0, -146.0, -150.0, -130.0, -256.0, -107.0, -230.0, -631.0, -116.0, -439.0, -118.0, -366.0, -96.7, -191.0, -563.0, -98.2, -333.0, -529.0, -116.0, -118.0, -399.0, -87.0, -118.0, -366.0, -118.0, -333.0, -2270.0, -517.0, -1790.0, -440.0, -2410.0, -584.0, -594.0, -2010.0, -548.0, -891.0]
[[-697.0], [-63.0], [-874.0], [-546.0], [-541.0], [-399.0], [-578.0], [-332.0], [-807.0], [-208.0], [-415.0], [-612.0], [-484.0], [-161.0], [-651.0], [-289.0], [-287.0], [-275.0], [-275.0], [-506.0], [-189.0], [-142.0], [-340.0], [-131.0], [-1270.0], [-1180.0], [-165.0], [-463.0], [-334.0], [-1330.0], [-110.0], [-268.0], [-789.0], [-124.0], [-485.0], [-2600.0], [-165.0], [-1280.0], [-458.0], [-183.0], [-126.0], [-393.0], [-165.0], [-353.0], [-2600.0], [-821.0], [-3250.0], [-463.0], [-3570.0], [-745.0], [-810.0], [-4150.0], [-712.0], [-979.0]]
[False, False, False, False, False, False, False, False, False, False, False, False, False, False, False, False, False, False, False, False, False, False, False, False, False, False, False, False, False, False, False, False, False, False, False, False, False, False, False, False, False, False, False, False, False, False, False, False, False, False, False, False, False, True]
[Stage 1]Gen 43:  1st stage Reward: 0, Best reward: [40143.]
Generation 42 耗时: 9.318秒
[-478.0, -37.7, -126.0, -419.0, -347.0, -344.0, -153.0, -295.0, -417.0, -151.0, -335.0, -566.0, -365.0, -108.0, -471.0, -205.0, -197.0, -165.0, -212.0, -146.0, -150.0, -130.0, -256.0, -107.0, -230.0, -631.0, -116.0, -439.0, -118.0, -366.0, -96.7, -191.0, -563.0, -98.2, -333.0, -529.0, -116.0, -118.0, -399.0, -87.0, -118.0, -366.0, -118.0, -333.0, -2270.0, -517.0, -1790.0, -440.0, -2410.0, -584.0, -594.0, -2010.0, -548.0, -891.0]
[[-697.0], [-63.0], [-874.0], [-546.0], [-541.0], [-399.0], [-578.0], [-332.0], [-807.0], [-208.0], [-415.0], [-612.0], [-484.0], [-161.0], [-651.0], [-289.0], [-287.0], [-275.0], [-275.0], [-506.0], [-189.0], [-142.0], [-340.0], [-131.0], [-1270.0], [-1180.0], [-165.0], [-463.0], [-334.0], [-1330.0], [-110.0], [-268.0], [-789.0], [-124.0], [-485.0], [-2600.0], [-165.0], [-1280.0], [-458.0], [-183.0], [-126.0], [-393.0], [-165.0], [-353.0], [-2600.0], [-821.0], [-3250.0], [-463.0], [-3570.0], [-745.0], [-810.0], [-4150.0], [-712.0], [-979.0]]
[False, False, False, False, False, False, False, False, False, False, False, False, False, False, False, False, False, False, False, False, False, False, False, False, False, False, False, False, False, False, False, False, False, False, False, False, False, False, False, False, False, False, False, False, False, False, False, False, False, False, False, False, False, True]
[Stage 1]Gen 44:  1st stage Reward: 0, Best reward: [40143.]
Generation 43 耗时: 9.344秒
[-473.0, -37.7, -126.0, -419.0, -347.0, -344.0, -153.0, -295.0, -416.0, -151.0, -335.0, -566.0, -363.0, -107.0, -471.0, -205.0, -197.0, -165.0, -212.0, -146.0, -150.0, -130.0, -256.0, -106.0, -230.0, -631.0, -116.0, -439.0, -118.0, -366.0, -96.7, -191.0, -563.0, -98.2, -333.0, -529.0, -116.0, -118.0, -399.0, -87.0, -118.0, -366.0, -118.0, -333.0, -2270.0, -517.0, -1790.0, -440.0, -2410.0, -584.0, -594.0, -2010.0, -548.0, -891.0]
[[-697.0], [-63.0], [-874.0], [-546.0], [-541.0], [-399.0], [-578.0], [-332.0], [-807.0], [-208.0], [-415.0], [-612.0], [-484.0], [-161.0], [-651.0], [-289.0], [-287.0], [-275.0], [-275.0], [-506.0], [-189.0], [-142.0], [-340.0], [-131.0], [-1270.0], [-1180.0], [-165.0], [-463.0], [-334.0], [-1330.0], [-110.0], [-268.0], [-789.0], [-124.0], [-485.0], [-2600.0], [-165.0], [-1280.0], [-458.0], [-183.0], [-126.0], [-393.0], [-165.0], [-353.0], [-2600.0], [-821.0], [-3250.0], [-463.0], [-3570.0], [-745.0], [-810.0], [-4150.0], [-712.0], [-979.0]]
[False, False, False, False, False, False, False, False, False, False, False, False, False, False, False, False, False, False, False, False, False, False, False, False, False, False, False, False, False, False, False, False, False, False, False, False, False, False, False, False, False, False, False, False, False, False, False, False, False, False, False, False, False, True]
[Stage 1]Gen 45:  1st stage Reward: 0, Best reward: [40143.]
Generation 44 耗时: 9.372秒
[-473.0, -37.7, -126.0, -419.0, -347.0, -344.0, -152.0, -295.0, -415.0, -151.0, -335.0, -566.0, -363.0, -107.0, -471.0, -205.0, -197.0, -165.0, -212.0, -146.0, -150.0, -130.0, -256.0, -106.0, -230.0, -631.0, -116.0, -438.0, -118.0, -366.0, -96.7, -191.0, -563.0, -98.2, -333.0, -529.0, -116.0, -118.0, -399.0, -87.0, -118.0, -366.0, -118.0, -333.0, -2270.0, -517.0, -1790.0, -440.0, -2410.0, -584.0, -594.0, -2010.0, -548.0, -891.0]
[[-697.0], [-63.0], [-874.0], [-546.0], [-541.0], [-399.0], [-578.0], [-332.0], [-807.0], [-208.0], [-415.0], [-612.0], [-484.0], [-161.0], [-651.0], [-289.0], [-287.0], [-275.0], [-275.0], [-506.0], [-189.0], [-142.0], [-340.0], [-131.0], [-1270.0], [-1180.0], [-165.0], [-463.0], [-334.0], [-1330.0], [-110.0], [-268.0], [-789.0], [-124.0], [-485.0], [-2600.0], [-165.0], [-1280.0], [-458.0], [-183.0], [-126.0], [-393.0], [-165.0], [-353.0], [-2600.0], [-821.0], [-3250.0], [-463.0], [-3570.0], [-745.0], [-810.0], [-4150.0], [-712.0], [-979.0]]
[False, False, False, False, False, False, False, False, False, False, False, False, False, False, False, False, False, False, False, False, False, False, False, False, False, False, False, False, False, False, False, False, False, False, False, False, False, False, False, False, False, False, False, False, False, False, False, False, False, False, False, False, False, True]
[Stage 1]Gen 46:  1st stage Reward: 0, Best reward: [40143.]
Generation 45 耗时: 9.238秒
[-473.0, -37.7, -126.0, -419.0, -347.0, -344.0, -152.0, -295.0, -415.0, -151.0, -335.0, -565.0, -363.0, -107.0, -470.0, -205.0, -197.0, -165.0, -212.0, -146.0, -150.0, -130.0, -256.0, -106.0, -230.0, -631.0, -116.0, -438.0, -117.0, -366.0, -96.7, -191.0, -563.0, -98.2, -333.0, -529.0, -116.0, -118.0, -399.0, -87.0, -117.0, -366.0, -118.0, -331.0, -2270.0, -517.0, -1790.0, -440.0, -2410.0, -584.0, -594.0, -2000.0, -548.0, -891.0]
[[-697.0], [-63.0], [-874.0], [-546.0], [-541.0], [-399.0], [-578.0], [-332.0], [-807.0], [-208.0], [-415.0], [-612.0], [-484.0], [-161.0], [-651.0], [-289.0], [-287.0], [-275.0], [-275.0], [-506.0], [-189.0], [-142.0], [-340.0], [-131.0], [-1270.0], [-1180.0], [-165.0], [-463.0], [-334.0], [-1330.0], [-110.0], [-268.0], [-789.0], [-124.0], [-485.0], [-2600.0], [-165.0], [-1280.0], [-458.0], [-183.0], [-126.0], [-393.0], [-165.0], [-353.0], [-2600.0], [-821.0], [-3250.0], [-463.0], [-3570.0], [-745.0], [-810.0], [-4150.0], [-712.0], [-979.0]]
[False, False, False, False, False, False, False, False, False, False, False, False, False, False, False, False, False, False, False, False, False, False, False, False, False, False, False, False, False, False, False, False, False, False, False, False, False, False, False, False, False, False, False, False, False, False, False, False, False, False, False, False, False, True]
[Stage 1]Gen 47:  1st stage Reward: 0, Best reward: [40143.]
Generation 46 耗时: 9.308秒
[-473.0, -37.7, -126.0, -419.0, -347.0, -344.0, -150.0, -295.0, -401.0, -151.0, -335.0, -565.0, -362.0, -107.0, -470.0, -205.0, -197.0, -165.0, -212.0, -146.0, -150.0, -130.0, -256.0, -104.0, -230.0, -631.0, -116.0, -438.0, -117.0, -366.0, -96.7, -191.0, -563.0, -98.2, -333.0, -529.0, -116.0, -118.0, -399.0, -87.0, -117.0, -366.0, -118.0, -331.0, -2270.0, -517.0, -1790.0, -440.0, -2410.0, -584.0, -594.0, -2000.0, -548.0, -891.0]
[[-697.0], [-63.0], [-874.0], [-546.0], [-541.0], [-399.0], [-578.0], [-332.0], [-807.0], [-208.0], [-415.0], [-612.0], [-484.0], [-161.0], [-651.0], [-289.0], [-287.0], [-275.0], [-275.0], [-506.0], [-189.0], [-142.0], [-340.0], [-131.0], [-1270.0], [-1180.0], [-165.0], [-463.0], [-334.0], [-1330.0], [-110.0], [-268.0], [-789.0], [-124.0], [-485.0], [-2600.0], [-165.0], [-1280.0], [-458.0], [-183.0], [-126.0], [-393.0], [-165.0], [-353.0], [-2600.0], [-821.0], [-3250.0], [-463.0], [-3570.0], [-745.0], [-810.0], [-4150.0], [-712.0], [-979.0]]
[False, False, False, False, False, False, False, False, False, False, False, False, False, False, False, False, False, False, False, False, False, False, False, False, False, False, False, False, False, False, False, False, False, False, False, False, False, False, False, False, False, False, False, False, False, False, False, False, False, False, False, False, False, True]
[Stage 1]Gen 48:  1st stage Reward: 0, Best reward: [40143.]
Generation 47 耗时: 9.255秒
[-473.0, -37.7, -126.0, -419.0, -347.0, -344.0, -150.0, -295.0, -356.0, -151.0, -335.0, -565.0, -362.0, -107.0, -470.0, -205.0, -197.0, -165.0, -212.0, -146.0, -150.0, -130.0, -256.0, -104.0, -230.0, -631.0, -116.0, -438.0, -117.0, -366.0, -96.7, -191.0, -563.0, -98.2, -333.0, -529.0, -116.0, -118.0, -399.0, -87.0, -117.0, -366.0, -118.0, -331.0, -2270.0, -517.0, -1790.0, -440.0, -2410.0, -584.0, -594.0, -2000.0, -548.0, -891.0]
[[-697.0], [-63.0], [-874.0], [-546.0], [-541.0], [-399.0], [-578.0], [-332.0], [-807.0], [-208.0], [-415.0], [-612.0], [-484.0], [-161.0], [-651.0], [-289.0], [-287.0], [-275.0], [-275.0], [-506.0], [-189.0], [-142.0], [-340.0], [-131.0], [-1270.0], [-1180.0], [-165.0], [-463.0], [-334.0], [-1330.0], [-110.0], [-268.0], [-789.0], [-124.0], [-485.0], [-2600.0], [-165.0], [-1280.0], [-458.0], [-183.0], [-126.0], [-393.0], [-165.0], [-353.0], [-2600.0], [-821.0], [-3250.0], [-463.0], [-3570.0], [-745.0], [-810.0], [-4150.0], [-712.0], [-979.0]]
[False, False, False, False, False, False, False, False, False, False, False, False, False, False, False, False, False, False, False, False, False, False, False, False, False, False, False, False, False, False, False, False, False, False, False, False, False, False, False, False, False, False, False, False, False, False, False, False, False, False, False, False, False, True]
[Stage 1]Gen 49:  1st stage Reward: 0, Best reward: [40143.]
Generation 48 耗时: 9.513秒
[-473.0, -37.7, -126.0, -419.0, -345.0, -344.0, -150.0, -295.0, -348.0, -150.0, -335.0, -547.0, -362.0, -107.0, -470.0, -205.0, -196.0, -165.0, -208.0, -145.0, -145.0, -130.0, -256.0, -104.0, -230.0, -631.0, -116.0, -438.0, -117.0, -345.0, -91.1, -191.0, -563.0, -98.2, -333.0, -529.0, -116.0, -118.0, -399.0, -87.0, -117.0, -366.0, -117.0, -330.0, -2210.0, -517.0, -1790.0, -426.0, -2300.0, -584.0, -581.0, -2000.0, -548.0, -874.0]
[[-697.0], [-63.0], [-874.0], [-546.0], [-541.0], [-399.0], [-578.0], [-332.0], [-807.0], [-208.0], [-415.0], [-612.0], [-484.0], [-161.0], [-651.0], [-289.0], [-287.0], [-275.0], [-275.0], [-506.0], [-189.0], [-142.0], [-340.0], [-131.0], [-1270.0], [-1180.0], [-165.0], [-463.0], [-334.0], [-1330.0], [-110.0], [-268.0], [-789.0], [-124.0], [-485.0], [-2600.0], [-165.0], [-1280.0], [-458.0], [-183.0], [-126.0], [-393.0], [-165.0], [-353.0], [-2600.0], [-821.0], [-3250.0], [-463.0], [-3570.0], [-745.0], [-810.0], [-4150.0], [-712.0], [-979.0]]
[False, False, False, False, False, False, False, False, False, False, False, False, False, False, False, False, False, False, False, False, False, False, False, False, False, False, False, False, False, False, False, False, False, False, False, False, False, False, False, False, False, False, False, False, False, False, False, False, False, False, False, False, False, True]
[Stage 1]Gen 50:  1st stage Reward: 0, Best reward: [40143.]
Generation 49 耗时: 9.349秒
[-473.0, -37.7, -126.0, -419.0, -345.0, -344.0, -150.0, -295.0, -346.0, -150.0, -335.0, -547.0, -362.0, -107.0, -469.0, -205.0, -196.0, -164.0, -208.0, -145.0, -145.0, -130.0, -256.0, -104.0, -230.0, -631.0, -116.0, -438.0, -117.0, -345.0, -91.1, -191.0, -563.0, -98.2, -333.0, -529.0, -116.0, -118.0, -399.0, -87.0, -117.0, -366.0, -117.0, -330.0, -2210.0, -517.0, -1790.0, -426.0, -2300.0, -582.0, -581.0, -2000.0, -548.0, -874.0]
[[-697.0], [-63.0], [-874.0], [-546.0], [-541.0], [-399.0], [-578.0], [-332.0], [-807.0], [-208.0], [-415.0], [-612.0], [-484.0], [-161.0], [-651.0], [-289.0], [-287.0], [-275.0], [-275.0], [-506.0], [-189.0], [-142.0], [-340.0], [-131.0], [-1270.0], [-1180.0], [-165.0], [-463.0], [-334.0], [-1330.0], [-110.0], [-268.0], [-789.0], [-124.0], [-485.0], [-2600.0], [-165.0], [-1280.0], [-458.0], [-183.0], [-126.0], [-393.0], [-165.0], [-353.0], [-2600.0], [-821.0], [-3250.0], [-463.0], [-3570.0], [-745.0], [-810.0], [-4150.0], [-712.0], [-979.0]]
[False, False, False, False, False, False, False, False, False, False, False, False, False, False, False, False, False, False, False, False, False, False, False, False, False, False, False, False, False, False, False, False, False, False, False, False, False, False, False, False, False, False, False, False, False, False, False, False, False, False, False, False, False, True]
[Stage 1]Gen 51:  1st stage Reward: 0, Best reward: [40143.]
Generation 50 耗时: 9.196秒
[-472.0, -37.7, -126.0, -419.0, -345.0, -344.0, -147.0, -295.0, -346.0, -150.0, -335.0, -547.0, -362.0, -107.0, -456.0, -205.0, -195.0, -160.0, -197.0, -144.0, -145.0, -130.0, -256.0, -102.0, -230.0, -631.0, -116.0, -438.0, -117.0, -345.0, -91.1, -191.0, -563.0, -98.2, -333.0, -529.0, -116.0, -116.0, -398.0, -87.0, -116.0, -366.0, -117.0, -330.0, -2210.0, -517.0, -1780.0, -426.0, -2300.0, -568.0, -581.0, -1990.0, -548.0, -874.0]
[[-697.0], [-63.0], [-874.0], [-546.0], [-541.0], [-399.0], [-578.0], [-332.0], [-807.0], [-208.0], [-415.0], [-612.0], [-484.0], [-161.0], [-651.0], [-289.0], [-287.0], [-275.0], [-275.0], [-506.0], [-189.0], [-142.0], [-340.0], [-131.0], [-1270.0], [-1180.0], [-165.0], [-463.0], [-334.0], [-1330.0], [-110.0], [-268.0], [-789.0], [-124.0], [-485.0], [-2600.0], [-165.0], [-1280.0], [-458.0], [-183.0], [-126.0], [-393.0], [-165.0], [-353.0], [-2600.0], [-821.0], [-3250.0], [-463.0], [-3570.0], [-745.0], [-810.0], [-4150.0], [-712.0], [-979.0]]
[False, False, False, False, False, False, False, False, False, False, False, False, False, False, False, False, False, False, False, False, False, False, False, False, False, False, False, False, False, False, False, False, False, False, False, False, False, False, False, False, False, False, False, False, False, False, False, False, False, False, False, False, False, True]
[Stage 1]Gen 52:  1st stage Reward: 0, Best reward: [40143.]
Generation 51 耗时: 9.270秒
[-472.0, -37.7, -126.0, -419.0, -345.0, -344.0, -147.0, -295.0, -346.0, -150.0, -335.0, -547.0, -362.0, -107.0, -456.0, -205.0, -195.0, -160.0, -197.0, -144.0, -145.0, -130.0, -256.0, -102.0, -230.0, -631.0, -116.0, -438.0, -117.0, -345.0, -91.1, -191.0, -563.0, -98.2, -333.0, -529.0, -116.0, -116.0, -398.0, -87.0, -116.0, -336.0, -117.0, -330.0, -2210.0, -517.0, -1780.0, -426.0, -2300.0, -568.0, -581.0, -1990.0, -548.0, -874.0]
[[-697.0], [-63.0], [-874.0], [-546.0], [-541.0], [-399.0], [-578.0], [-332.0], [-807.0], [-208.0], [-415.0], [-612.0], [-484.0], [-161.0], [-651.0], [-289.0], [-287.0], [-275.0], [-275.0], [-506.0], [-189.0], [-142.0], [-340.0], [-131.0], [-1270.0], [-1180.0], [-165.0], [-463.0], [-334.0], [-1330.0], [-110.0], [-268.0], [-789.0], [-124.0], [-485.0], [-2600.0], [-165.0], [-1280.0], [-458.0], [-183.0], [-126.0], [-393.0], [-165.0], [-353.0], [-2600.0], [-821.0], [-3250.0], [-463.0], [-3570.0], [-745.0], [-810.0], [-4150.0], [-712.0], [-979.0]]
[False, False, False, False, False, False, False, False, False, False, False, False, False, False, False, False, False, False, False, False, False, False, False, False, False, False, False, False, False, False, False, False, False, False, False, False, False, False, False, False, False, False, False, False, False, False, False, False, False, False, False, False, False, True]
[Stage 1]Gen 53:  1st stage Reward: 0, Best reward: [40143.]
Generation 52 耗时: 9.346秒
[-472.0, -37.7, -126.0, -419.0, -345.0, -344.0, -146.0, -295.0, -346.0, -150.0, -335.0, -547.0, -362.0, -107.0, -456.0, -205.0, -195.0, -160.0, -197.0, -144.0, -145.0, -130.0, -256.0, -102.0, -230.0, -631.0, -116.0, -425.0, -117.0, -345.0, -91.1, -191.0, -563.0, -98.2, -333.0, -529.0, -116.0, -116.0, -398.0, -87.0, -116.0, -336.0, -117.0, -330.0, -2210.0, -517.0, -1770.0, -426.0, -2300.0, -568.0, -581.0, -1990.0, -548.0, -874.0]
[[-697.0], [-63.0], [-874.0], [-546.0], [-541.0], [-399.0], [-578.0], [-332.0], [-807.0], [-208.0], [-415.0], [-612.0], [-484.0], [-161.0], [-651.0], [-289.0], [-287.0], [-275.0], [-275.0], [-506.0], [-189.0], [-142.0], [-340.0], [-131.0], [-1270.0], [-1180.0], [-165.0], [-463.0], [-334.0], [-1330.0], [-110.0], [-268.0], [-789.0], [-124.0], [-485.0], [-2600.0], [-165.0], [-1280.0], [-458.0], [-183.0], [-126.0], [-393.0], [-165.0], [-353.0], [-2600.0], [-821.0], [-3250.0], [-463.0], [-3570.0], [-745.0], [-810.0], [-4150.0], [-712.0], [-979.0]]
[False, False, False, False, False, False, False, False, False, False, False, False, False, False, False, False, False, False, False, False, False, False, False, False, False, False, False, False, False, False, False, False, False, False, False, False, False, False, False, False, False, False, False, False, False, False, False, False, False, False, False, False, False, True]
[Stage 1]Gen 54:  1st stage Reward: 0, Best reward: [40143.]
Generation 53 耗时: 9.283秒
[-472.0, -37.7, -126.0, -419.0, -345.0, -344.0, -146.0, -295.0, -346.0, -150.0, -335.0, -547.0, -362.0, -107.0, -456.0, -205.0, -195.0, -160.0, -197.0, -144.0, -145.0, -130.0, -256.0, -102.0, -230.0, -631.0, -116.0, -425.0, -117.0, -345.0, -91.1, -191.0, -563.0, -98.2, -333.0, -529.0, -116.0, -116.0, -398.0, -87.0, -116.0, -336.0, -117.0, -330.0, -2210.0, -517.0, -1770.0, -426.0, -2300.0, -568.0, -581.0, -1990.0, -548.0, -874.0]
[[-697.0], [-63.0], [-874.0], [-546.0], [-541.0], [-399.0], [-578.0], [-332.0], [-807.0], [-208.0], [-415.0], [-612.0], [-484.0], [-161.0], [-651.0], [-289.0], [-287.0], [-275.0], [-275.0], [-506.0], [-189.0], [-142.0], [-340.0], [-131.0], [-1270.0], [-1180.0], [-165.0], [-463.0], [-334.0], [-1330.0], [-110.0], [-268.0], [-789.0], [-124.0], [-485.0], [-2600.0], [-165.0], [-1280.0], [-458.0], [-183.0], [-126.0], [-393.0], [-165.0], [-353.0], [-2600.0], [-821.0], [-3250.0], [-463.0], [-3570.0], [-745.0], [-810.0], [-4150.0], [-712.0], [-979.0]]
[False, False, False, False, False, False, False, False, False, False, False, False, False, False, False, False, False, False, False, False, False, False, False, False, False, False, False, False, False, False, False, False, False, False, False, False, False, False, False, False, False, False, False, False, False, False, False, False, False, False, False, False, False, True]
[Stage 1]Gen 55:  1st stage Reward: 0, Best reward: [40143.]
Generation 54 耗时: 9.264秒
[-472.0, -37.7, -126.0, -419.0, -345.0, -344.0, -146.0, -295.0, -346.0, -150.0, -335.0, -547.0, -362.0, -107.0, -456.0, -205.0, -195.0, -160.0, -197.0, -144.0, -145.0, -130.0, -256.0, -102.0, -230.0, -631.0, -116.0, -425.0, -117.0, -345.0, -91.1, -191.0, -563.0, -98.2, -333.0, -529.0, -116.0, -116.0, -398.0, -87.0, -116.0, -336.0, -117.0, -330.0, -2210.0, -517.0, -1770.0, -426.0, -2300.0, -568.0, -581.0, -1990.0, -548.0, -874.0]
[[-697.0], [-63.0], [-874.0], [-546.0], [-541.0], [-399.0], [-578.0], [-332.0], [-807.0], [-208.0], [-415.0], [-612.0], [-484.0], [-161.0], [-651.0], [-289.0], [-287.0], [-275.0], [-275.0], [-506.0], [-189.0], [-142.0], [-340.0], [-131.0], [-1270.0], [-1180.0], [-165.0], [-463.0], [-334.0], [-1330.0], [-110.0], [-268.0], [-789.0], [-124.0], [-485.0], [-2600.0], [-165.0], [-1280.0], [-458.0], [-183.0], [-126.0], [-393.0], [-165.0], [-353.0], [-2600.0], [-821.0], [-3250.0], [-463.0], [-3570.0], [-745.0], [-810.0], [-4150.0], [-712.0], [-979.0]]
[False, False, False, False, False, False, False, False, False, False, False, False, False, False, False, False, False, False, False, False, False, False, False, False, False, False, False, False, False, False, False, False, False, False, False, False, False, False, False, False, False, False, False, False, False, False, False, False, False, False, False, False, False, True]
[Stage 1]Gen 56:  1st stage Reward: 0, Best reward: [40143.]
Generation 55 耗时: 9.803秒
[-472.0, -36.1, -126.0, -419.0, -345.0, -344.0, -146.0, -295.0, -346.0, -150.0, -335.0, -547.0, -362.0, -107.0, -456.0, -205.0, -195.0, -160.0, -197.0, -144.0, -145.0, -130.0, -256.0, -102.0, -230.0, -631.0, -116.0, -425.0, -117.0, -345.0, -91.1, -191.0, -563.0, -98.2, -333.0, -529.0, -116.0, -116.0, -398.0, -87.0, -116.0, -336.0, -117.0, -330.0, -2210.0, -517.0, -1770.0, -426.0, -2300.0, -568.0, -581.0, -1990.0, -548.0, -874.0]
[[-697.0], [-63.0], [-874.0], [-546.0], [-541.0], [-399.0], [-578.0], [-332.0], [-807.0], [-208.0], [-415.0], [-612.0], [-484.0], [-161.0], [-651.0], [-289.0], [-287.0], [-275.0], [-275.0], [-506.0], [-189.0], [-142.0], [-340.0], [-131.0], [-1270.0], [-1180.0], [-165.0], [-463.0], [-334.0], [-1330.0], [-110.0], [-268.0], [-789.0], [-124.0], [-485.0], [-2600.0], [-165.0], [-1280.0], [-458.0], [-183.0], [-126.0], [-393.0], [-165.0], [-353.0], [-2600.0], [-821.0], [-3250.0], [-463.0], [-3570.0], [-745.0], [-810.0], [-4150.0], [-712.0], [-979.0]]
[False, False, False, False, False, False, False, False, False, False, False, False, False, False, False, False, False, False, False, False, False, False, False, False, False, False, False, False, False, False, False, False, False, False, False, False, False, False, False, False, False, False, False, False, False, False, False, False, False, False, False, False, False, True]
[Stage 1]Gen 57:  1st stage Reward: 0, Best reward: [40143.]
Generation 56 耗时: 9.529秒
[-472.0, -33.8, -126.0, -419.0, -345.0, -344.0, -146.0, -295.0, -346.0, -150.0, -335.0, -547.0, -362.0, -107.0, -456.0, -205.0, -195.0, -160.0, -197.0, -144.0, -145.0, -130.0, -256.0, -102.0, -230.0, -631.0, -116.0, -425.0, -117.0, -345.0, -91.1, -191.0, -563.0, -98.2, -333.0, -529.0, -116.0, -116.0, -398.0, -87.0, -116.0, -336.0, -117.0, -330.0, -2210.0, -516.0, -1770.0, -426.0, -2300.0, -568.0, -581.0, -1990.0, -548.0, -874.0]
[[-697.0], [-63.0], [-874.0], [-546.0], [-541.0], [-399.0], [-578.0], [-332.0], [-807.0], [-208.0], [-415.0], [-612.0], [-484.0], [-161.0], [-651.0], [-289.0], [-287.0], [-275.0], [-275.0], [-506.0], [-189.0], [-142.0], [-340.0], [-131.0], [-1270.0], [-1180.0], [-165.0], [-463.0], [-334.0], [-1330.0], [-110.0], [-268.0], [-789.0], [-124.0], [-485.0], [-2600.0], [-165.0], [-1280.0], [-458.0], [-183.0], [-126.0], [-393.0], [-165.0], [-353.0], [-2600.0], [-821.0], [-3250.0], [-463.0], [-3570.0], [-745.0], [-810.0], [-4150.0], [-712.0], [-979.0]]
[False, False, False, False, False, False, False, False, False, False, False, False, False, False, False, False, False, False, False, False, False, False, False, False, False, False, False, False, False, False, False, False, False, False, False, False, False, False, False, False, False, False, False, False, False, False, False, False, False, False, False, False, False, True]
[Stage 1]Gen 58:  1st stage Reward: 0, Best reward: [40143.]
Generation 57 耗时: 9.688秒
[-472.0, -33.1, -126.0, -419.0, -345.0, -344.0, -146.0, -295.0, -346.0, -150.0, -335.0, -547.0, -362.0, -107.0, -456.0, -205.0, -195.0, -160.0, -197.0, -144.0, -145.0, -130.0, -256.0, -102.0, -230.0, -631.0, -116.0, -425.0, -117.0, -345.0, -91.1, -191.0, -563.0, -98.2, -333.0, -529.0, -116.0, -116.0, -398.0, -87.0, -116.0, -336.0, -117.0, -330.0, -2210.0, -516.0, -1770.0, -426.0, -2300.0, -568.0, -581.0, -1990.0, -548.0, -874.0]
[[-697.0], [-63.0], [-874.0], [-546.0], [-541.0], [-399.0], [-578.0], [-332.0], [-807.0], [-208.0], [-415.0], [-612.0], [-484.0], [-161.0], [-651.0], [-289.0], [-287.0], [-275.0], [-275.0], [-506.0], [-189.0], [-142.0], [-340.0], [-131.0], [-1270.0], [-1180.0], [-165.0], [-463.0], [-334.0], [-1330.0], [-110.0], [-268.0], [-789.0], [-124.0], [-485.0], [-2600.0], [-165.0], [-1280.0], [-458.0], [-183.0], [-126.0], [-393.0], [-165.0], [-353.0], [-2600.0], [-821.0], [-3250.0], [-463.0], [-3570.0], [-745.0], [-810.0], [-4150.0], [-712.0], [-979.0]]
[False, False, False, False, False, False, False, False, False, False, False, False, False, False, False, False, False, False, False, False, False, False, False, False, False, False, False, False, False, False, False, False, False, False, False, False, False, False, False, False, False, False, False, False, False, False, False, False, False, False, False, False, False, True]
[Stage 1]Gen 59:  1st stage Reward: 0, Best reward: [40143.]
Generation 58 耗时: 9.450秒
[-472.0, -33.0, -126.0, -419.0, -333.0, -344.0, -146.0, -295.0, -346.0, -150.0, -335.0, -547.0, -362.0, -107.0, -456.0, -205.0, -195.0, -160.0, -197.0, -144.0, -145.0, -130.0, -256.0, -102.0, -230.0, -631.0, -116.0, -425.0, -117.0, -345.0, -91.1, -191.0, -563.0, -98.2, -333.0, -529.0, -116.0, -116.0, -394.0, -87.0, -116.0, -336.0, -117.0, -330.0, -2210.0, -516.0, -1770.0, -426.0, -2300.0, -568.0, -581.0, -1990.0, -548.0, -874.0]
[[-697.0], [-63.0], [-874.0], [-546.0], [-541.0], [-399.0], [-578.0], [-332.0], [-807.0], [-208.0], [-415.0], [-612.0], [-484.0], [-161.0], [-651.0], [-289.0], [-287.0], [-275.0], [-275.0], [-506.0], [-189.0], [-142.0], [-340.0], [-131.0], [-1270.0], [-1180.0], [-165.0], [-463.0], [-334.0], [-1330.0], [-110.0], [-268.0], [-789.0], [-124.0], [-485.0], [-2600.0], [-165.0], [-1280.0], [-458.0], [-183.0], [-126.0], [-393.0], [-165.0], [-353.0], [-2600.0], [-821.0], [-3250.0], [-463.0], [-3570.0], [-745.0], [-810.0], [-4150.0], [-712.0], [-979.0]]
[False, False, False, False, False, False, False, False, False, False, False, False, False, False, False, False, False, False, False, False, False, False, False, False, False, False, False, False, False, False, False, False, False, False, False, False, False, False, False, False, False, False, False, False, False, False, False, False, False, False, False, False, False, True]
[Stage 1]Gen 60:  1st stage Reward: 0, Best reward: [40143.]
Generation 59 耗时: 9.351秒
[-472.0, -33.0, -126.0, -419.0, -333.0, -344.0, -146.0, -295.0, -346.0, -150.0, -335.0, -547.0, -362.0, -107.0, -456.0, -205.0, -195.0, -160.0, -197.0, -144.0, -145.0, -130.0, -256.0, -102.0, -230.0, -631.0, -116.0, -425.0, -117.0, -345.0, -91.1, -191.0, -563.0, -98.2, -333.0, -529.0, -116.0, -116.0, -394.0, -87.0, -116.0, -336.0, -117.0, -330.0, -2210.0, -516.0, -1770.0, -426.0, -2300.0, -568.0, -581.0, -1990.0, -548.0, -874.0]
[[-697.0], [-63.0], [-874.0], [-546.0], [-541.0], [-399.0], [-578.0], [-332.0], [-807.0], [-208.0], [-415.0], [-612.0], [-484.0], [-161.0], [-651.0], [-289.0], [-287.0], [-275.0], [-275.0], [-506.0], [-189.0], [-142.0], [-340.0], [-131.0], [-1270.0], [-1180.0], [-165.0], [-463.0], [-334.0], [-1330.0], [-110.0], [-268.0], [-789.0], [-124.0], [-485.0], [-2600.0], [-165.0], [-1280.0], [-458.0], [-183.0], [-126.0], [-393.0], [-165.0], [-353.0], [-2600.0], [-821.0], [-3250.0], [-463.0], [-3570.0], [-745.0], [-810.0], [-4150.0], [-712.0], [-979.0]]
[False, False, False, False, False, False, False, False, False, False, False, False, False, False, False, False, False, False, False, False, False, False, False, False, False, False, False, False, False, False, False, False, False, False, False, False, False, False, False, False, False, False, False, False, False, False, False, False, False, False, False, False, False, True]
[Stage 1]Gen 61:  1st stage Reward: 0, Best reward: [40143.]
Generation 60 耗时: 9.286秒
[-472.0, -33.0, -126.0, -419.0, -333.0, -344.0, -146.0, -295.0, -346.0, -150.0, -335.0, -547.0, -362.0, -107.0, -456.0, -205.0, -195.0, -160.0, -197.0, -144.0, -145.0, -130.0, -256.0, -102.0, -230.0, -631.0, -116.0, -425.0, -117.0, -345.0, -91.1, -191.0, -563.0, -98.2, -333.0, -529.0, -116.0, -116.0, -394.0, -87.0, -116.0, -336.0, -117.0, -330.0, -2210.0, -516.0, -1770.0, -426.0, -2300.0, -568.0, -581.0, -1990.0, -548.0, -874.0]
[[-697.0], [-63.0], [-874.0], [-546.0], [-541.0], [-399.0], [-578.0], [-332.0], [-807.0], [-208.0], [-415.0], [-612.0], [-484.0], [-161.0], [-651.0], [-289.0], [-287.0], [-275.0], [-275.0], [-506.0], [-189.0], [-142.0], [-340.0], [-131.0], [-1270.0], [-1180.0], [-165.0], [-463.0], [-334.0], [-1330.0], [-110.0], [-268.0], [-789.0], [-124.0], [-485.0], [-2600.0], [-165.0], [-1280.0], [-458.0], [-183.0], [-126.0], [-393.0], [-165.0], [-353.0], [-2600.0], [-821.0], [-3250.0], [-463.0], [-3570.0], [-745.0], [-810.0], [-4150.0], [-712.0], [-979.0]]
[False, False, False, False, False, False, False, False, False, False, False, False, False, False, False, False, False, False, False, False, False, False, False, False, False, False, False, False, False, False, False, False, False, False, False, False, False, False, False, False, False, False, False, False, False, False, False, False, False, False, False, False, False, True]
[Stage 1]Gen 62:  1st stage Reward: 0, Best reward: [40143.]
Generation 61 耗时: 9.169秒
[-472.0, -31.1, -126.0, -419.0, -333.0, -344.0, -146.0, -295.0, -345.0, -150.0, -335.0, -547.0, -362.0, -107.0, -456.0, -205.0, -195.0, -160.0, -197.0, -144.0, -145.0, -130.0, -256.0, -102.0, -230.0, -631.0, -116.0, -425.0, -117.0, -345.0, -91.1, -191.0, -563.0, -98.2, -333.0, -529.0, -116.0, -116.0, -394.0, -87.0, -116.0, -336.0, -117.0, -330.0, -2210.0, -516.0, -1770.0, -426.0, -2300.0, -568.0, -581.0, -1990.0, -548.0, -874.0]
[[-697.0], [-63.0], [-874.0], [-546.0], [-541.0], [-399.0], [-578.0], [-332.0], [-807.0], [-208.0], [-415.0], [-612.0], [-484.0], [-161.0], [-651.0], [-289.0], [-287.0], [-275.0], [-275.0], [-506.0], [-189.0], [-142.0], [-340.0], [-131.0], [-1270.0], [-1180.0], [-165.0], [-463.0], [-334.0], [-1330.0], [-110.0], [-268.0], [-789.0], [-124.0], [-485.0], [-2600.0], [-165.0], [-1280.0], [-458.0], [-183.0], [-126.0], [-393.0], [-165.0], [-353.0], [-2600.0], [-821.0], [-3250.0], [-463.0], [-3570.0], [-745.0], [-810.0], [-4150.0], [-712.0], [-979.0]]
[False, False, False, False, False, False, False, False, False, False, False, False, False, False, False, False, False, False, False, False, False, False, False, False, False, False, False, False, False, False, False, False, False, False, False, False, False, False, False, False, False, False, False, False, False, False, False, False, False, False, False, False, False, True]
[Stage 1]Gen 63:  1st stage Reward: 0, Best reward: [40143.]
Generation 62 耗时: 9.695秒
[-472.0, -29.9, -126.0, -419.0, -333.0, -344.0, -146.0, -295.0, -343.0, -150.0, -335.0, -547.0, -362.0, -107.0, -456.0, -205.0, -195.0, -160.0, -197.0, -144.0, -145.0, -130.0, -256.0, -102.0, -230.0, -631.0, -116.0, -425.0, -117.0, -345.0, -91.1, -191.0, -563.0, -98.2, -333.0, -529.0, -116.0, -116.0, -394.0, -87.0, -116.0, -336.0, -117.0, -330.0, -2210.0, -516.0, -1770.0, -426.0, -2300.0, -568.0, -581.0, -1990.0, -548.0, -874.0]
[[-697.0], [-63.0], [-874.0], [-546.0], [-541.0], [-399.0], [-578.0], [-332.0], [-807.0], [-208.0], [-415.0], [-612.0], [-484.0], [-161.0], [-651.0], [-289.0], [-287.0], [-275.0], [-275.0], [-506.0], [-189.0], [-142.0], [-340.0], [-131.0], [-1270.0], [-1180.0], [-165.0], [-463.0], [-334.0], [-1330.0], [-110.0], [-268.0], [-789.0], [-124.0], [-485.0], [-2600.0], [-165.0], [-1280.0], [-458.0], [-183.0], [-126.0], [-393.0], [-165.0], [-353.0], [-2600.0], [-821.0], [-3250.0], [-463.0], [-3570.0], [-745.0], [-810.0], [-4150.0], [-712.0], [-979.0]]
[False, False, False, False, False, False, False, False, False, False, False, False, False, False, False, False, False, False, False, False, False, False, False, False, False, False, False, False, False, False, False, False, False, False, False, False, False, False, False, False, False, False, False, False, False, False, False, False, False, False, False, False, False, True]
[Stage 1]Gen 64:  1st stage Reward: 0, Best reward: [40143.]
Generation 63 耗时: 9.415秒
[-472.0, -29.0, -126.0, -419.0, -333.0, -344.0, -146.0, -295.0, -343.0, -150.0, -335.0, -547.0, -362.0, -107.0, -456.0, -205.0, -195.0, -160.0, -197.0, -144.0, -145.0, -130.0, -256.0, -102.0, -230.0, -631.0, -116.0, -425.0, -117.0, -345.0, -91.1, -191.0, -563.0, -98.2, -269.0, -529.0, -116.0, -116.0, -392.0, -87.0, -116.0, -335.0, -117.0, -330.0, -2210.0, -516.0, -1770.0, -426.0, -2300.0, -568.0, -581.0, -1990.0, -548.0, -874.0]
[[-697.0], [-63.0], [-874.0], [-546.0], [-541.0], [-399.0], [-578.0], [-332.0], [-807.0], [-208.0], [-415.0], [-612.0], [-484.0], [-161.0], [-651.0], [-289.0], [-287.0], [-275.0], [-275.0], [-506.0], [-189.0], [-142.0], [-340.0], [-131.0], [-1270.0], [-1180.0], [-165.0], [-463.0], [-334.0], [-1330.0], [-110.0], [-268.0], [-789.0], [-124.0], [-485.0], [-2600.0], [-165.0], [-1280.0], [-458.0], [-183.0], [-126.0], [-393.0], [-165.0], [-353.0], [-2600.0], [-821.0], [-3250.0], [-463.0], [-3570.0], [-745.0], [-810.0], [-4150.0], [-712.0], [-979.0]]
[False, False, False, False, False, False, False, False, False, False, False, False, False, False, False, False, False, False, False, False, False, False, False, False, False, False, False, False, False, False, False, False, False, False, False, False, False, False, False, False, False, False, False, False, False, False, False, False, False, False, False, False, False, True]
[Stage 1]Gen 65:  1st stage Reward: 0, Best reward: [40143.]
Generation 64 耗时: 9.567秒
[-472.0, -28.7, -126.0, -419.0, -333.0, -344.0, -146.0, -295.0, -343.0, -150.0, -335.0, -547.0, -341.0, -107.0, -456.0, -205.0, -195.0, -160.0, -197.0, -144.0, -145.0, -130.0, -256.0, -102.0, -230.0, -631.0, -116.0, -425.0, -117.0, -345.0, -91.1, -191.0, -563.0, -98.2, -239.0, -529.0, -116.0, -116.0, -392.0, -87.0, -116.0, -335.0, -117.0, -330.0, -2210.0, -516.0, -1770.0, -426.0, -2300.0, -568.0, -581.0, -1990.0, -548.0, -874.0]
[[-697.0], [-63.0], [-874.0], [-546.0], [-541.0], [-399.0], [-578.0], [-332.0], [-807.0], [-208.0], [-415.0], [-612.0], [-484.0], [-161.0], [-651.0], [-289.0], [-287.0], [-275.0], [-275.0], [-506.0], [-189.0], [-142.0], [-340.0], [-131.0], [-1270.0], [-1180.0], [-165.0], [-463.0], [-334.0], [-1330.0], [-110.0], [-268.0], [-789.0], [-124.0], [-485.0], [-2600.0], [-165.0], [-1280.0], [-458.0], [-183.0], [-126.0], [-393.0], [-165.0], [-353.0], [-2600.0], [-821.0], [-3250.0], [-463.0], [-3570.0], [-745.0], [-810.0], [-4150.0], [-712.0], [-979.0]]
[False, False, False, False, False, False, False, False, False, False, False, False, False, False, False, False, False, False, False, False, False, False, False, False, False, False, False, False, False, False, False, False, False, False, False, False, False, False, False, False, False, False, False, False, False, False, False, False, False, False, False, False, False, True]
[Stage 1]Gen 66:  1st stage Reward: 0, Best reward: [40143.]
Generation 65 耗时: 9.379秒
[-472.0, -28.7, -126.0, -419.0, -333.0, -344.0, -146.0, -295.0, -343.0, -150.0, -335.0, -547.0, -329.0, -107.0, -456.0, -205.0, -195.0, -160.0, -197.0, -144.0, -145.0, -130.0, -256.0, -102.0, -230.0, -631.0, -116.0, -425.0, -117.0, -345.0, -91.1, -191.0, -563.0, -98.2, -206.0, -529.0, -116.0, -116.0, -392.0, -87.0, -116.0, -335.0, -117.0, -330.0, -2210.0, -516.0, -1770.0, -426.0, -2300.0, -568.0, -581.0, -1990.0, -548.0, -874.0]
[[-697.0], [-63.0], [-874.0], [-546.0], [-541.0], [-399.0], [-578.0], [-332.0], [-807.0], [-208.0], [-415.0], [-612.0], [-484.0], [-161.0], [-651.0], [-289.0], [-287.0], [-275.0], [-275.0], [-506.0], [-189.0], [-142.0], [-340.0], [-131.0], [-1270.0], [-1180.0], [-165.0], [-463.0], [-334.0], [-1330.0], [-110.0], [-268.0], [-789.0], [-124.0], [-485.0], [-2600.0], [-165.0], [-1280.0], [-458.0], [-183.0], [-126.0], [-393.0], [-165.0], [-353.0], [-2600.0], [-821.0], [-3250.0], [-463.0], [-3570.0], [-745.0], [-810.0], [-4150.0], [-712.0], [-979.0]]
[False, False, False, False, False, False, False, False, False, False, False, False, False, False, False, False, False, False, False, False, False, False, False, False, False, False, False, False, False, False, False, False, False, False, False, False, False, False, False, False, False, False, False, False, False, False, False, False, False, False, False, False, False, True]
[Stage 1]Gen 67:  1st stage Reward: 0, Best reward: [40143.]
Generation 66 耗时: 9.267秒
[-472.0, -28.6, -126.0, -419.0, -333.0, -344.0, -146.0, -295.0, -343.0, -150.0, -335.0, -547.0, -329.0, -107.0, -456.0, -205.0, -195.0, -160.0, -197.0, -144.0, -145.0, -130.0, -256.0, -102.0, -230.0, -631.0, -116.0, -425.0, -117.0, -345.0, -91.1, -191.0, -563.0, -98.2, -206.0, -529.0, -116.0, -116.0, -392.0, -87.0, -116.0, -335.0, -117.0, -330.0, -2210.0, -516.0, -1770.0, -426.0, -2300.0, -568.0, -568.0, -1990.0, -548.0, -874.0]
[[-697.0], [-63.0], [-874.0], [-546.0], [-541.0], [-399.0], [-578.0], [-332.0], [-807.0], [-208.0], [-415.0], [-612.0], [-484.0], [-161.0], [-651.0], [-289.0], [-287.0], [-275.0], [-275.0], [-506.0], [-189.0], [-142.0], [-340.0], [-131.0], [-1270.0], [-1180.0], [-165.0], [-463.0], [-334.0], [-1330.0], [-110.0], [-268.0], [-789.0], [-124.0], [-485.0], [-2600.0], [-165.0], [-1280.0], [-458.0], [-183.0], [-126.0], [-393.0], [-165.0], [-353.0], [-2600.0], [-821.0], [-3250.0], [-463.0], [-3570.0], [-745.0], [-810.0], [-4150.0], [-712.0], [-979.0]]
[False, False, False, False, False, False, False, False, False, False, False, False, False, False, False, False, False, False, False, False, False, False, False, False, False, False, False, False, False, False, False, False, False, False, False, False, False, False, False, False, False, False, False, False, False, False, False, False, False, False, False, False, False, True]
[Stage 1]Gen 68:  1st stage Reward: 0, Best reward: [40143.]
Generation 67 耗时: 9.350秒
[-472.0, -28.5, -126.0, -419.0, -333.0, -344.0, -146.0, -295.0, -343.0, -150.0, -335.0, -547.0, -329.0, -107.0, -456.0, -205.0, -195.0, -160.0, -197.0, -144.0, -145.0, -130.0, -256.0, -102.0, -230.0, -631.0, -116.0, -425.0, -117.0, -345.0, -91.1, -191.0, -563.0, -98.2, -206.0, -529.0, -116.0, -116.0, -392.0, -87.0, -116.0, -335.0, -117.0, -330.0, -2210.0, -516.0, -1770.0, -426.0, -2300.0, -568.0, -568.0, -1990.0, -548.0, -874.0]
[[-697.0], [-63.0], [-874.0], [-546.0], [-541.0], [-399.0], [-578.0], [-332.0], [-807.0], [-208.0], [-415.0], [-612.0], [-484.0], [-161.0], [-651.0], [-289.0], [-287.0], [-275.0], [-275.0], [-506.0], [-189.0], [-142.0], [-340.0], [-131.0], [-1270.0], [-1180.0], [-165.0], [-463.0], [-334.0], [-1330.0], [-110.0], [-268.0], [-789.0], [-124.0], [-485.0], [-2600.0], [-165.0], [-1280.0], [-458.0], [-183.0], [-126.0], [-393.0], [-165.0], [-353.0], [-2600.0], [-821.0], [-3250.0], [-463.0], [-3570.0], [-745.0], [-810.0], [-4150.0], [-712.0], [-979.0]]
[False, False, False, False, False, False, False, False, False, False, False, False, False, False, False, False, False, False, False, False, False, False, False, False, False, False, False, False, False, False, False, False, False, False, False, False, False, False, False, False, False, False, False, False, False, False, False, False, False, False, False, False, False, True]
[Stage 1]Gen 69:  1st stage Reward: 0, Best reward: [40143.]
Generation 68 耗时: 9.281秒
[-472.0, -28.5, -126.0, -419.0, -333.0, -344.0, -146.0, -295.0, -343.0, -150.0, -335.0, -547.0, -329.0, -107.0, -456.0, -205.0, -195.0, -160.0, -197.0, -144.0, -145.0, -130.0, -256.0, -102.0, -230.0, -583.0, -116.0, -425.0, -117.0, -345.0, -91.1, -191.0, -563.0, -98.2, -206.0, -529.0, -116.0, -116.0, -392.0, -87.0, -116.0, -335.0, -117.0, -330.0, -2210.0, -516.0, -1770.0, -426.0, -2300.0, -568.0, -532.0, -1990.0, -548.0, -874.0]
[[-697.0], [-63.0], [-874.0], [-546.0], [-541.0], [-399.0], [-578.0], [-332.0], [-807.0], [-208.0], [-415.0], [-612.0], [-484.0], [-161.0], [-651.0], [-289.0], [-287.0], [-275.0], [-275.0], [-506.0], [-189.0], [-142.0], [-340.0], [-131.0], [-1270.0], [-1180.0], [-165.0], [-463.0], [-334.0], [-1330.0], [-110.0], [-268.0], [-789.0], [-124.0], [-485.0], [-2600.0], [-165.0], [-1280.0], [-458.0], [-183.0], [-126.0], [-393.0], [-165.0], [-353.0], [-2600.0], [-821.0], [-3250.0], [-463.0], [-3570.0], [-745.0], [-810.0], [-4150.0], [-712.0], [-979.0]]
[False, False, False, False, False, False, False, False, False, False, False, False, False, False, False, False, False, False, False, False, False, False, False, False, False, False, False, False, False, False, False, False, False, False, False, False, False, False, False, False, False, False, False, False, False, False, False, False, False, False, False, False, False, True]
[Stage 1]Gen 70:  1st stage Reward: 0, Best reward: [40143.]
Generation 69 耗时: 9.671秒
[-472.0, -28.5, -126.0, -419.0, -333.0, -344.0, -146.0, -295.0, -343.0, -150.0, -335.0, -547.0, -329.0, -107.0, -456.0, -205.0, -195.0, -160.0, -197.0, -144.0, -145.0, -130.0, -256.0, -102.0, -230.0, -575.0, -116.0, -425.0, -117.0, -345.0, -91.1, -191.0, -563.0, -98.2, -206.0, -529.0, -116.0, -116.0, -392.0, -87.0, -116.0, -335.0, -117.0, -330.0, -2210.0, -516.0, -1770.0, -426.0, -2300.0, -568.0, -532.0, -1990.0, -548.0, -874.0]
[[-697.0], [-63.0], [-874.0], [-546.0], [-541.0], [-399.0], [-578.0], [-332.0], [-807.0], [-208.0], [-415.0], [-612.0], [-484.0], [-161.0], [-651.0], [-289.0], [-287.0], [-275.0], [-275.0], [-506.0], [-189.0], [-142.0], [-340.0], [-131.0], [-1270.0], [-1180.0], [-165.0], [-463.0], [-334.0], [-1330.0], [-110.0], [-268.0], [-789.0], [-124.0], [-485.0], [-2600.0], [-165.0], [-1280.0], [-458.0], [-183.0], [-126.0], [-393.0], [-165.0], [-353.0], [-2600.0], [-821.0], [-3250.0], [-463.0], [-3570.0], [-745.0], [-810.0], [-4150.0], [-712.0], [-979.0]]
[False, False, False, False, False, False, False, False, False, False, False, False, False, False, False, False, False, False, False, False, False, False, False, False, False, False, False, False, False, False, False, False, False, False, False, False, False, False, False, False, False, False, False, False, False, False, False, False, False, False, False, False, False, True]
[Stage 1]Gen 71:  1st stage Reward: 0, Best reward: [40143.]
Generation 70 耗时: 9.313秒
[-472.0, -28.5, -126.0, -419.0, -330.0, -344.0, -146.0, -295.0, -343.0, -150.0, -335.0, -547.0, -329.0, -106.0, -456.0, -205.0, -195.0, -160.0, -197.0, -144.0, -145.0, -130.0, -256.0, -102.0, -230.0, -565.0, -116.0, -425.0, -116.0, -345.0, -91.1, -191.0, -563.0, -98.2, -197.0, -529.0, -116.0, -116.0, -391.0, -87.0, -116.0, -333.0, -116.0, -330.0, -2210.0, -516.0, -1770.0, -426.0, -2300.0, -568.0, -530.0, -1990.0, -548.0, -874.0]
[[-697.0], [-63.0], [-874.0], [-546.0], [-541.0], [-399.0], [-578.0], [-332.0], [-807.0], [-208.0], [-415.0], [-612.0], [-484.0], [-161.0], [-651.0], [-289.0], [-287.0], [-275.0], [-275.0], [-506.0], [-189.0], [-142.0], [-340.0], [-131.0], [-1270.0], [-1180.0], [-165.0], [-463.0], [-334.0], [-1330.0], [-110.0], [-268.0], [-789.0], [-124.0], [-485.0], [-2600.0], [-165.0], [-1280.0], [-458.0], [-183.0], [-126.0], [-393.0], [-165.0], [-353.0], [-2600.0], [-821.0], [-3250.0], [-463.0], [-3570.0], [-745.0], [-810.0], [-4150.0], [-712.0], [-979.0]]
[False, False, False, False, False, False, False, False, False, False, False, False, False, False, False, False, False, False, False, False, False, False, False, False, False, False, False, False, False, False, False, False, False, False, False, False, False, False, False, False, False, False, False, False, False, False, False, False, False, False, False, False, False, True]
[Stage 1]Gen 72:  1st stage Reward: 0, Best reward: [40143.]
Generation 71 耗时: 9.257秒
[-470.0, -28.5, -126.0, -419.0, -329.0, -344.0, -146.0, -294.0, -343.0, -146.0, -334.0, -547.0, -322.0, -106.0, -456.0, -205.0, -195.0, -160.0, -197.0, -144.0, -145.0, -130.0, -256.0, -102.0, -230.0, -565.0, -116.0, -425.0, -116.0, -345.0, -91.1, -191.0, -563.0, -98.2, -196.0, -529.0, -116.0, -116.0, -391.0, -87.0, -116.0, -333.0, -116.0, -330.0, -2210.0, -516.0, -1770.0, -426.0, -2300.0, -568.0, -524.0, -1990.0, -548.0, -874.0]
[[-697.0], [-63.0], [-874.0], [-546.0], [-541.0], [-399.0], [-578.0], [-332.0], [-807.0], [-208.0], [-415.0], [-612.0], [-484.0], [-161.0], [-651.0], [-289.0], [-287.0], [-275.0], [-275.0], [-506.0], [-189.0], [-142.0], [-340.0], [-131.0], [-1270.0], [-1180.0], [-165.0], [-463.0], [-334.0], [-1330.0], [-110.0], [-268.0], [-789.0], [-124.0], [-485.0], [-2600.0], [-165.0], [-1280.0], [-458.0], [-183.0], [-126.0], [-393.0], [-165.0], [-353.0], [-2600.0], [-821.0], [-3250.0], [-463.0], [-3570.0], [-745.0], [-810.0], [-4150.0], [-712.0], [-979.0]]
[False, False, False, False, False, False, False, False, False, False, False, False, False, False, False, False, False, False, False, False, False, False, False, False, False, False, False, False, False, False, False, False, False, False, False, False, False, False, False, False, False, False, False, False, False, False, False, False, False, False, False, False, False, True]
[Stage 1]Gen 73:  1st stage Reward: 0, Best reward: [40143.]
Generation 72 耗时: 9.329秒
[-470.0, -28.5, -123.0, -419.0, -329.0, -344.0, -146.0, -294.0, -343.0, -146.0, -334.0, -547.0, -322.0, -106.0, -456.0, -205.0, -148.0, -160.0, -197.0, -144.0, -145.0, -130.0, -256.0, -102.0, -230.0, -565.0, -116.0, -425.0, -116.0, -345.0, -91.1, -178.0, -563.0, -98.2, -196.0, -529.0, -116.0, -116.0, -391.0, -87.0, -116.0, -333.0, -116.0, -330.0, -2210.0, -516.0, -1770.0, -426.0, -2300.0, -568.0, -524.0, -1990.0, -548.0, -874.0]
[[-697.0], [-63.0], [-874.0], [-546.0], [-541.0], [-399.0], [-578.0], [-332.0], [-807.0], [-208.0], [-415.0], [-612.0], [-484.0], [-161.0], [-651.0], [-289.0], [-287.0], [-275.0], [-275.0], [-506.0], [-189.0], [-142.0], [-340.0], [-131.0], [-1270.0], [-1180.0], [-165.0], [-463.0], [-334.0], [-1330.0], [-110.0], [-268.0], [-789.0], [-124.0], [-485.0], [-2600.0], [-165.0], [-1280.0], [-458.0], [-183.0], [-126.0], [-393.0], [-165.0], [-353.0], [-2600.0], [-821.0], [-3250.0], [-463.0], [-3570.0], [-745.0], [-810.0], [-4150.0], [-712.0], [-979.0]]
[False, False, False, False, False, False, False, False, False, False, False, False, False, False, False, False, False, False, False, False, False, False, False, False, False, False, False, False, False, False, False, False, False, False, False, False, False, False, False, False, False, False, False, False, False, False, False, False, False, False, False, False, False, True]
[Stage 1]Gen 74:  1st stage Reward: 0, Best reward: [40143.]
Generation 73 耗时: 9.290秒
[-470.0, -28.4, -123.0, -419.0, -329.0, -344.0, -146.0, -294.0, -343.0, -146.0, -334.0, -547.0, -322.0, -106.0, -456.0, -205.0, -140.0, -160.0, -197.0, -144.0, -145.0, -130.0, -256.0, -102.0, -230.0, -558.0, -116.0, -425.0, -116.0, -345.0, -91.1, -178.0, -563.0, -98.2, -196.0, -529.0, -116.0, -116.0, -391.0, -87.0, -116.0, -333.0, -116.0, -327.0, -2210.0, -516.0, -1770.0, -426.0, -2300.0, -568.0, -524.0, -1990.0, -548.0, -874.0]
[[-697.0], [-63.0], [-874.0], [-546.0], [-541.0], [-399.0], [-578.0], [-332.0], [-807.0], [-208.0], [-415.0], [-612.0], [-484.0], [-161.0], [-651.0], [-289.0], [-287.0], [-275.0], [-275.0], [-506.0], [-189.0], [-142.0], [-340.0], [-131.0], [-1270.0], [-1180.0], [-165.0], [-463.0], [-334.0], [-1330.0], [-110.0], [-268.0], [-789.0], [-124.0], [-485.0], [-2600.0], [-165.0], [-1280.0], [-458.0], [-183.0], [-126.0], [-393.0], [-165.0], [-353.0], [-2600.0], [-821.0], [-3250.0], [-463.0], [-3570.0], [-745.0], [-810.0], [-4150.0], [-712.0], [-979.0]]
[False, False, False, False, False, False, False, False, False, False, False, False, False, False, False, False, False, False, False, False, False, False, False, False, False, False, False, False, False, False, False, False, False, False, False, False, False, False, False, False, False, False, False, False, False, False, False, False, False, False, False, False, False, True]
[Stage 1]Gen 75:  1st stage Reward: 0, Best reward: [40143.]
Generation 74 耗时: 9.367秒
[-470.0, -28.4, -123.0, -419.0, -329.0, -344.0, -146.0, -294.0, -343.0, -146.0, -334.0, -547.0, -322.0, -106.0, -456.0, -205.0, -140.0, -160.0, -197.0, -144.0, -145.0, -130.0, -256.0, -102.0, -230.0, -558.0, -116.0, -425.0, -116.0, -345.0, -91.1, -178.0, -563.0, -98.2, -196.0, -529.0, -116.0, -116.0, -391.0, -87.0, -116.0, -333.0, -116.0, -327.0, -2210.0, -516.0, -1770.0, -426.0, -2300.0, -568.0, -524.0, -1990.0, -548.0, -874.0]
[[-697.0], [-63.0], [-874.0], [-546.0], [-541.0], [-399.0], [-578.0], [-332.0], [-807.0], [-208.0], [-415.0], [-612.0], [-484.0], [-161.0], [-651.0], [-289.0], [-287.0], [-275.0], [-275.0], [-506.0], [-189.0], [-142.0], [-340.0], [-131.0], [-1270.0], [-1180.0], [-165.0], [-463.0], [-334.0], [-1330.0], [-110.0], [-268.0], [-789.0], [-124.0], [-485.0], [-2600.0], [-165.0], [-1280.0], [-458.0], [-183.0], [-126.0], [-393.0], [-165.0], [-353.0], [-2600.0], [-821.0], [-3250.0], [-463.0], [-3570.0], [-745.0], [-810.0], [-4150.0], [-712.0], [-979.0]]
[False, False, False, False, False, False, False, False, False, False, False, False, False, False, False, False, False, False, False, False, False, False, False, False, False, False, False, False, False, False, False, False, False, False, False, False, False, False, False, False, False, False, False, False, False, False, False, False, False, False, False, False, False, True]
[Stage 1]Gen 76:  1st stage Reward: 0, Best reward: [40143.]
Generation 75 耗时: 9.374秒
[-470.0, -28.4, -123.0, -419.0, -329.0, -344.0, -146.0, -294.0, -343.0, -146.0, -334.0, -547.0, -322.0, -106.0, -456.0, -205.0, -140.0, -160.0, -197.0, -144.0, -145.0, -130.0, -256.0, -102.0, -230.0, -558.0, -116.0, -425.0, -116.0, -345.0, -91.1, -178.0, -563.0, -98.2, -196.0, -529.0, -116.0, -116.0, -391.0, -87.0, -116.0, -333.0, -116.0, -327.0, -2210.0, -516.0, -1770.0, -426.0, -2300.0, -568.0, -513.0, -1990.0, -548.0, -874.0]
[[-697.0], [-63.0], [-874.0], [-546.0], [-541.0], [-399.0], [-578.0], [-332.0], [-807.0], [-208.0], [-415.0], [-612.0], [-484.0], [-161.0], [-651.0], [-289.0], [-287.0], [-275.0], [-275.0], [-506.0], [-189.0], [-142.0], [-340.0], [-131.0], [-1270.0], [-1180.0], [-165.0], [-463.0], [-334.0], [-1330.0], [-110.0], [-268.0], [-789.0], [-124.0], [-485.0], [-2600.0], [-165.0], [-1280.0], [-458.0], [-183.0], [-126.0], [-393.0], [-165.0], [-353.0], [-2600.0], [-821.0], [-3250.0], [-463.0], [-3570.0], [-745.0], [-810.0], [-4150.0], [-712.0], [-979.0]]
[False, False, False, False, False, False, False, False, False, False, False, False, False, False, False, False, False, False, False, False, False, False, False, False, False, False, False, False, False, False, False, False, False, False, False, False, False, False, False, False, False, False, False, False, False, False, False, False, False, False, False, False, False, True]
[Stage 1]Gen 77:  1st stage Reward: 0, Best reward: [40143.]
Generation 76 耗时: 9.629秒
[-470.0, -28.4, -123.0, -419.0, -329.0, -344.0, -146.0, -294.0, -343.0, -146.0, -334.0, -547.0, -322.0, -106.0, -456.0, -205.0, -140.0, -160.0, -197.0, -144.0, -145.0, -130.0, -256.0, -102.0, -230.0, -460.0, -116.0, -425.0, -116.0, -345.0, -91.1, -178.0, -563.0, -98.2, -196.0, -529.0, -116.0, -116.0, -391.0, -87.0, -116.0, -333.0, -116.0, -327.0, -2210.0, -493.0, -1770.0, -426.0, -2300.0, -568.0, -505.0, -1990.0, -548.0, -874.0]
[[-697.0], [-63.0], [-874.0], [-546.0], [-541.0], [-399.0], [-578.0], [-332.0], [-807.0], [-208.0], [-415.0], [-612.0], [-484.0], [-161.0], [-651.0], [-289.0], [-287.0], [-275.0], [-275.0], [-506.0], [-189.0], [-142.0], [-340.0], [-131.0], [-1270.0], [-1180.0], [-165.0], [-463.0], [-334.0], [-1330.0], [-110.0], [-268.0], [-789.0], [-124.0], [-485.0], [-2600.0], [-165.0], [-1280.0], [-458.0], [-183.0], [-126.0], [-393.0], [-165.0], [-353.0], [-2600.0], [-821.0], [-3250.0], [-463.0], [-3570.0], [-745.0], [-810.0], [-4150.0], [-712.0], [-979.0]]
[False, False, False, False, False, False, False, False, False, False, False, False, False, False, False, False, False, False, False, False, False, False, False, False, False, False, False, False, False, False, False, False, False, False, False, False, False, False, False, False, False, False, False, False, False, False, False, False, False, False, False, False, False, True]
[Stage 1]Gen 78:  1st stage Reward: 0, Best reward: [40143.]
Generation 77 耗时: 9.373秒
[-469.0, -28.4, -123.0, -419.0, -329.0, -344.0, -146.0, -294.0, -343.0, -146.0, -334.0, -547.0, -320.0, -106.0, -456.0, -205.0, -137.0, -160.0, -197.0, -144.0, -145.0, -130.0, -256.0, -102.0, -230.0, -442.0, -116.0, -425.0, -116.0, -345.0, -91.1, -177.0, -563.0, -98.2, -196.0, -529.0, -116.0, -116.0, -388.0, -86.7, -116.0, -333.0, -116.0, -326.0, -2210.0, -487.0, -1770.0, -426.0, -2300.0, -568.0, -442.0, -1990.0, -548.0, -874.0]
[[-697.0], [-63.0], [-874.0], [-546.0], [-541.0], [-399.0], [-578.0], [-332.0], [-807.0], [-208.0], [-415.0], [-612.0], [-484.0], [-161.0], [-651.0], [-289.0], [-287.0], [-275.0], [-275.0], [-506.0], [-189.0], [-142.0], [-340.0], [-131.0], [-1270.0], [-1180.0], [-165.0], [-463.0], [-334.0], [-1330.0], [-110.0], [-268.0], [-789.0], [-124.0], [-485.0], [-2600.0], [-165.0], [-1280.0], [-458.0], [-183.0], [-126.0], [-393.0], [-165.0], [-353.0], [-2600.0], [-821.0], [-3250.0], [-463.0], [-3570.0], [-745.0], [-810.0], [-4150.0], [-712.0], [-979.0]]
[False, False, False, False, False, False, False, False, False, False, False, False, False, False, False, False, False, False, False, False, False, False, False, False, False, False, False, False, False, False, False, False, False, False, False, False, False, False, False, False, False, False, False, False, False, False, False, False, False, False, False, False, False, True]
[Stage 1]Gen 79:  1st stage Reward: 0, Best reward: [40143.]
Generation 78 耗时: 9.295秒
[-469.0, -28.4, -123.0, -419.0, -329.0, -344.0, -146.0, -294.0, -343.0, -146.0, -334.0, -547.0, -320.0, -106.0, -456.0, -205.0, -137.0, -160.0, -197.0, -144.0, -145.0, -130.0, -256.0, -102.0, -230.0, -442.0, -116.0, -425.0, -116.0, -345.0, -91.1, -177.0, -563.0, -98.2, -196.0, -529.0, -116.0, -116.0, -388.0, -86.7, -116.0, -333.0, -116.0, -326.0, -2210.0, -482.0, -1770.0, -426.0, -2300.0, -568.0, -442.0, -1990.0, -548.0, -874.0]
[[-697.0], [-63.0], [-874.0], [-546.0], [-541.0], [-399.0], [-578.0], [-332.0], [-807.0], [-208.0], [-415.0], [-612.0], [-484.0], [-161.0], [-651.0], [-289.0], [-287.0], [-275.0], [-275.0], [-506.0], [-189.0], [-142.0], [-340.0], [-131.0], [-1270.0], [-1180.0], [-165.0], [-463.0], [-334.0], [-1330.0], [-110.0], [-268.0], [-789.0], [-124.0], [-485.0], [-2600.0], [-165.0], [-1280.0], [-458.0], [-183.0], [-126.0], [-393.0], [-165.0], [-353.0], [-2600.0], [-821.0], [-3250.0], [-463.0], [-3570.0], [-745.0], [-810.0], [-4150.0], [-712.0], [-979.0]]
[False, False, False, False, False, False, False, False, False, False, False, False, False, False, False, False, False, False, False, False, False, False, False, False, False, False, False, False, False, False, False, False, False, False, False, False, False, False, False, False, False, False, False, False, False, False, False, False, False, False, False, False, False, True]
[Stage 1]Gen 80:  1st stage Reward: 0, Best reward: [40143.]
Generation 79 耗时: 9.319秒
[-469.0, -28.4, -123.0, -419.0, -329.0, -344.0, -146.0, -294.0, -343.0, -138.0, -334.0, -547.0, -320.0, -106.0, -456.0, -205.0, -137.0, -160.0, -197.0, -144.0, -145.0, -130.0, -256.0, -102.0, -230.0, -442.0, -116.0, -425.0, -116.0, -345.0, -91.1, -177.0, -563.0, -98.2, -196.0, -529.0, -116.0, -116.0, -388.0, -86.7, -116.0, -333.0, -116.0, -326.0, -2210.0, -482.0, -1770.0, -426.0, -2300.0, -568.0, -442.0, -1990.0, -548.0, -874.0]
[[-697.0], [-63.0], [-874.0], [-546.0], [-541.0], [-399.0], [-578.0], [-332.0], [-807.0], [-208.0], [-415.0], [-612.0], [-484.0], [-161.0], [-651.0], [-289.0], [-287.0], [-275.0], [-275.0], [-506.0], [-189.0], [-142.0], [-340.0], [-131.0], [-1270.0], [-1180.0], [-165.0], [-463.0], [-334.0], [-1330.0], [-110.0], [-268.0], [-789.0], [-124.0], [-485.0], [-2600.0], [-165.0], [-1280.0], [-458.0], [-183.0], [-126.0], [-393.0], [-165.0], [-353.0], [-2600.0], [-821.0], [-3250.0], [-463.0], [-3570.0], [-745.0], [-810.0], [-4150.0], [-712.0], [-979.0]]
[False, False, False, False, False, False, False, False, False, False, False, False, False, False, False, False, False, False, False, False, False, False, False, False, False, False, False, False, False, False, False, False, False, False, False, False, False, False, False, False, False, False, False, False, False, False, False, False, False, False, False, False, False, True]
[Stage 1]Gen 81:  1st stage Reward: 0, Best reward: [40143.]
Generation 80 耗时: 9.473秒
[-469.0, -28.4, -123.0, -419.0, -329.0, -344.0, -146.0, -294.0, -343.0, -136.0, -334.0, -547.0, -320.0, -106.0, -456.0, -205.0, -137.0, -160.0, -197.0, -144.0, -145.0, -130.0, -256.0, -102.0, -230.0, -442.0, -116.0, -425.0, -116.0, -345.0, -91.1, -177.0, -563.0, -98.2, -196.0, -529.0, -116.0, -116.0, -388.0, -86.7, -116.0, -333.0, -116.0, -326.0, -2210.0, -477.0, -1770.0, -426.0, -2300.0, -568.0, -442.0, -1990.0, -548.0, -874.0]
[[-697.0], [-63.0], [-874.0], [-546.0], [-541.0], [-399.0], [-578.0], [-332.0], [-807.0], [-208.0], [-415.0], [-612.0], [-484.0], [-161.0], [-651.0], [-289.0], [-287.0], [-275.0], [-275.0], [-506.0], [-189.0], [-142.0], [-340.0], [-131.0], [-1270.0], [-1180.0], [-165.0], [-463.0], [-334.0], [-1330.0], [-110.0], [-268.0], [-789.0], [-124.0], [-485.0], [-2600.0], [-165.0], [-1280.0], [-458.0], [-183.0], [-126.0], [-393.0], [-165.0], [-353.0], [-2600.0], [-821.0], [-3250.0], [-463.0], [-3570.0], [-745.0], [-810.0], [-4150.0], [-712.0], [-979.0]]
[False, False, False, False, False, False, False, False, False, False, False, False, False, False, False, False, False, False, False, False, False, False, False, False, False, False, False, False, False, False, False, False, False, False, False, False, False, False, False, False, False, False, False, False, False, False, False, False, False, False, False, False, False, True]
[Stage 1]Gen 82:  1st stage Reward: 0, Best reward: [40143.]
Generation 81 耗时: 9.282秒
[-469.0, -28.0, -123.0, -419.0, -329.0, -344.0, -146.0, -294.0, -343.0, -127.0, -334.0, -547.0, -320.0, -106.0, -456.0, -205.0, -137.0, -160.0, -197.0, -144.0, -145.0, -130.0, -256.0, -102.0, -230.0, -442.0, -116.0, -425.0, -116.0, -345.0, -91.1, -177.0, -563.0, -98.2, -196.0, -529.0, -116.0, -116.0, -388.0, -86.7, -116.0, -333.0, -116.0, -326.0, -2210.0, -477.0, -1770.0, -426.0, -2300.0, -568.0, -439.0, -1990.0, -548.0, -874.0]
[[-697.0], [-63.0], [-874.0], [-546.0], [-541.0], [-399.0], [-578.0], [-332.0], [-807.0], [-208.0], [-415.0], [-612.0], [-484.0], [-161.0], [-651.0], [-289.0], [-287.0], [-275.0], [-275.0], [-506.0], [-189.0], [-142.0], [-340.0], [-131.0], [-1270.0], [-1180.0], [-165.0], [-463.0], [-334.0], [-1330.0], [-110.0], [-268.0], [-789.0], [-124.0], [-485.0], [-2600.0], [-165.0], [-1280.0], [-458.0], [-183.0], [-126.0], [-393.0], [-165.0], [-353.0], [-2600.0], [-821.0], [-3250.0], [-463.0], [-3570.0], [-745.0], [-810.0], [-4150.0], [-712.0], [-979.0]]
[False, False, False, False, False, False, False, False, False, False, False, False, False, False, False, False, False, False, False, False, False, False, False, False, False, False, False, False, False, False, False, False, False, False, False, False, False, False, False, False, False, False, False, False, False, False, False, False, False, False, False, False, False, True]
[Stage 1]Gen 83:  1st stage Reward: 0, Best reward: [40143.]
Generation 82 耗时: 9.252秒
[-469.0, -28.0, -123.0, -419.0, -329.0, -344.0, -146.0, -294.0, -343.0, -125.0, -334.0, -547.0, -320.0, -106.0, -456.0, -205.0, -137.0, -160.0, -163.0, -144.0, -145.0, -130.0, -256.0, -102.0, -230.0, -442.0, -116.0, -425.0, -116.0, -345.0, -91.1, -177.0, -563.0, -98.2, -196.0, -529.0, -116.0, -116.0, -388.0, -86.7, -116.0, -333.0, -116.0, -326.0, -2210.0, -477.0, -1770.0, -426.0, -2300.0, -568.0, -439.0, -1990.0, -548.0, -874.0]
[[-697.0], [-63.0], [-874.0], [-546.0], [-541.0], [-399.0], [-578.0], [-332.0], [-807.0], [-208.0], [-415.0], [-612.0], [-484.0], [-161.0], [-651.0], [-289.0], [-287.0], [-275.0], [-275.0], [-506.0], [-189.0], [-142.0], [-340.0], [-131.0], [-1270.0], [-1180.0], [-165.0], [-463.0], [-334.0], [-1330.0], [-110.0], [-268.0], [-789.0], [-124.0], [-485.0], [-2600.0], [-165.0], [-1280.0], [-458.0], [-183.0], [-126.0], [-393.0], [-165.0], [-353.0], [-2600.0], [-821.0], [-3250.0], [-463.0], [-3570.0], [-745.0], [-810.0], [-4150.0], [-712.0], [-979.0]]
[False, False, False, False, False, False, False, False, False, False, False, False, False, False, False, False, False, False, False, False, False, False, False, False, False, False, False, False, False, False, False, False, False, False, False, False, False, False, False, False, False, False, False, False, False, False, False, False, False, False, False, False, False, True]
[Stage 1]Gen 84:  1st stage Reward: 0, Best reward: [40143.]
Generation 83 耗时: 9.685秒
[-469.0, -28.0, -123.0, -419.0, -329.0, -344.0, -145.0, -294.0, -343.0, -121.0, -334.0, -547.0, -320.0, -106.0, -456.0, -205.0, -137.0, -160.0, -156.0, -144.0, -145.0, -130.0, -256.0, -102.0, -230.0, -442.0, -116.0, -425.0, -116.0, -345.0, -91.1, -177.0, -563.0, -98.2, -196.0, -529.0, -116.0, -116.0, -388.0, -86.7, -116.0, -333.0, -116.0, -326.0, -2210.0, -477.0, -1770.0, -426.0, -2300.0, -568.0, -439.0, -1990.0, -548.0, -874.0]
[[-697.0], [-63.0], [-874.0], [-546.0], [-541.0], [-399.0], [-578.0], [-332.0], [-807.0], [-208.0], [-415.0], [-612.0], [-484.0], [-161.0], [-651.0], [-289.0], [-287.0], [-275.0], [-275.0], [-506.0], [-189.0], [-142.0], [-340.0], [-131.0], [-1270.0], [-1180.0], [-165.0], [-463.0], [-334.0], [-1330.0], [-110.0], [-268.0], [-789.0], [-124.0], [-485.0], [-2600.0], [-165.0], [-1280.0], [-458.0], [-183.0], [-126.0], [-393.0], [-165.0], [-353.0], [-2600.0], [-821.0], [-3250.0], [-463.0], [-3570.0], [-745.0], [-810.0], [-4150.0], [-712.0], [-979.0]]
[False, False, False, False, False, False, False, False, False, False, False, False, False, False, False, False, False, False, False, False, False, False, False, False, False, False, False, False, False, False, False, False, False, False, False, False, False, False, False, False, False, False, False, False, False, False, False, False, False, False, False, False, False, True]
[Stage 1]Gen 85:  1st stage Reward: 0, Best reward: [40143.]
Generation 84 耗时: 9.277秒
[-469.0, -28.0, -123.0, -419.0, -329.0, -344.0, -145.0, -294.0, -343.0, -121.0, -334.0, -547.0, -320.0, -106.0, -456.0, -205.0, -137.0, -160.0, -155.0, -144.0, -145.0, -130.0, -256.0, -102.0, -230.0, -442.0, -116.0, -425.0, -116.0, -345.0, -91.1, -177.0, -563.0, -98.2, -196.0, -529.0, -116.0, -116.0, -388.0, -86.7, -116.0, -333.0, -116.0, -326.0, -2210.0, -477.0, -1770.0, -426.0, -2300.0, -568.0, -439.0, -1990.0, -548.0, -874.0]
[[-697.0], [-63.0], [-874.0], [-546.0], [-541.0], [-399.0], [-578.0], [-332.0], [-807.0], [-208.0], [-415.0], [-612.0], [-484.0], [-161.0], [-651.0], [-289.0], [-287.0], [-275.0], [-275.0], [-506.0], [-189.0], [-142.0], [-340.0], [-131.0], [-1270.0], [-1180.0], [-165.0], [-463.0], [-334.0], [-1330.0], [-110.0], [-268.0], [-789.0], [-124.0], [-485.0], [-2600.0], [-165.0], [-1280.0], [-458.0], [-183.0], [-126.0], [-393.0], [-165.0], [-353.0], [-2600.0], [-821.0], [-3250.0], [-463.0], [-3570.0], [-745.0], [-810.0], [-4150.0], [-712.0], [-979.0]]
[False, False, False, False, False, False, False, False, False, False, False, False, False, False, False, False, False, False, False, False, False, False, False, False, False, False, False, False, False, False, False, False, False, False, False, False, False, False, False, False, False, False, False, False, False, False, False, False, False, False, False, False, False, True]
[Stage 1]Gen 86:  1st stage Reward: 0, Best reward: [40143.]
Generation 85 耗时: 9.318秒
[-469.0, -28.0, -123.0, -417.0, -329.0, -344.0, -145.0, -293.0, -343.0, -118.0, -333.0, -547.0, -320.0, -106.0, -455.0, -205.0, -137.0, -160.0, -152.0, -144.0, -144.0, -129.0, -256.0, -102.0, -230.0, -442.0, -116.0, -425.0, -116.0, -345.0, -91.1, -177.0, -563.0, -98.2, -195.0, -490.0, -116.0, -116.0, -376.0, -86.7, -116.0, -333.0, -116.0, -326.0, -2210.0, -477.0, -1770.0, -426.0, -2300.0, -567.0, -434.0, -1990.0, -548.0, -874.0]
[[-697.0], [-63.0], [-874.0], [-546.0], [-541.0], [-399.0], [-578.0], [-332.0], [-807.0], [-208.0], [-415.0], [-612.0], [-484.0], [-161.0], [-651.0], [-289.0], [-287.0], [-275.0], [-275.0], [-506.0], [-189.0], [-142.0], [-340.0], [-131.0], [-1270.0], [-1180.0], [-165.0], [-463.0], [-334.0], [-1330.0], [-110.0], [-268.0], [-789.0], [-124.0], [-485.0], [-2600.0], [-165.0], [-1280.0], [-458.0], [-183.0], [-126.0], [-393.0], [-165.0], [-353.0], [-2600.0], [-821.0], [-3250.0], [-463.0], [-3570.0], [-745.0], [-810.0], [-4150.0], [-712.0], [-979.0]]
[False, False, False, False, False, False, False, False, False, False, False, False, False, False, False, False, False, False, False, False, False, False, False, False, False, False, False, False, False, False, False, False, False, False, False, False, False, False, False, False, False, False, False, False, False, False, False, False, False, False, False, False, False, True]
[Stage 1]Gen 87:  1st stage Reward: 0, Best reward: [40143.]
Generation 86 耗时: 9.328秒
[-469.0, -28.0, -123.0, -417.0, -329.0, -344.0, -145.0, -293.0, -343.0, -118.0, -333.0, -547.0, -320.0, -106.0, -455.0, -205.0, -137.0, -160.0, -152.0, -144.0, -144.0, -129.0, -256.0, -102.0, -230.0, -442.0, -116.0, -425.0, -116.0, -345.0, -91.1, -177.0, -563.0, -98.2, -195.0, -490.0, -116.0, -116.0, -359.0, -86.7, -116.0, -333.0, -116.0, -326.0, -2210.0, -477.0, -1770.0, -426.0, -2300.0, -567.0, -434.0, -1990.0, -548.0, -874.0]
[[-697.0], [-63.0], [-874.0], [-546.0], [-541.0], [-399.0], [-578.0], [-332.0], [-807.0], [-208.0], [-415.0], [-612.0], [-484.0], [-161.0], [-651.0], [-289.0], [-287.0], [-275.0], [-275.0], [-506.0], [-189.0], [-142.0], [-340.0], [-131.0], [-1270.0], [-1180.0], [-165.0], [-463.0], [-334.0], [-1330.0], [-110.0], [-268.0], [-789.0], [-124.0], [-485.0], [-2600.0], [-165.0], [-1280.0], [-458.0], [-183.0], [-126.0], [-393.0], [-165.0], [-353.0], [-2600.0], [-821.0], [-3250.0], [-463.0], [-3570.0], [-745.0], [-810.0], [-4150.0], [-712.0], [-979.0]]
[False, False, False, False, False, False, False, False, False, False, False, False, False, False, False, False, False, False, False, False, False, False, False, False, False, False, False, False, False, False, False, False, False, False, False, False, False, False, False, False, False, False, False, False, False, False, False, False, False, False, False, False, False, True]
[Stage 1]Gen 88:  1st stage Reward: 0, Best reward: [40143.]
Generation 87 耗时: 9.360秒
[-469.0, -28.0, -123.0, -417.0, -329.0, -344.0, -145.0, -293.0, -343.0, -118.0, -333.0, -547.0, -320.0, -106.0, -455.0, -205.0, -137.0, -160.0, -152.0, -144.0, -144.0, -129.0, -256.0, -102.0, -230.0, -442.0, -116.0, -425.0, -116.0, -345.0, -91.1, -177.0, -563.0, -98.2, -195.0, -490.0, -116.0, -116.0, -359.0, -86.7, -116.0, -333.0, -116.0, -326.0, -2210.0, -477.0, -1770.0, -426.0, -2300.0, -567.0, -434.0, -1990.0, -548.0, -874.0]
[[-697.0], [-63.0], [-874.0], [-546.0], [-541.0], [-399.0], [-578.0], [-332.0], [-807.0], [-208.0], [-415.0], [-612.0], [-484.0], [-161.0], [-651.0], [-289.0], [-287.0], [-275.0], [-275.0], [-506.0], [-189.0], [-142.0], [-340.0], [-131.0], [-1270.0], [-1180.0], [-165.0], [-463.0], [-334.0], [-1330.0], [-110.0], [-268.0], [-789.0], [-124.0], [-485.0], [-2600.0], [-165.0], [-1280.0], [-458.0], [-183.0], [-126.0], [-393.0], [-165.0], [-353.0], [-2600.0], [-821.0], [-3250.0], [-463.0], [-3570.0], [-745.0], [-810.0], [-4150.0], [-712.0], [-979.0]]
[False, False, False, False, False, False, False, False, False, False, False, False, False, False, False, False, False, False, False, False, False, False, False, False, False, False, False, False, False, False, False, False, False, False, False, False, False, False, False, False, False, False, False, False, False, False, False, False, False, False, False, False, False, True]
[Stage 1]Gen 89:  1st stage Reward: 0, Best reward: [40143.]
Generation 88 耗时: 9.362秒
[-469.0, -28.0, -123.0, -417.0, -329.0, -344.0, -145.0, -293.0, -343.0, -118.0, -333.0, -547.0, -320.0, -106.0, -455.0, -205.0, -137.0, -160.0, -151.0, -144.0, -144.0, -129.0, -256.0, -102.0, -230.0, -442.0, -116.0, -425.0, -116.0, -345.0, -91.1, -177.0, -563.0, -98.2, -195.0, -490.0, -116.0, -116.0, -359.0, -86.7, -116.0, -333.0, -116.0, -326.0, -2210.0, -477.0, -1770.0, -426.0, -2300.0, -567.0, -434.0, -1990.0, -548.0, -874.0]
[[-697.0], [-63.0], [-874.0], [-546.0], [-541.0], [-399.0], [-578.0], [-332.0], [-807.0], [-208.0], [-415.0], [-612.0], [-484.0], [-161.0], [-651.0], [-289.0], [-287.0], [-275.0], [-275.0], [-506.0], [-189.0], [-142.0], [-340.0], [-131.0], [-1270.0], [-1180.0], [-165.0], [-463.0], [-334.0], [-1330.0], [-110.0], [-268.0], [-789.0], [-124.0], [-485.0], [-2600.0], [-165.0], [-1280.0], [-458.0], [-183.0], [-126.0], [-393.0], [-165.0], [-353.0], [-2600.0], [-821.0], [-3250.0], [-463.0], [-3570.0], [-745.0], [-810.0], [-4150.0], [-712.0], [-979.0]]
[False, False, False, False, False, False, False, False, False, False, False, False, False, False, False, False, False, False, False, False, False, False, False, False, False, False, False, False, False, False, False, False, False, False, False, False, False, False, False, False, False, False, False, False, False, False, False, False, False, False, False, False, False, True]
[Stage 1]Gen 90:  1st stage Reward: 0, Best reward: [40143.]
Generation 89 耗时: 9.423秒
[-469.0, -28.0, -123.0, -417.0, -329.0, -344.0, -145.0, -293.0, -343.0, -118.0, -333.0, -547.0, -320.0, -106.0, -455.0, -205.0, -137.0, -160.0, -151.0, -144.0, -144.0, -129.0, -256.0, -102.0, -230.0, -442.0, -116.0, -425.0, -116.0, -345.0, -91.1, -177.0, -563.0, -98.2, -195.0, -490.0, -116.0, -116.0, -359.0, -86.7, -116.0, -333.0, -116.0, -326.0, -2210.0, -477.0, -1770.0, -426.0, -2300.0, -567.0, -434.0, -1990.0, -548.0, -874.0]
[[-697.0], [-63.0], [-874.0], [-546.0], [-541.0], [-399.0], [-578.0], [-332.0], [-807.0], [-208.0], [-415.0], [-612.0], [-484.0], [-161.0], [-651.0], [-289.0], [-287.0], [-275.0], [-275.0], [-506.0], [-189.0], [-142.0], [-340.0], [-131.0], [-1270.0], [-1180.0], [-165.0], [-463.0], [-334.0], [-1330.0], [-110.0], [-268.0], [-789.0], [-124.0], [-485.0], [-2600.0], [-165.0], [-1280.0], [-458.0], [-183.0], [-126.0], [-393.0], [-165.0], [-353.0], [-2600.0], [-821.0], [-3250.0], [-463.0], [-3570.0], [-745.0], [-810.0], [-4150.0], [-712.0], [-979.0]]
[False, False, False, False, False, False, False, False, False, False, False, False, False, False, False, False, False, False, False, False, False, False, False, False, False, False, False, False, False, False, False, False, False, False, False, False, False, False, False, False, False, False, False, False, False, False, False, False, False, False, False, False, False, True]
[Stage 1]Gen 91:  1st stage Reward: 0, Best reward: [40143.]
Generation 90 耗时: 9.738秒
[-469.0, -28.0, -123.0, -417.0, -329.0, -344.0, -145.0, -293.0, -343.0, -118.0, -333.0, -547.0, -320.0, -106.0, -455.0, -205.0, -137.0, -160.0, -151.0, -144.0, -144.0, -129.0, -256.0, -102.0, -230.0, -442.0, -116.0, -424.0, -116.0, -345.0, -91.1, -177.0, -508.0, -98.2, -195.0, -490.0, -116.0, -116.0, -359.0, -86.7, -116.0, -333.0, -116.0, -326.0, -2210.0, -474.0, -1770.0, -426.0, -2300.0, -567.0, -427.0, -1940.0, -539.0, -872.0]
[[-697.0], [-63.0], [-874.0], [-546.0], [-541.0], [-399.0], [-578.0], [-332.0], [-807.0], [-208.0], [-415.0], [-612.0], [-484.0], [-161.0], [-651.0], [-289.0], [-287.0], [-275.0], [-275.0], [-506.0], [-189.0], [-142.0], [-340.0], [-131.0], [-1270.0], [-1180.0], [-165.0], [-463.0], [-334.0], [-1330.0], [-110.0], [-268.0], [-789.0], [-124.0], [-485.0], [-2600.0], [-165.0], [-1280.0], [-458.0], [-183.0], [-126.0], [-393.0], [-165.0], [-353.0], [-2600.0], [-821.0], [-3250.0], [-463.0], [-3570.0], [-745.0], [-810.0], [-4150.0], [-712.0], [-979.0]]
[False, False, False, False, False, False, False, False, False, False, False, False, False, False, False, False, False, False, False, False, False, False, False, False, False, False, False, False, False, False, False, False, False, False, False, False, False, False, False, False, False, False, False, False, False, False, False, False, False, False, False, False, False, True]
[Stage 1]Gen 92:  1st stage Reward: 0, Best reward: [40143.]
Generation 91 耗时: 9.344秒
[-469.0, -28.0, -123.0, -417.0, -329.0, -344.0, -145.0, -293.0, -343.0, -118.0, -333.0, -547.0, -320.0, -106.0, -455.0, -205.0, -137.0, -160.0, -151.0, -144.0, -144.0, -129.0, -256.0, -102.0, -230.0, -442.0, -116.0, -424.0, -116.0, -345.0, -91.1, -177.0, -508.0, -98.2, -195.0, -490.0, -116.0, -116.0, -359.0, -86.7, -116.0, -333.0, -116.0, -326.0, -2210.0, -474.0, -1770.0, -426.0, -2300.0, -567.0, -427.0, -1940.0, -539.0, -872.0]
[[-697.0], [-63.0], [-874.0], [-546.0], [-541.0], [-399.0], [-578.0], [-332.0], [-807.0], [-208.0], [-415.0], [-612.0], [-484.0], [-161.0], [-651.0], [-289.0], [-287.0], [-275.0], [-275.0], [-506.0], [-189.0], [-142.0], [-340.0], [-131.0], [-1270.0], [-1180.0], [-165.0], [-463.0], [-334.0], [-1330.0], [-110.0], [-268.0], [-789.0], [-124.0], [-485.0], [-2600.0], [-165.0], [-1280.0], [-458.0], [-183.0], [-126.0], [-393.0], [-165.0], [-353.0], [-2600.0], [-821.0], [-3250.0], [-463.0], [-3570.0], [-745.0], [-810.0], [-4150.0], [-712.0], [-979.0]]
[False, False, False, False, False, False, False, False, False, False, False, False, False, False, False, False, False, False, False, False, False, False, False, False, False, False, False, False, False, False, False, False, False, False, False, False, False, False, False, False, False, False, False, False, False, False, False, False, False, False, False, False, False, True]
[Stage 1]Gen 93:  1st stage Reward: 0, Best reward: [40143.]
Generation 92 耗时: 9.228秒
[-469.0, -28.0, -123.0, -417.0, -329.0, -344.0, -145.0, -293.0, -343.0, -118.0, -333.0, -547.0, -320.0, -106.0, -455.0, -205.0, -137.0, -160.0, -151.0, -144.0, -144.0, -129.0, -256.0, -102.0, -230.0, -442.0, -116.0, -424.0, -116.0, -345.0, -91.1, -127.0, -508.0, -98.2, -195.0, -490.0, -116.0, -116.0, -359.0, -86.7, -116.0, -333.0, -116.0, -326.0, -2210.0, -474.0, -1770.0, -426.0, -2300.0, -567.0, -427.0, -1940.0, -539.0, -872.0]
[[-697.0], [-63.0], [-874.0], [-546.0], [-541.0], [-399.0], [-578.0], [-332.0], [-807.0], [-208.0], [-415.0], [-612.0], [-484.0], [-161.0], [-651.0], [-289.0], [-287.0], [-275.0], [-275.0], [-506.0], [-189.0], [-142.0], [-340.0], [-131.0], [-1270.0], [-1180.0], [-165.0], [-463.0], [-334.0], [-1330.0], [-110.0], [-268.0], [-789.0], [-124.0], [-485.0], [-2600.0], [-165.0], [-1280.0], [-458.0], [-183.0], [-126.0], [-393.0], [-165.0], [-353.0], [-2600.0], [-821.0], [-3250.0], [-463.0], [-3570.0], [-745.0], [-810.0], [-4150.0], [-712.0], [-979.0]]
[False, False, False, False, False, False, False, False, False, False, False, False, False, False, False, False, False, False, False, False, False, False, False, False, False, False, False, False, False, False, False, False, False, False, False, False, False, False, False, False, False, False, False, False, False, False, False, False, False, False, False, False, False, True]
[Stage 1]Gen 94:  1st stage Reward: 0, Best reward: [40143.]
Generation 93 耗时: 9.364秒
[-469.0, -28.0, -123.0, -417.0, -329.0, -344.0, -145.0, -293.0, -343.0, -118.0, -333.0, -547.0, -320.0, -106.0, -455.0, -205.0, -137.0, -160.0, -151.0, -144.0, -144.0, -129.0, -256.0, -102.0, -230.0, -442.0, -116.0, -424.0, -116.0, -345.0, -91.1, -121.0, -508.0, -98.2, -195.0, -490.0, -116.0, -116.0, -359.0, -86.7, -116.0, -333.0, -116.0, -326.0, -2210.0, -474.0, -1770.0, -426.0, -2300.0, -567.0, -427.0, -1940.0, -539.0, -872.0]
[[-697.0], [-63.0], [-874.0], [-546.0], [-541.0], [-399.0], [-578.0], [-332.0], [-807.0], [-208.0], [-415.0], [-612.0], [-484.0], [-161.0], [-651.0], [-289.0], [-287.0], [-275.0], [-275.0], [-506.0], [-189.0], [-142.0], [-340.0], [-131.0], [-1270.0], [-1180.0], [-165.0], [-463.0], [-334.0], [-1330.0], [-110.0], [-268.0], [-789.0], [-124.0], [-485.0], [-2600.0], [-165.0], [-1280.0], [-458.0], [-183.0], [-126.0], [-393.0], [-165.0], [-353.0], [-2600.0], [-821.0], [-3250.0], [-463.0], [-3570.0], [-745.0], [-810.0], [-4150.0], [-712.0], [-979.0]]
[False, False, False, False, False, False, False, False, False, False, False, False, False, False, False, False, False, False, False, False, False, False, False, False, False, False, False, False, False, False, False, False, False, False, False, False, False, False, False, False, False, False, False, False, False, False, False, False, False, False, False, False, False, True]
[Stage 1]Gen 95:  1st stage Reward: 0, Best reward: [40143.]
Generation 94 耗时: 9.238秒
[-469.0, -28.0, -123.0, -417.0, -329.0, -344.0, -145.0, -293.0, -343.0, -118.0, -333.0, -547.0, -320.0, -106.0, -455.0, -205.0, -137.0, -160.0, -151.0, -144.0, -144.0, -129.0, -256.0, -102.0, -230.0, -442.0, -116.0, -424.0, -116.0, -345.0, -91.1, -120.0, -508.0, -98.2, -193.0, -490.0, -116.0, -116.0, -359.0, -86.7, -116.0, -333.0, -116.0, -326.0, -2210.0, -474.0, -1770.0, -426.0, -2300.0, -567.0, -427.0, -1940.0, -539.0, -872.0]
[[-697.0], [-63.0], [-874.0], [-546.0], [-541.0], [-399.0], [-578.0], [-332.0], [-807.0], [-208.0], [-415.0], [-612.0], [-484.0], [-161.0], [-651.0], [-289.0], [-287.0], [-275.0], [-275.0], [-506.0], [-189.0], [-142.0], [-340.0], [-131.0], [-1270.0], [-1180.0], [-165.0], [-463.0], [-334.0], [-1330.0], [-110.0], [-268.0], [-789.0], [-124.0], [-485.0], [-2600.0], [-165.0], [-1280.0], [-458.0], [-183.0], [-126.0], [-393.0], [-165.0], [-353.0], [-2600.0], [-821.0], [-3250.0], [-463.0], [-3570.0], [-745.0], [-810.0], [-4150.0], [-712.0], [-979.0]]
[False, False, False, False, False, False, False, False, False, False, False, False, False, False, False, False, False, False, False, False, False, False, False, False, False, False, False, False, False, False, False, False, False, False, False, False, False, False, False, False, False, False, False, False, False, False, False, False, False, False, False, False, False, True]
[Stage 1]Gen 96:  1st stage Reward: 0, Best reward: [40143.]
Generation 95 耗时: 9.358秒
[-469.0, -28.0, -123.0, -417.0, -329.0, -344.0, -145.0, -293.0, -343.0, -118.0, -333.0, -547.0, -320.0, -106.0, -455.0, -205.0, -137.0, -160.0, -151.0, -144.0, -144.0, -129.0, -256.0, -102.0, -230.0, -442.0, -116.0, -424.0, -116.0, -345.0, -91.1, -120.0, -508.0, -98.2, -193.0, -490.0, -116.0, -116.0, -359.0, -86.7, -116.0, -333.0, -116.0, -326.0, -2210.0, -472.0, -1770.0, -426.0, -2300.0, -567.0, -427.0, -1940.0, -539.0, -872.0]
[[-697.0], [-63.0], [-874.0], [-546.0], [-541.0], [-399.0], [-578.0], [-332.0], [-807.0], [-208.0], [-415.0], [-612.0], [-484.0], [-161.0], [-651.0], [-289.0], [-287.0], [-275.0], [-275.0], [-506.0], [-189.0], [-142.0], [-340.0], [-131.0], [-1270.0], [-1180.0], [-165.0], [-463.0], [-334.0], [-1330.0], [-110.0], [-268.0], [-789.0], [-124.0], [-485.0], [-2600.0], [-165.0], [-1280.0], [-458.0], [-183.0], [-126.0], [-393.0], [-165.0], [-353.0], [-2600.0], [-821.0], [-3250.0], [-463.0], [-3570.0], [-745.0], [-810.0], [-4150.0], [-712.0], [-979.0]]
[False, False, False, False, False, False, False, False, False, False, False, False, False, False, False, False, False, False, False, False, False, False, False, False, False, False, False, False, False, False, False, False, False, False, False, False, False, False, False, False, False, False, False, False, False, False, False, False, False, False, False, False, False, True]
[Stage 1]Gen 97:  1st stage Reward: 0, Best reward: [40143.]
Generation 96 耗时: 9.409秒
[-469.0, -28.0, -123.0, -417.0, -329.0, -344.0, -145.0, -293.0, -343.0, -118.0, -333.0, -547.0, -320.0, -106.0, -455.0, -205.0, -137.0, -160.0, -151.0, -144.0, -144.0, -129.0, -256.0, -102.0, -230.0, -442.0, -116.0, -424.0, -116.0, -345.0, -91.1, -117.0, -508.0, -98.2, -185.0, -490.0, -116.0, -116.0, -359.0, -86.7, -116.0, -333.0, -116.0, -326.0, -2210.0, -459.0, -1770.0, -426.0, -2300.0, -567.0, -427.0, -1940.0, -539.0, -872.0]
[[-697.0], [-63.0], [-874.0], [-546.0], [-541.0], [-399.0], [-578.0], [-332.0], [-807.0], [-208.0], [-415.0], [-612.0], [-484.0], [-161.0], [-651.0], [-289.0], [-287.0], [-275.0], [-275.0], [-506.0], [-189.0], [-142.0], [-340.0], [-131.0], [-1270.0], [-1180.0], [-165.0], [-463.0], [-334.0], [-1330.0], [-110.0], [-268.0], [-789.0], [-124.0], [-485.0], [-2600.0], [-165.0], [-1280.0], [-458.0], [-183.0], [-126.0], [-393.0], [-165.0], [-353.0], [-2600.0], [-821.0], [-3250.0], [-463.0], [-3570.0], [-745.0], [-810.0], [-4150.0], [-712.0], [-979.0]]
[False, False, False, False, False, False, False, False, False, False, False, False, False, False, False, False, False, False, False, False, False, False, False, False, False, False, False, False, False, False, False, False, False, False, False, False, False, False, False, False, False, False, False, False, False, False, False, False, False, False, False, False, False, True]
[Stage 1]Gen 98:  1st stage Reward: 0, Best reward: [40143.]
Generation 97 耗时: 9.559秒
[-469.0, -28.0, -123.0, -417.0, -329.0, -344.0, -145.0, -293.0, -343.0, -118.0, -333.0, -547.0, -320.0, -106.0, -455.0, -205.0, -137.0, -160.0, -151.0, -144.0, -144.0, -129.0, -256.0, -102.0, -230.0, -442.0, -116.0, -424.0, -116.0, -345.0, -91.1, -116.0, -508.0, -98.2, -182.0, -490.0, -116.0, -116.0, -359.0, -86.7, -116.0, -332.0, -116.0, -326.0, -2210.0, -452.0, -1770.0, -426.0, -2300.0, -566.0, -427.0, -1940.0, -539.0, -872.0]
[[-697.0], [-63.0], [-874.0], [-546.0], [-541.0], [-399.0], [-578.0], [-332.0], [-807.0], [-208.0], [-415.0], [-612.0], [-484.0], [-161.0], [-651.0], [-289.0], [-287.0], [-275.0], [-275.0], [-506.0], [-189.0], [-142.0], [-340.0], [-131.0], [-1270.0], [-1180.0], [-165.0], [-463.0], [-334.0], [-1330.0], [-110.0], [-268.0], [-789.0], [-124.0], [-485.0], [-2600.0], [-165.0], [-1280.0], [-458.0], [-183.0], [-126.0], [-393.0], [-165.0], [-353.0], [-2600.0], [-821.0], [-3250.0], [-463.0], [-3570.0], [-745.0], [-810.0], [-4150.0], [-712.0], [-979.0]]
[False, False, False, False, False, False, False, False, False, False, False, False, False, False, False, False, False, False, False, False, False, False, False, False, False, False, False, False, False, False, False, False, False, False, False, False, False, False, False, False, False, False, False, False, False, False, False, False, False, False, False, False, False, True]
[Stage 1]Gen 99:  1st stage Reward: 0, Best reward: [40143.]
Generation 98 耗时: 9.332秒
[-469.0, -28.0, -123.0, -417.0, -329.0, -344.0, -145.0, -293.0, -343.0, -118.0, -333.0, -547.0, -320.0, -106.0, -455.0, -205.0, -137.0, -160.0, -151.0, -144.0, -144.0, -129.0, -256.0, -102.0, -230.0, -442.0, -116.0, -424.0, -116.0, -345.0, -91.1, -116.0, -508.0, -98.2, -182.0, -490.0, -116.0, -116.0, -359.0, -86.7, -116.0, -332.0, -116.0, -326.0, -2210.0, -452.0, -1770.0, -426.0, -2300.0, -566.0, -427.0, -1940.0, -539.0, -872.0]
[[-697.0], [-63.0], [-874.0], [-546.0], [-541.0], [-399.0], [-578.0], [-332.0], [-807.0], [-208.0], [-415.0], [-612.0], [-484.0], [-161.0], [-651.0], [-289.0], [-287.0], [-275.0], [-275.0], [-506.0], [-189.0], [-142.0], [-340.0], [-131.0], [-1270.0], [-1180.0], [-165.0], [-463.0], [-334.0], [-1330.0], [-110.0], [-268.0], [-789.0], [-124.0], [-485.0], [-2600.0], [-165.0], [-1280.0], [-458.0], [-183.0], [-126.0], [-393.0], [-165.0], [-353.0], [-2600.0], [-821.0], [-3250.0], [-463.0], [-3570.0], [-745.0], [-810.0], [-4150.0], [-712.0], [-979.0]]
[False, False, False, False, False, False, False, False, False, False, False, False, False, False, False, False, False, False, False, False, False, False, False, False, False, False, False, False, False, False, False, False, False, False, False, False, False, False, False, False, False, False, False, False, False, False, False, False, False, False, False, False, False, True]
[Stage 1]Gen 100:  1st stage Reward: 0, Best reward: [40143.]
Generation 99 耗时: 9.506秒
耗时:  909.3723299503326
{'arch': {'arithmetic': {'instances': 1024, 'word-bits': 8}, 'storage': [{'name': 'Registers', 'entries': 1, 'instances': 1024, 'word-bits': 8, 'cluster-size': 1, 'num-ports': 2, 'num-banks': 8}, {'name': 'AccumulationBuffer', 'entries': 3072, 'instances': 16, 'word-bits': 24, 'cluster-size': 1, 'network-word-bits': 16, 'num-ports': 2, 'num-banks': 2}, {'name': 'WeightBuffer', 'entries': 32768, 'instances': 16, 'word-bits': 8, 'block-size': 4, 'num-ports': 1, 'num-banks': 8}, {'name': 'InputBuffer', 'entries': 8192, 'instances': 16, 'word-bits': 8, 'block-size': 4, 'num-ports': 2, 'num-banks': 1}, {'name': 'GlobalBuffer', 'entries': 65536, 'instances': 1, 'word-bits': 8, 'block-size': 8, 'num-ports': 2, 'num-banks': 256}, {'name': 'DRAM', 'technology': 'DRAM', 'instances': 1, 'word-bits': 8, 'block-size': 64, 'bandwidth': 1}]}}
['DRAM', 'GlobalBuffer', 'InputBuffer', 'WeightBuffer', 'AccumulationBuffer', 'Registers'] [1, 1, 16, 16, 16, 1024, 1024] [inf, 65536, 8192, 32768, 3072, 1]
[1, 16, 1, 1, 64, 1]
20
[-852.0, -16400.0, -616.0, -2000.0, -670.0, -310000.0, -61200.0, -3700.0]
[[-6190.0], [-74600.0], [-2930.0], [-16500.0], [-19600.0], [-335000.0], [-65900.0], [-3930.0]]
[False, False, False, False, False, False, False, False]
[Stage 1]Gen 1:  1st stage Reward: 0, Best reward: [524650.]
Generation 0 耗时: 1.574秒
[-266.0, -3230.0, -546.0, -1770.0, -622.0, -308000.0, -60800.0, -3630.0]
[[-944.0], [-19200.0], [-608.0], [-1770.0], [-1650.0], [-311000.0], [-61400.0], [-3660.0]]
[False, False, False, False, False, False, False, False]
[Stage 1]Gen 2:  1st stage Reward: 0, Best reward: [400232.]
Generation 1 耗时: 1.279秒
[-237.0, -2370.0, -477.0, -1030.0, -545.0, -304000.0, -59700.0, -3580.0]
[[-301.0], [-2990.0], [-608.0], [-1780.0], [-1500.0], [-311000.0], [-61100.0], [-3670.0]]
[False, False, False, False, False, False, False, False]
[Stage 1]Gen 3:  1st stage Reward: 0, Best reward: [382949.]
Generation 2 耗时: 1.357秒
[-199.0, -761.0, -458.0, -820.0, -503.0, -293000.0, -59700.0, -3580.0]
[[-2290.0], [-4190.0], [-1880.0], [-1230.0], [-927.0], [-298000.0], [-61600.0], [-3740.0]]
[False, False, False, False, False, False, False, False]
[Stage 1]Gen 4:  1st stage Reward: 0, Best reward: [373857.]
Generation 3 耗时: 1.319秒
[-158.0, -596.0, -458.0, -785.0, -451.0, -293000.0, -59600.0, -3580.0]
[[-281.0], [-596.0], [-496.0], [-786.0], [-488.0], [-297000.0], [-59800.0], [-3610.0]]
[False, False, False, False, False, False, False, False]
[Stage 1]Gen 5:  1st stage Reward: 0, Best reward: [363057.]
Generation 4 耗时: 1.413秒
[-127.0, -503.0, -443.0, -785.0, -400.0, -293000.0, -58900.0, -3580.0]
[[-281.0], [-596.0], [-496.0], [-786.0], [-488.0], [-297000.0], [-59800.0], [-3610.0]]
[False, False, False, False, False, False, False, False]
[Stage 1]Gen 6:  1st stage Reward: 0, Best reward: [363057.]
Generation 5 耗时: 1.333秒
[-127.0, -468.0, -340.0, -785.0, -400.0, -293000.0, -58900.0, -3580.0]
[[-127.0], [-473.0], [-459.0], [-1200.0], [-413.0], [-296000.0], [-60100.0], [-3610.0]]
[False, False, False, False, False, False, False, False]
[Stage 1]Gen 7:  1st stage Reward: 0, Best reward: [362382.]
Generation 6 耗时: 1.456秒
[-127.0, -459.0, -340.0, -785.0, -400.0, -293000.0, -58400.0, -3580.0]
[[-127.0], [-473.0], [-459.0], [-1200.0], [-413.0], [-296000.0], [-60100.0], [-3610.0]]
[False, False, False, False, False, False, False, False]
[Stage 1]Gen 8:  1st stage Reward: 0, Best reward: [362382.]
Generation 7 耗时: 1.379秒
[-127.0, -459.0, -340.0, -785.0, -400.0, -293000.0, -58400.0, -3580.0]
[[-127.0], [-473.0], [-459.0], [-1200.0], [-413.0], [-296000.0], [-60100.0], [-3610.0]]
[False, False, False, False, False, False, False, False]
[Stage 1]Gen 9:  1st stage Reward: 0, Best reward: [362382.]
Generation 8 耗时: 1.340秒
[-102.0, -440.0, -340.0, -785.0, -400.0, -570.0, -58400.0, -3580.0]
[[-251.0], [-493.0], [-694.0], [-5720.0], [-570.0], [-570.0], [-62200.0], [-3820.0]]
[False, False, False, False, False, False, False, False]
[Stage 1]Gen 10:  1st stage Reward: 0, Best reward: [74318.]
Generation 9 耗时: 1.405秒
[-102.0, -421.0, -340.0, -785.0, -361.0, -361.0, -58400.0, -3580.0]
[[-251.0], [-493.0], [-694.0], [-5720.0], [-570.0], [-570.0], [-62200.0], [-3820.0]]
[False, False, False, False, False, False, False, False]
[Stage 1]Gen 11:  1st stage Reward: 0, Best reward: [74318.]
Generation 10 耗时: 1.528秒
[-102.0, -391.0, -340.0, -785.0, -339.0, -360.0, -58400.0, -3580.0]
[[-142.0], [-392.0], [-644.0], [-1230.0], [-364.0], [-364.0], [-61900.0], [-3930.0]]
[False, False, False, False, False, False, False, False]
[Stage 1]Gen 12:  1st stage Reward: 0, Best reward: [68966.]
Generation 11 耗时: 1.500秒
[-102.0, -370.0, -340.0, -785.0, -339.0, -360.0, -58100.0, -3580.0]
[[-142.0], [-392.0], [-461.0], [-1230.0], [-363.0], [-363.0], [-61900.0], [-3930.0]]
[False, False, False, False, False, False, False, False]
[Stage 1]Gen 13:  1st stage Reward: 0, Best reward: [68781.]
Generation 12 耗时: 1.510秒
[-102.0, -370.0, -340.0, -785.0, -339.0, -349.0, -58100.0, -3580.0]
[[-142.0], [-392.0], [-461.0], [-1230.0], [-363.0], [-363.0], [-61900.0], [-3930.0]]
[False, False, False, False, False, False, False, False]
[Stage 1]Gen 14:  1st stage Reward: 0, Best reward: [68781.]
Generation 13 耗时: 1.455秒
[-102.0, -370.0, -340.0, -785.0, -339.0, -349.0, -58100.0, -3580.0]
[[-142.0], [-392.0], [-461.0], [-1230.0], [-363.0], [-363.0], [-61900.0], [-3930.0]]
[False, False, False, False, False, False, False, False]
[Stage 1]Gen 15:  1st stage Reward: 0, Best reward: [68781.]
Generation 14 耗时: 1.475秒
[-102.0, -369.0, -340.0, -785.0, -300.0, -344.0, -58100.0, -3580.0]
[[-142.0], [-392.0], [-461.0], [-1230.0], [-363.0], [-363.0], [-61900.0], [-3920.0]]
[False, False, False, False, False, False, False, False]
[Stage 1]Gen 16:  1st stage Reward: 0, Best reward: [68771.]
Generation 15 耗时: 1.458秒
[-102.0, -369.0, -340.0, -785.0, -300.0, -344.0, -58100.0, -3580.0]
[[-142.0], [-392.0], [-461.0], [-1230.0], [-363.0], [-363.0], [-61900.0], [-3920.0]]
[False, False, False, False, False, False, False, False]
[Stage 1]Gen 17:  1st stage Reward: 0, Best reward: [68771.]
Generation 16 耗时: 1.536秒
[-102.0, -369.0, -340.0, -785.0, -300.0, -344.0, -58100.0, -3580.0]
[[-142.0], [-392.0], [-461.0], [-1230.0], [-363.0], [-363.0], [-61900.0], [-3920.0]]
[False, False, False, False, False, False, False, False]
[Stage 1]Gen 18:  1st stage Reward: 0, Best reward: [68771.]
Generation 17 耗时: 1.492秒
[-102.0, -369.0, -340.0, -785.0, -300.0, -344.0, -58100.0, -3580.0]
[[-142.0], [-392.0], [-461.0], [-1230.0], [-363.0], [-363.0], [-61900.0], [-3920.0]]
[False, False, False, False, False, False, False, False]
[Stage 1]Gen 19:  1st stage Reward: 0, Best reward: [68771.]
Generation 18 耗时: 1.501秒
[-102.0, -369.0, -340.0, -785.0, -300.0, -344.0, -58100.0, -3580.0]
[[-142.0], [-392.0], [-461.0], [-1230.0], [-363.0], [-363.0], [-61900.0], [-3920.0]]
[False, False, False, False, False, False, False, False]
[Stage 1]Gen 20:  1st stage Reward: 0, Best reward: [68771.]
Generation 19 耗时: 1.559秒
[-102.0, -369.0, -327.0, -785.0, -300.0, -344.0, -58100.0, -3580.0]
[[-142.0], [-392.0], [-461.0], [-1230.0], [-363.0], [-363.0], [-61900.0], [-3920.0]]
[False, False, False, False, False, False, False, False]
[Stage 1]Gen 21:  1st stage Reward: 0, Best reward: [68771.]
Generation 20 耗时: 1.465秒
[-102.0, -369.0, -326.0, -785.0, -300.0, -344.0, -58100.0, -3580.0]
[[-127.0], [-371.0], [-462.0], [-1290.0], [-362.0], [-362.0], [-61600.0], [-3910.0]]
[False, False, False, False, False, False, False, False]
[Stage 1]Gen 22:  1st stage Reward: 0, Best reward: [68484.]
Generation 21 耗时: 1.475秒
[-102.0, -369.0, -305.0, -785.0, -300.0, -344.0, -58100.0, -3580.0]
[[-127.0], [-371.0], [-462.0], [-1290.0], [-362.0], [-362.0], [-61600.0], [-3910.0]]
[False, False, False, False, False, False, False, False]
[Stage 1]Gen 23:  1st stage Reward: 0, Best reward: [68484.]
Generation 22 耗时: 1.483秒
[-102.0, -369.0, -305.0, -785.0, -300.0, -344.0, -58100.0, -3580.0]
[[-127.0], [-371.0], [-462.0], [-1290.0], [-362.0], [-362.0], [-61600.0], [-3910.0]]
[False, False, False, False, False, False, False, False]
[Stage 1]Gen 24:  1st stage Reward: 0, Best reward: [68484.]
Generation 23 耗时: 1.499秒
[-102.0, -369.0, -305.0, -785.0, -300.0, -339.0, -58100.0, -3580.0]
[[-127.0], [-371.0], [-462.0], [-1290.0], [-362.0], [-362.0], [-61600.0], [-3910.0]]
[False, False, False, False, False, False, False, False]
[Stage 1]Gen 25:  1st stage Reward: 0, Best reward: [68484.]
Generation 24 耗时: 1.463秒
[-102.0, -369.0, -305.0, -785.0, -300.0, -339.0, -58100.0, -3580.0]
[[-127.0], [-371.0], [-462.0], [-1290.0], [-362.0], [-362.0], [-61600.0], [-3910.0]]
[False, False, False, False, False, False, False, False]
[Stage 1]Gen 26:  1st stage Reward: 0, Best reward: [68484.]
Generation 25 耗时: 1.511秒
[-102.0, -369.0, -305.0, -785.0, -300.0, -339.0, -58100.0, -3580.0]
[[-127.0], [-371.0], [-462.0], [-1290.0], [-362.0], [-362.0], [-61600.0], [-3910.0]]
[False, False, False, False, False, False, False, False]
[Stage 1]Gen 27:  1st stage Reward: 0, Best reward: [68484.]
Generation 26 耗时: 1.703秒
[-102.0, -369.0, -305.0, -785.0, -300.0, -339.0, -58100.0, -3580.0]
[[-127.0], [-371.0], [-462.0], [-1290.0], [-362.0], [-362.0], [-61600.0], [-3910.0]]
[False, False, False, False, False, False, False, False]
[Stage 1]Gen 28:  1st stage Reward: 0, Best reward: [68484.]
Generation 27 耗时: 1.670秒
[-102.0, -369.0, -305.0, -785.0, -300.0, -339.0, -58100.0, -3580.0]
[[-127.0], [-371.0], [-462.0], [-1290.0], [-362.0], [-362.0], [-61600.0], [-3910.0]]
[False, False, False, False, False, False, False, False]
[Stage 1]Gen 29:  1st stage Reward: 0, Best reward: [68484.]
Generation 28 耗时: 1.611秒
[-102.0, -369.0, -305.0, -785.0, -300.0, -339.0, -58100.0, -3580.0]
[[-127.0], [-371.0], [-462.0], [-1290.0], [-362.0], [-362.0], [-61600.0], [-3910.0]]
[False, False, False, False, False, False, False, False]
[Stage 1]Gen 30:  1st stage Reward: 0, Best reward: [68484.]
Generation 29 耗时: 1.554秒
[-102.0, -369.0, -305.0, -785.0, -300.0, -339.0, -58100.0, -3580.0]
[[-127.0], [-371.0], [-462.0], [-1290.0], [-362.0], [-362.0], [-61600.0], [-3910.0]]
[False, False, False, False, False, False, False, False]
[Stage 1]Gen 31:  1st stage Reward: 0, Best reward: [68484.]
Generation 30 耗时: 1.528秒
[-95.0, -369.0, -305.0, -785.0, -300.0, -339.0, -58100.0, -3580.0]
[[-127.0], [-371.0], [-462.0], [-1290.0], [-362.0], [-362.0], [-61600.0], [-3910.0]]
[False, False, False, False, False, False, False, False]
[Stage 1]Gen 32:  1st stage Reward: 0, Best reward: [68484.]
Generation 31 耗时: 1.581秒
[-79.8, -369.0, -305.0, -785.0, -300.0, -339.0, -58100.0, -3580.0]
[[-127.0], [-371.0], [-462.0], [-1290.0], [-362.0], [-362.0], [-61600.0], [-3910.0]]
[False, False, False, False, False, False, True, False]
[Stage 1]Gen 33:  1st stage Reward: 0, Best reward: [68484.]
Generation 32 耗时: 1.463秒
[-79.8, -369.0, -305.0, -785.0, -300.0, -339.0, -58100.0, -3580.0]
[[-127.0], [-371.0], [-462.0], [-1290.0], [-362.0], [-362.0], [-61600.0], [-3910.0]]
[False, False, False, False, False, False, True, False]
[Stage 1]Gen 34:  1st stage Reward: 0, Best reward: [68484.]
Generation 33 耗时: 1.507秒
[-79.8, -369.0, -305.0, -785.0, -300.0, -339.0, -58100.0, -3580.0]
[[-127.0], [-371.0], [-462.0], [-1290.0], [-362.0], [-362.0], [-61600.0], [-3910.0]]
[False, False, False, False, False, False, True, False]
[Stage 1]Gen 35:  1st stage Reward: 0, Best reward: [68484.]
Generation 34 耗时: 1.462秒
[-79.8, -369.0, -305.0, -785.0, -300.0, -339.0, -58100.0, -3580.0]
[[-84.5], [-376.0], [-333.0], [-1240.0], [-376.0], [-376.0], [-61700.0], [-3920.0]]
[False, False, False, False, False, False, True, False]
[Stage 1]Gen 36:  1st stage Reward: 0, Best reward: [68405.5]
Generation 35 耗时: 1.476秒
[-79.8, -369.0, -305.0, -785.0, -300.0, -339.0, -58100.0, -3580.0]
[[-84.5], [-376.0], [-333.0], [-1240.0], [-376.0], [-376.0], [-61700.0], [-3920.0]]
[False, False, False, False, False, False, True, False]
[Stage 1]Gen 37:  1st stage Reward: 0, Best reward: [68405.5]
Generation 36 耗时: 1.528秒
[-73.0, -369.0, -305.0, -785.0, -300.0, -339.0, -58100.0, -3580.0]
[[-84.5], [-376.0], [-333.0], [-1240.0], [-376.0], [-376.0], [-61700.0], [-3920.0]]
[False, False, False, False, False, False, True, False]
[Stage 1]Gen 38:  1st stage Reward: 0, Best reward: [68405.5]
Generation 37 耗时: 1.599秒
[-73.0, -369.0, -305.0, -785.0, -300.0, -339.0, -58100.0, -3580.0]
[[-84.5], [-376.0], [-333.0], [-1240.0], [-376.0], [-376.0], [-61700.0], [-3920.0]]
[False, False, False, False, False, False, True, False]
[Stage 1]Gen 39:  1st stage Reward: 0, Best reward: [68405.5]
Generation 38 耗时: 1.474秒
[-73.0, -369.0, -305.0, -785.0, -300.0, -339.0, -58100.0, -3580.0]
[[-84.5], [-376.0], [-333.0], [-1240.0], [-376.0], [-376.0], [-61700.0], [-3920.0]]
[False, False, False, False, False, False, True, False]
[Stage 1]Gen 40:  1st stage Reward: 0, Best reward: [68405.5]
Generation 39 耗时: 1.555秒
[-73.0, -369.0, -305.0, -785.0, -300.0, -339.0, -58100.0, -3580.0]
[[-84.5], [-376.0], [-333.0], [-1240.0], [-376.0], [-376.0], [-61700.0], [-3920.0]]
[False, False, False, False, False, False, True, False]
[Stage 1]Gen 41:  1st stage Reward: 0, Best reward: [68405.5]
Generation 40 耗时: 1.489秒
[-73.0, -369.0, -305.0, -785.0, -300.0, -339.0, -58100.0, -3580.0]
[[-84.5], [-376.0], [-333.0], [-1240.0], [-376.0], [-376.0], [-61700.0], [-3920.0]]
[False, False, False, False, False, False, True, False]
[Stage 1]Gen 42:  1st stage Reward: 0, Best reward: [68405.5]
Generation 41 耗时: 1.476秒
[-73.0, -369.0, -305.0, -785.0, -300.0, -339.0, -58100.0, -3580.0]
[[-84.5], [-376.0], [-333.0], [-1240.0], [-376.0], [-376.0], [-61700.0], [-3920.0]]
[False, False, False, False, False, False, True, False]
[Stage 1]Gen 43:  1st stage Reward: 0, Best reward: [68405.5]
Generation 42 耗时: 1.450秒
[-73.0, -369.0, -305.0, -785.0, -300.0, -339.0, -58100.0, -3580.0]
[[-84.5], [-376.0], [-333.0], [-1240.0], [-376.0], [-376.0], [-61700.0], [-3920.0]]
[False, False, False, False, False, False, True, False]
[Stage 1]Gen 44:  1st stage Reward: 0, Best reward: [68405.5]
Generation 43 耗时: 1.475秒
[-73.0, -369.0, -305.0, -785.0, -300.0, -339.0, -58100.0, -3580.0]
[[-84.5], [-376.0], [-333.0], [-1240.0], [-376.0], [-376.0], [-61700.0], [-3920.0]]
[False, False, False, False, False, False, True, False]
[Stage 1]Gen 45:  1st stage Reward: 0, Best reward: [68405.5]
Generation 44 耗时: 1.575秒
[-73.0, -369.0, -305.0, -785.0, -300.0, -339.0, -58100.0, -3580.0]
[[-84.5], [-376.0], [-333.0], [-1240.0], [-376.0], [-376.0], [-61700.0], [-3920.0]]
[False, False, False, False, False, False, True, False]
[Stage 1]Gen 46:  1st stage Reward: 0, Best reward: [68405.5]
Generation 45 耗时: 1.467秒
[-73.0, -369.0, -305.0, -785.0, -300.0, -318.0, -58100.0, -3580.0]
[[-84.5], [-376.0], [-333.0], [-1240.0], [-376.0], [-376.0], [-61700.0], [-3920.0]]
[False, False, False, False, False, False, True, False]
[Stage 1]Gen 47:  1st stage Reward: 0, Best reward: [68405.5]
Generation 46 耗时: 1.493秒
[-73.0, -369.0, -305.0, -785.0, -300.0, -318.0, -58100.0, -3580.0]
[[-84.5], [-376.0], [-333.0], [-1240.0], [-376.0], [-376.0], [-61700.0], [-3920.0]]
[False, False, False, False, False, False, True, False]
[Stage 1]Gen 48:  1st stage Reward: 0, Best reward: [68405.5]
Generation 47 耗时: 1.514秒
[-73.0, -369.0, -305.0, -785.0, -300.0, -318.0, -58100.0, -3580.0]
[[-84.5], [-376.0], [-333.0], [-1240.0], [-376.0], [-376.0], [-61700.0], [-3920.0]]
[False, False, False, False, False, False, True, False]
[Stage 1]Gen 49:  1st stage Reward: 0, Best reward: [68405.5]
Generation 48 耗时: 1.484秒
[-73.0, -369.0, -305.0, -785.0, -300.0, -318.0, -58100.0, -3580.0]
[[-84.5], [-376.0], [-333.0], [-1240.0], [-376.0], [-376.0], [-61700.0], [-3920.0]]
[False, False, False, False, False, False, True, False]
[Stage 1]Gen 50:  1st stage Reward: 0, Best reward: [68405.5]
Generation 49 耗时: 1.478秒
[-72.7, -369.0, -305.0, -785.0, -300.0, -318.0, -58100.0, -3580.0]
[[-84.5], [-376.0], [-333.0], [-1240.0], [-376.0], [-376.0], [-61700.0], [-3920.0]]
[False, False, False, False, False, False, True, False]
[Stage 1]Gen 51:  1st stage Reward: 0, Best reward: [68405.5]
Generation 50 耗时: 1.544秒
[-72.7, -369.0, -305.0, -785.0, -300.0, -318.0, -58100.0, -3580.0]
[[-84.5], [-376.0], [-333.0], [-1240.0], [-376.0], [-376.0], [-61700.0], [-3920.0]]
[False, False, False, False, False, False, True, False]
[Stage 1]Gen 52:  1st stage Reward: 0, Best reward: [68405.5]
Generation 51 耗时: 1.599秒
[-72.7, -369.0, -305.0, -785.0, -300.0, -318.0, -58100.0, -3580.0]
[[-84.5], [-376.0], [-333.0], [-1240.0], [-376.0], [-376.0], [-61700.0], [-3920.0]]
[False, False, False, False, False, False, True, False]
[Stage 1]Gen 53:  1st stage Reward: 0, Best reward: [68405.5]
Generation 52 耗时: 1.520秒
[-71.8, -369.0, -305.0, -785.0, -300.0, -318.0, -58100.0, -3580.0]
[[-84.5], [-376.0], [-333.0], [-1240.0], [-376.0], [-376.0], [-61700.0], [-3920.0]]
[False, False, False, False, False, False, True, False]
[Stage 1]Gen 54:  1st stage Reward: 0, Best reward: [68405.5]
Generation 53 耗时: 1.485秒
[-71.8, -369.0, -305.0, -785.0, -299.0, -318.0, -58100.0, -3580.0]
[[-84.5], [-376.0], [-333.0], [-1240.0], [-376.0], [-376.0], [-61700.0], [-3920.0]]
[False, False, False, False, False, False, True, False]
[Stage 1]Gen 55:  1st stage Reward: 0, Best reward: [68405.5]
Generation 54 耗时: 1.489秒
[-71.8, -369.0, -305.0, -785.0, -299.0, -318.0, -58100.0, -3580.0]
[[-84.5], [-376.0], [-333.0], [-1240.0], [-376.0], [-376.0], [-61700.0], [-3920.0]]
[False, False, False, False, False, False, True, False]
[Stage 1]Gen 56:  1st stage Reward: 0, Best reward: [68405.5]
Generation 55 耗时: 1.443秒
[-71.8, -369.0, -305.0, -785.0, -299.0, -318.0, -58100.0, -3580.0]
[[-84.5], [-376.0], [-333.0], [-1240.0], [-376.0], [-376.0], [-61700.0], [-3920.0]]
[False, False, False, False, False, False, True, False]
[Stage 1]Gen 57:  1st stage Reward: 0, Best reward: [68405.5]
Generation 56 耗时: 1.496秒
[-71.8, -369.0, -305.0, -785.0, -299.0, -318.0, -58100.0, -3580.0]
[[-84.5], [-376.0], [-333.0], [-1240.0], [-376.0], [-376.0], [-61700.0], [-3920.0]]
[False, False, False, False, False, False, True, False]
[Stage 1]Gen 58:  1st stage Reward: 0, Best reward: [68405.5]
Generation 57 耗时: 1.647秒
[-71.8, -369.0, -298.0, -785.0, -299.0, -318.0, -58100.0, -3580.0]
[[-84.5], [-376.0], [-333.0], [-1240.0], [-376.0], [-376.0], [-61700.0], [-3920.0]]
[False, False, False, False, False, False, True, False]
[Stage 1]Gen 59:  1st stage Reward: 0, Best reward: [68405.5]
Generation 58 耗时: 1.490秒
[-71.8, -369.0, -298.0, -785.0, -299.0, -318.0, -58100.0, -3580.0]
[[-84.5], [-376.0], [-333.0], [-1240.0], [-376.0], [-376.0], [-61700.0], [-3920.0]]
[False, False, False, False, False, False, True, False]
[Stage 1]Gen 60:  1st stage Reward: 0, Best reward: [68405.5]
Generation 59 耗时: 1.554秒
[-71.6, -369.0, -298.0, -785.0, -299.0, -318.0, -58100.0, -3580.0]
[[-84.5], [-376.0], [-333.0], [-1240.0], [-376.0], [-376.0], [-61700.0], [-3920.0]]
[False, False, False, False, False, False, True, False]
[Stage 1]Gen 61:  1st stage Reward: 0, Best reward: [68405.5]
Generation 60 耗时: 1.460秒
[-71.6, -369.0, -298.0, -785.0, -299.0, -308.0, -58100.0, -3580.0]
[[-84.5], [-376.0], [-333.0], [-1240.0], [-376.0], [-376.0], [-61700.0], [-3920.0]]
[False, False, False, False, False, False, True, False]
[Stage 1]Gen 62:  1st stage Reward: 0, Best reward: [68405.5]
Generation 61 耗时: 1.483秒
[-71.6, -369.0, -298.0, -785.0, -299.0, -308.0, -58100.0, -3580.0]
[[-84.5], [-376.0], [-333.0], [-1240.0], [-376.0], [-376.0], [-61700.0], [-3920.0]]
[False, False, False, False, False, False, True, False]
[Stage 1]Gen 63:  1st stage Reward: 0, Best reward: [68405.5]
Generation 62 耗时: 1.450秒
[-71.6, -369.0, -298.0, -785.0, -299.0, -308.0, -58100.0, -3580.0]
[[-84.5], [-376.0], [-333.0], [-1240.0], [-376.0], [-376.0], [-61700.0], [-3920.0]]
[False, False, False, False, False, False, True, False]
[Stage 1]Gen 64:  1st stage Reward: 0, Best reward: [68405.5]
Generation 63 耗时: 1.430秒
[-71.6, -369.0, -298.0, -785.0, -299.0, -308.0, -58100.0, -3580.0]
[[-84.5], [-376.0], [-333.0], [-1240.0], [-376.0], [-376.0], [-61700.0], [-3920.0]]
[False, False, False, False, False, False, True, False]
[Stage 1]Gen 65:  1st stage Reward: 0, Best reward: [68405.5]
Generation 64 耗时: 1.511秒
[-71.6, -369.0, -298.0, -785.0, -299.0, -308.0, -58100.0, -3580.0]
[[-84.5], [-376.0], [-333.0], [-1240.0], [-376.0], [-376.0], [-61700.0], [-3920.0]]
[False, False, False, False, False, False, True, False]
[Stage 1]Gen 66:  1st stage Reward: 0, Best reward: [68405.5]
Generation 65 耗时: 1.485秒
[-71.6, -369.0, -298.0, -785.0, -299.0, -308.0, -58100.0, -3580.0]
[[-84.5], [-376.0], [-333.0], [-1240.0], [-376.0], [-376.0], [-61700.0], [-3920.0]]
[False, False, False, False, False, False, True, False]
[Stage 1]Gen 67:  1st stage Reward: 0, Best reward: [68405.5]
Generation 66 耗时: 1.523秒
[-71.6, -369.0, -298.0, -785.0, -299.0, -308.0, -58100.0, -3580.0]
[[-84.5], [-376.0], [-333.0], [-1240.0], [-376.0], [-376.0], [-61700.0], [-3920.0]]
[False, False, False, False, False, False, True, False]
[Stage 1]Gen 68:  1st stage Reward: 0, Best reward: [68405.5]
Generation 67 耗时: 1.561秒
[-71.6, -369.0, -298.0, -785.0, -299.0, -308.0, -58100.0, -3580.0]
[[-84.5], [-376.0], [-333.0], [-1240.0], [-376.0], [-376.0], [-61700.0], [-3920.0]]
[False, False, False, False, False, False, True, False]
[Stage 1]Gen 69:  1st stage Reward: 0, Best reward: [68405.5]
Generation 68 耗时: 1.597秒
[-71.6, -369.0, -298.0, -785.0, -299.0, -308.0, -58100.0, -3580.0]
[[-84.5], [-376.0], [-333.0], [-1240.0], [-376.0], [-376.0], [-61700.0], [-3920.0]]
[False, False, False, False, False, False, True, False]
[Stage 1]Gen 70:  1st stage Reward: 0, Best reward: [68405.5]
Generation 69 耗时: 1.595秒
[-71.6, -369.0, -298.0, -785.0, -283.0, -283.0, -58100.0, -3580.0]
[[-84.5], [-376.0], [-333.0], [-1240.0], [-376.0], [-376.0], [-61700.0], [-3920.0]]
[False, False, False, False, False, False, True, False]
[Stage 1]Gen 71:  1st stage Reward: 0, Best reward: [68405.5]
Generation 70 耗时: 1.468秒
[-71.6, -369.0, -298.0, -785.0, -266.0, -266.0, -58100.0, -3580.0]
[[-84.5], [-376.0], [-333.0], [-1240.0], [-376.0], [-376.0], [-61700.0], [-3920.0]]
[False, False, False, False, False, False, True, False]
[Stage 1]Gen 72:  1st stage Reward: 0, Best reward: [68405.5]
Generation 71 耗时: 1.495秒
[-71.6, -369.0, -298.0, -785.0, -256.0, -266.0, -58100.0, -3580.0]
[[-84.5], [-376.0], [-333.0], [-1240.0], [-376.0], [-376.0], [-61700.0], [-3920.0]]
[False, False, False, False, False, False, True, False]
[Stage 1]Gen 73:  1st stage Reward: 0, Best reward: [68405.5]
Generation 72 耗时: 1.504秒
[-71.6, -369.0, -298.0, -785.0, -256.0, -266.0, -58100.0, -3580.0]
[[-84.5], [-376.0], [-333.0], [-1240.0], [-376.0], [-376.0], [-61700.0], [-3920.0]]
[False, False, False, False, False, False, True, False]
[Stage 1]Gen 74:  1st stage Reward: 0, Best reward: [68405.5]
Generation 73 耗时: 1.484秒
[-71.6, -369.0, -298.0, -785.0, -256.0, -266.0, -58100.0, -3580.0]
[[-84.5], [-376.0], [-333.0], [-1240.0], [-376.0], [-376.0], [-61700.0], [-3920.0]]
[False, False, False, False, False, False, True, False]
[Stage 1]Gen 75:  1st stage Reward: 0, Best reward: [68405.5]
Generation 74 耗时: 1.511秒
[-71.6, -369.0, -298.0, -785.0, -256.0, -266.0, -58100.0, -3580.0]
[[-84.5], [-376.0], [-333.0], [-1240.0], [-376.0], [-376.0], [-61700.0], [-3920.0]]
[False, False, False, False, False, False, True, False]
[Stage 1]Gen 76:  1st stage Reward: 0, Best reward: [68405.5]
Generation 75 耗时: 1.464秒
[-71.6, -369.0, -298.0, -785.0, -256.0, -266.0, -58100.0, -3580.0]
[[-84.5], [-376.0], [-333.0], [-1240.0], [-376.0], [-376.0], [-61700.0], [-3920.0]]
[False, False, False, False, False, False, True, False]
[Stage 1]Gen 77:  1st stage Reward: 0, Best reward: [68405.5]
Generation 76 耗时: 1.537秒
[-71.6, -369.0, -298.0, -785.0, -256.0, -266.0, -58100.0, -3580.0]
[[-84.5], [-376.0], [-333.0], [-1240.0], [-376.0], [-376.0], [-61700.0], [-3920.0]]
[False, False, False, False, False, False, True, False]
[Stage 1]Gen 78:  1st stage Reward: 0, Best reward: [68405.5]
Generation 77 耗时: 1.573秒
[-71.6, -369.0, -298.0, -785.0, -256.0, -266.0, -58100.0, -3580.0]
[[-84.5], [-376.0], [-333.0], [-1240.0], [-376.0], [-376.0], [-61700.0], [-3920.0]]
[False, False, False, False, False, False, True, False]
[Stage 1]Gen 79:  1st stage Reward: 0, Best reward: [68405.5]
Generation 78 耗时: 1.517秒
[-71.6, -369.0, -298.0, -785.0, -256.0, -266.0, -58100.0, -3580.0]
[[-84.5], [-376.0], [-333.0], [-1240.0], [-376.0], [-376.0], [-61700.0], [-3920.0]]
[False, False, False, False, False, False, True, False]
[Stage 1]Gen 80:  1st stage Reward: 0, Best reward: [68405.5]
Generation 79 耗时: 1.503秒
[-71.6, -369.0, -298.0, -785.0, -256.0, -266.0, -58100.0, -3580.0]
[[-84.5], [-376.0], [-333.0], [-1240.0], [-376.0], [-376.0], [-61700.0], [-3920.0]]
[False, False, False, False, False, False, True, False]
[Stage 1]Gen 81:  1st stage Reward: 0, Best reward: [68405.5]
Generation 80 耗时: 1.487秒
[-71.6, -369.0, -298.0, -785.0, -256.0, -266.0, -58100.0, -3580.0]
[[-81.4], [-403.0], [-329.0], [-856.0], [-280.0], [-280.0], [-61900.0], [-3980.0]]
[False, False, False, False, False, False, True, False]
[Stage 1]Gen 82:  1st stage Reward: 0, Best reward: [68109.4]
Generation 81 耗时: 1.478秒
[-71.6, -369.0, -298.0, -785.0, -256.0, -266.0, -58100.0, -3580.0]
[[-81.4], [-403.0], [-329.0], [-856.0], [-280.0], [-280.0], [-61900.0], [-3980.0]]
[False, False, False, False, False, False, True, False]
[Stage 1]Gen 83:  1st stage Reward: 0, Best reward: [68109.4]
Generation 82 耗时: 1.472秒
[-71.6, -369.0, -298.0, -785.0, -256.0, -266.0, -58100.0, -3580.0]
[[-81.4], [-403.0], [-329.0], [-856.0], [-280.0], [-280.0], [-61900.0], [-3980.0]]
[False, False, False, False, False, False, True, False]
[Stage 1]Gen 84:  1st stage Reward: 0, Best reward: [68109.4]
Generation 83 耗时: 1.467秒
[-71.6, -369.0, -298.0, -785.0, -256.0, -261.0, -58100.0, -3580.0]
[[-81.4], [-403.0], [-329.0], [-856.0], [-280.0], [-280.0], [-61900.0], [-3980.0]]
[False, False, False, False, False, False, True, False]
[Stage 1]Gen 85:  1st stage Reward: 0, Best reward: [68109.4]
Generation 84 耗时: 1.494秒
[-71.6, -369.0, -298.0, -785.0, -256.0, -261.0, -58100.0, -3580.0]
[[-81.4], [-403.0], [-329.0], [-856.0], [-280.0], [-280.0], [-61900.0], [-3980.0]]
[False, False, False, False, False, False, True, False]
[Stage 1]Gen 86:  1st stage Reward: 0, Best reward: [68109.4]
Generation 85 耗时: 1.515秒
[-71.6, -369.0, -298.0, -785.0, -256.0, -261.0, -58000.0, -3580.0]
[[-81.4], [-403.0], [-329.0], [-856.0], [-280.0], [-280.0], [-61900.0], [-3980.0]]
[False, False, False, False, False, False, True, False]
[Stage 1]Gen 87:  1st stage Reward: 0, Best reward: [68109.4]
Generation 86 耗时: 1.500秒
[-71.6, -369.0, -298.0, -785.0, -256.0, -260.0, -58000.0, -3580.0]
[[-81.4], [-403.0], [-329.0], [-856.0], [-280.0], [-280.0], [-61900.0], [-3980.0]]
[False, False, False, False, False, False, True, False]
[Stage 1]Gen 88:  1st stage Reward: 0, Best reward: [68109.4]
Generation 87 耗时: 1.559秒
[-71.6, -369.0, -298.0, -785.0, -256.0, -260.0, -58000.0, -3580.0]
[[-81.4], [-403.0], [-329.0], [-856.0], [-280.0], [-280.0], [-61900.0], [-3980.0]]
[False, False, False, False, False, False, True, False]
[Stage 1]Gen 89:  1st stage Reward: 0, Best reward: [68109.4]
Generation 88 耗时: 1.520秒
[-71.6, -369.0, -298.0, -785.0, -255.0, -260.0, -58000.0, -3580.0]
[[-81.4], [-403.0], [-329.0], [-856.0], [-280.0], [-280.0], [-61900.0], [-3980.0]]
[False, False, False, False, False, False, True, False]
[Stage 1]Gen 90:  1st stage Reward: 0, Best reward: [68109.4]
Generation 89 耗时: 1.482秒
[-71.6, -369.0, -298.0, -785.0, -255.0, -260.0, -58000.0, -3580.0]
[[-85.8], [-378.0], [-336.0], [-1130.0], [-266.0], [-266.0], [-61700.0], [-3910.0]]
[False, False, False, False, False, False, True, False]
[Stage 1]Gen 91:  1st stage Reward: 0, Best reward: [68071.8]
Generation 90 耗时: 1.521秒
[-71.6, -369.0, -298.0, -785.0, -255.0, -260.0, -58000.0, -3580.0]
[[-85.8], [-378.0], [-336.0], [-1130.0], [-266.0], [-266.0], [-61700.0], [-3910.0]]
[False, False, False, False, False, False, True, False]
[Stage 1]Gen 92:  1st stage Reward: 0, Best reward: [68071.8]
Generation 91 耗时: 1.573秒
[-71.6, -369.0, -298.0, -785.0, -255.0, -260.0, -58000.0, -3580.0]
[[-85.8], [-378.0], [-336.0], [-1130.0], [-266.0], [-266.0], [-61700.0], [-3910.0]]
[False, False, False, False, False, False, True, False]
[Stage 1]Gen 93:  1st stage Reward: 0, Best reward: [68071.8]
Generation 92 耗时: 1.564秒
[-70.4, -369.0, -298.0, -785.0, -255.0, -260.0, -58000.0, -3580.0]
[[-85.8], [-378.0], [-336.0], [-1130.0], [-266.0], [-266.0], [-61700.0], [-3910.0]]
[False, False, False, False, False, False, True, False]
[Stage 1]Gen 94:  1st stage Reward: 0, Best reward: [68071.8]
Generation 93 耗时: 1.494秒
[-70.4, -369.0, -298.0, -785.0, -255.0, -260.0, -58000.0, -3580.0]
[[-85.8], [-378.0], [-336.0], [-1130.0], [-266.0], [-266.0], [-61700.0], [-3910.0]]
[False, False, False, False, False, False, True, False]
[Stage 1]Gen 95:  1st stage Reward: 0, Best reward: [68071.8]
Generation 94 耗时: 1.500秒
[-70.4, -369.0, -298.0, -785.0, -255.0, -260.0, -58000.0, -3580.0]
[[-85.8], [-378.0], [-336.0], [-1130.0], [-266.0], [-266.0], [-61700.0], [-3910.0]]
[False, False, False, False, False, False, True, False]
[Stage 1]Gen 96:  1st stage Reward: 0, Best reward: [68071.8]
Generation 95 耗时: 1.483秒
[-70.4, -369.0, -298.0, -785.0, -255.0, -260.0, -58000.0, -3580.0]
[[-85.8], [-378.0], [-336.0], [-1130.0], [-266.0], [-266.0], [-61700.0], [-3910.0]]
[False, False, False, False, False, False, True, False]
[Stage 1]Gen 97:  1st stage Reward: 0, Best reward: [68071.8]
Generation 96 耗时: 1.532秒
[-70.4, -369.0, -298.0, -785.0, -255.0, -260.0, -58000.0, -3580.0]
[[-85.8], [-378.0], [-336.0], [-1130.0], [-266.0], [-266.0], [-61700.0], [-3910.0]]
[False, False, False, False, False, False, True, False]
[Stage 1]Gen 98:  1st stage Reward: 0, Best reward: [68071.8]
Generation 97 耗时: 1.716秒
[-70.4, -369.0, -298.0, -785.0, -255.0, -260.0, -58000.0, -3580.0]
[[-85.8], [-378.0], [-336.0], [-1130.0], [-266.0], [-266.0], [-61700.0], [-3910.0]]
[False, False, False, False, False, False, True, False]
[Stage 1]Gen 99:  1st stage Reward: 0, Best reward: [68071.8]
Generation 98 耗时: 1.594秒
[-70.4, -369.0, -298.0, -785.0, -255.0, -260.0, -58000.0, -3580.0]
[[-85.8], [-378.0], [-336.0], [-1130.0], [-266.0], [-266.0], [-61700.0], [-3910.0]]
[False, False, False, False, False, False, True, False]
[Stage 1]Gen 100:  1st stage Reward: 0, Best reward: [68071.8]
Generation 99 耗时: 1.623秒
耗时:  150.76898527145386
{'arch': {'arithmetic': {'instances': 1024, 'word-bits': 8}, 'storage': [{'name': 'Registers', 'entries': 1, 'instances': 1024, 'word-bits': 8, 'cluster-size': 1, 'num-ports': 2, 'num-banks': 8}, {'name': 'AccumulationBuffer', 'entries': 3072, 'instances': 16, 'word-bits': 24, 'cluster-size': 1, 'network-word-bits': 16, 'num-ports': 2, 'num-banks': 2}, {'name': 'WeightBuffer', 'entries': 32768, 'instances': 16, 'word-bits': 8, 'block-size': 4, 'num-ports': 1, 'num-banks': 8}, {'name': 'InputBuffer', 'entries': 8192, 'instances': 16, 'word-bits': 8, 'block-size': 4, 'num-ports': 2, 'num-banks': 1}, {'name': 'GlobalBuffer', 'entries': 65536, 'instances': 1, 'word-bits': 8, 'block-size': 8, 'num-ports': 2, 'num-banks': 256}, {'name': 'DRAM', 'technology': 'DRAM', 'instances': 1, 'word-bits': 8, 'block-size': 64, 'bandwidth': 1}]}}
['DRAM', 'GlobalBuffer', 'InputBuffer', 'WeightBuffer', 'AccumulationBuffer', 'Registers'] [1, 1, 16, 16, 16, 1024, 1024] [inf, 65536, 8192, 32768, 3072, 1]
[1, 16, 1, 1, 64, 1]
20
[-5290.0, -455000.0, -14200.0, -223000.0, -22800.0, -276000.0, -505000.0, -536000.0, -1720000.0, -714000.0, -19900.0, -53700.0, -34400.0, -2320000.0, -65000.0, -3750.0]
[[-725000.0], [-1390000.0], [-162000.0], [-1790000.0], [-114000.0], [-1720000.0], [-3560000.0], [-735000.0], [-5210000.0], [-1480000.0], [-205000.0], [-131000.0], [-3570000.0], [-2440000.0], [-82700.0], [-3950.0]]
[False, False, False, False, False, False, False, False, False, False, False, False, False, False, False, False]
[Stage 1]Gen 1:  1st stage Reward: 0, Best reward: [23318650.]
Generation 0 耗时: 2.970秒
[-5290.0, -72700.0, -9940.0, -96700.0, -3990.0, -170000.0, -209000.0, -463000.0, -1720000.0, -500000.0, -15100.0, -9450.0, -20700.0, -2320000.0, -62600.0, -3750.0]
[[-725000.0], [-1390000.0], [-162000.0], [-1790000.0], [-114000.0], [-1720000.0], [-3560000.0], [-735000.0], [-5210000.0], [-1480000.0], [-205000.0], [-131000.0], [-3570000.0], [-2440000.0], [-82700.0], [-3950.0]]
[False, False, False, False, False, False, False, False, False, False, False, False, False, False, False, False]
[Stage 1]Gen 2:  1st stage Reward: 0, Best reward: [23318650.]
Generation 1 耗时: 3.161秒
[-4680.0, -57100.0, -7660.0, -75400.0, -2900.0, -86500.0, -144000.0, -415000.0, -128000.0, -268000.0, -12800.0, -7410.0, -11700.0, -2320000.0, -59100.0, -3750.0]
[[-5440.0], [-75600.0], [-10200.0], [-76200.0], [-3820.0], [-164000.0], [-191000.0], [-497000.0], [-791000.0], [-268000.0], [-15400.0], [-9320.0], [-19200.0], [-2460000.0], [-65700.0], [-3990.0]]
[False, False, False, False, False, False, False, False, False, False, False, False, False, False, False, False]
[Stage 1]Gen 3:  1st stage Reward: 0, Best reward: [4655870.]
Generation 2 耗时: 3.527秒
[-4680.0, -47200.0, -7570.0, -24200.0, -2510.0, -66800.0, -106000.0, -46500.0, -123000.0, -84100.0, -12000.0, -6510.0, -8870.0, -2320000.0, -59100.0, -3730.0]
[[-7510.0], [-49600.0], [-34400.0], [-119000.0], [-33800.0], [-340000.0], [-151000.0], [-470000.0], [-132000.0], [-84100.0], [-14500.0], [-7850.0], [-127000.0], [-2330000.0], [-59200.0], [-3780.0]]
[False, False, False, False, False, False, False, False, False, False, False, False, False, False, False, False]
[Stage 1]Gen 4:  1st stage Reward: 0, Best reward: [3963740.]
Generation 3 耗时: 3.181秒
[-4680.0, -45500.0, -5200.0, -24200.0, -2510.0, -64800.0, -22500.0, -44100.0, -123000.0, -40900.0, -8780.0, -6510.0, -8810.0, -2320000.0, -59100.0, -3710.0]
[[-5780.0], [-57900.0], [-28200.0], [-34100.0], [-8910.0], [-100000.0], [-110000.0], [-58800.0], [-142000.0], [-105000.0], [-19300.0], [-9970.0], [-9080.0], [-2530000.0], [-65400.0], [-4100.0]]
[False, False, False, False, False, False, False, False, False, False, False, False, False, False, False, False]
[Stage 1]Gen 5:  1st stage Reward: 0, Best reward: [3288540.]
Generation 4 耗时: 3.308秒
[-4680.0, -40800.0, -4990.0, -24200.0, -2510.0, -64300.0, -21800.0, -35100.0, -123000.0, -33400.0, -8580.0, -6510.0, -7940.0, -2320000.0, -59100.0, -3690.0]
[[-5780.0], [-57900.0], [-28200.0], [-34100.0], [-8910.0], [-100000.0], [-110000.0], [-58800.0], [-142000.0], [-105000.0], [-19300.0], [-9970.0], [-9080.0], [-2530000.0], [-65400.0], [-4100.0]]
[False, False, False, False, False, False, False, False, False, False, False, False, False, False, False, False]
[Stage 1]Gen 6:  1st stage Reward: 0, Best reward: [3288540.]
Generation 5 耗时: 3.290秒
[-4680.0, -39900.0, -4840.0, -23800.0, -2510.0, -63900.0, -18900.0, -29300.0, -110000.0, -24400.0, -7710.0, -6510.0, -7630.0, -2320000.0, -59100.0, -3540.0]
[[-5780.0], [-57900.0], [-28200.0], [-34100.0], [-8910.0], [-100000.0], [-110000.0], [-58800.0], [-142000.0], [-105000.0], [-19300.0], [-9970.0], [-9080.0], [-2530000.0], [-65400.0], [-4100.0]]
[False, False, False, False, False, False, False, False, False, False, False, False, False, False, False, False]
[Stage 1]Gen 7:  1st stage Reward: 0, Best reward: [3288540.]
Generation 6 耗时: 3.134秒
[-4680.0, -39900.0, -4840.0, -23300.0, -2460.0, -63900.0, -18900.0, -12700.0, -109000.0, -24400.0, -7190.0, -6470.0, -6620.0, -2320000.0, -59100.0, -3540.0]
[[-10000.0], [-42200.0], [-5010.0], [-27700.0], [-2750.0], [-64400.0], [-22500.0], [-35100.0], [-133000.0], [-33600.0], [-28900.0], [-8030.0], [-8640.0], [-2480000.0], [-62800.0], [-3750.0]]
[False, False, False, False, False, False, False, False, False, False, False, False, False, False, False, False]
[Stage 1]Gen 8:  1st stage Reward: 0, Best reward: [2968380.]
Generation 7 耗时: 3.220秒
[-4430.0, -39900.0, -4840.0, -20800.0, -2460.0, -63900.0, -18900.0, -9210.0, -109000.0, -24400.0, -6170.0, -6180.0, -6620.0, -2300000.0, -59100.0, -3540.0]
[[-5610.0], [-46600.0], [-5110.0], [-25900.0], [-2880.0], [-66600.0], [-19600.0], [-65200.0], [-138000.0], [-64200.0], [-12900.0], [-8790.0], [-38200.0], [-2330000.0], [-59800.0], [-3580.0]]
[False, False, False, False, False, False, False, False, False, False, False, False, False, False, False, False]
[Stage 1]Gen 9:  1st stage Reward: 0, Best reward: [2892970.]
Generation 8 耗时: 3.108秒
[-4370.0, -39900.0, -4830.0, -15700.0, -2460.0, -40300.0, -18700.0, -8670.0, -109000.0, -24400.0, -6170.0, -6180.0, -6620.0, -2230000.0, -59100.0, -3540.0]
[[-4430.0], [-42200.0], [-4990.0], [-20900.0], [-2730.0], [-64000.0], [-130000.0], [-47600.0], [-132000.0], [-32100.0], [-7690.0], [-7980.0], [-8290.0], [-2270000.0], [-60500.0], [-3620.0]]
[False, False, False, False, False, False, False, False, False, False, False, False, False, False, False, False]
[Stage 1]Gen 10:  1st stage Reward: 0, Best reward: [2839030.]
Generation 9 耗时: 3.055秒
[-4200.0, -39900.0, -4740.0, -15400.0, -2460.0, -19500.0, -16400.0, -8670.0, -109000.0, -24400.0, -6170.0, -6160.0, -6620.0, -2230000.0, -59100.0, -3540.0]
[[-4430.0], [-42200.0], [-4990.0], [-20900.0], [-2730.0], [-64000.0], [-130000.0], [-47600.0], [-132000.0], [-32100.0], [-7690.0], [-7980.0], [-8290.0], [-2270000.0], [-60500.0], [-3620.0]]
[False, False, False, False, False, False, False, False, False, False, False, False, False, False, False, False]
[Stage 1]Gen 11:  1st stage Reward: 0, Best reward: [2839030.]
Generation 10 耗时: 3.074秒
[-4180.0, -37500.0, -4740.0, -15400.0, -2460.0, -14700.0, -16200.0, -8230.0, -109000.0, -24400.0, -6170.0, -6160.0, -6520.0, -2230000.0, -59100.0, -3540.0]
[[-4220.0], [-40300.0], [-4900.0], [-20800.0], [-3470.0], [-16500.0], [-16300.0], [-8990.0], [-113000.0], [-32000.0], [-6790.0], [-7820.0], [-8160.0], [-2270000.0], [-60500.0], [-3810.0]]
[False, False, False, False, False, False, False, False, False, False, False, False, False, False, False, False]
[Stage 1]Gen 12:  1st stage Reward: 0, Best reward: [2617560.]
Generation 11 耗时: 3.241秒
[-4040.0, -33100.0, -4740.0, -15400.0, -2460.0, -12500.0, -14600.0, -8230.0, -109000.0, -24400.0, -5900.0, -6110.0, -6520.0, -2230000.0, -59100.0, -3540.0]
[[-4220.0], [-40300.0], [-4900.0], [-20800.0], [-3470.0], [-16500.0], [-16300.0], [-8990.0], [-113000.0], [-32000.0], [-6790.0], [-7820.0], [-8160.0], [-2270000.0], [-60500.0], [-3810.0]]
[False, False, False, False, False, False, False, False, False, False, False, False, False, False, False, False]
[Stage 1]Gen 13:  1st stage Reward: 0, Best reward: [2617560.]
Generation 12 耗时: 3.143秒
[-4040.0, -33100.0, -4740.0, -15400.0, -2460.0, -12400.0, -14600.0, -6460.0, -108000.0, -24400.0, -5900.0, -6060.0, -6520.0, -2200000.0, -58800.0, -3540.0]
[[-4220.0], [-40300.0], [-4900.0], [-20800.0], [-3470.0], [-16500.0], [-16300.0], [-8990.0], [-113000.0], [-32000.0], [-6790.0], [-7820.0], [-8160.0], [-2270000.0], [-60500.0], [-3810.0]]
[False, False, False, False, False, False, False, False, False, False, False, False, False, False, False, False]
[Stage 1]Gen 14:  1st stage Reward: 0, Best reward: [2617560.]
Generation 13 耗时: 3.109秒
[-4040.0, -33100.0, -4740.0, -15400.0, -2460.0, -12400.0, -14300.0, -6440.0, -107000.0, -24400.0, -5900.0, -6060.0, -6520.0, -2200000.0, -58800.0, -3540.0]
[[-4220.0], [-40300.0], [-4900.0], [-20800.0], [-3470.0], [-16500.0], [-16300.0], [-8990.0], [-113000.0], [-32000.0], [-6790.0], [-7820.0], [-8160.0], [-2270000.0], [-60500.0], [-3810.0]]
[False, False, False, False, False, False, False, False, False, False, False, False, False, False, False, False]
[Stage 1]Gen 15:  1st stage Reward: 0, Best reward: [2617560.]
Generation 14 耗时: 3.124秒
[-4040.0, -32900.0, -4740.0, -15400.0, -2460.0, -12400.0, -14300.0, -4930.0, -107000.0, -24400.0, -5900.0, -6060.0, -6520.0, -2200000.0, -58800.0, -3540.0]
[[-4220.0], [-40300.0], [-4900.0], [-20800.0], [-3470.0], [-16500.0], [-16300.0], [-8990.0], [-113000.0], [-32000.0], [-6790.0], [-7820.0], [-8160.0], [-2270000.0], [-60500.0], [-3810.0]]
[False, False, False, False, False, False, False, False, False, False, False, False, False, False, False, False]
[Stage 1]Gen 16:  1st stage Reward: 0, Best reward: [2617560.]
Generation 15 耗时: 3.102秒
[-4030.0, -32900.0, -4740.0, -15400.0, -2370.0, -12400.0, -14300.0, -4930.0, -107000.0, -24400.0, -5820.0, -6060.0, -6520.0, -2200000.0, -58800.0, -3540.0]
[[-4220.0], [-40300.0], [-4900.0], [-20800.0], [-3470.0], [-16500.0], [-16300.0], [-8990.0], [-113000.0], [-32000.0], [-6790.0], [-7820.0], [-8160.0], [-2270000.0], [-60500.0], [-3810.0]]
[False, False, False, False, False, False, False, False, False, False, False, False, False, False, False, False]
[Stage 1]Gen 17:  1st stage Reward: 0, Best reward: [2617560.]
Generation 16 耗时: 3.059秒
[-4020.0, -32900.0, -4740.0, -15400.0, -2370.0, -12400.0, -14300.0, -4750.0, -107000.0, -24400.0, -5820.0, -6060.0, -6520.0, -2200000.0, -58800.0, -3540.0]
[[-4220.0], [-40300.0], [-4900.0], [-20800.0], [-3470.0], [-16500.0], [-16300.0], [-8990.0], [-113000.0], [-32000.0], [-6790.0], [-7820.0], [-8160.0], [-2270000.0], [-60500.0], [-3810.0]]
[False, False, False, False, False, False, False, False, False, False, False, False, False, False, False, False]
[Stage 1]Gen 18:  1st stage Reward: 0, Best reward: [2617560.]
Generation 17 耗时: 3.082秒
[-4020.0, -32900.0, -4740.0, -15400.0, -2370.0, -12100.0, -14300.0, -4520.0, -107000.0, -24400.0, -5820.0, -5900.0, -6410.0, -2200000.0, -58800.0, -3540.0]
[[-4220.0], [-40300.0], [-4900.0], [-20800.0], [-3470.0], [-16500.0], [-16300.0], [-8990.0], [-113000.0], [-32000.0], [-6790.0], [-7820.0], [-8160.0], [-2270000.0], [-60500.0], [-3810.0]]
[False, False, False, False, False, False, False, False, False, False, False, False, False, False, False, False]
[Stage 1]Gen 19:  1st stage Reward: 0, Best reward: [2617560.]
Generation 18 耗时: 3.093秒
[-4020.0, -32900.0, -4740.0, -15400.0, -2370.0, -12100.0, -14300.0, -4170.0, -107000.0, -24400.0, -5820.0, -5900.0, -6410.0, -2200000.0, -58800.0, -3540.0]
[[-4220.0], [-40300.0], [-4900.0], [-20800.0], [-3470.0], [-16500.0], [-16300.0], [-8990.0], [-113000.0], [-32000.0], [-6790.0], [-7820.0], [-8160.0], [-2270000.0], [-60500.0], [-3810.0]]
[False, False, False, False, False, False, False, False, False, False, False, False, False, False, False, False]
[Stage 1]Gen 20:  1st stage Reward: 0, Best reward: [2617560.]
Generation 19 耗时: 3.101秒
[-4020.0, -32900.0, -4740.0, -15400.0, -2370.0, -12100.0, -14300.0, -4170.0, -59700.0, -24400.0, -5820.0, -5900.0, -6410.0, -2200000.0, -58800.0, -3540.0]
[[-4220.0], [-40300.0], [-4900.0], [-20800.0], [-3470.0], [-16500.0], [-16300.0], [-8990.0], [-113000.0], [-32000.0], [-6790.0], [-7820.0], [-8160.0], [-2270000.0], [-60500.0], [-3810.0]]
[False, False, False, False, False, False, False, False, False, False, False, False, False, False, False, False]
[Stage 1]Gen 21:  1st stage Reward: 0, Best reward: [2617560.]
Generation 20 耗时: 2.993秒
[-4020.0, -32900.0, -4740.0, -15400.0, -2370.0, -12100.0, -14300.0, -4170.0, -52300.0, -24400.0, -5820.0, -5900.0, -6410.0, -2200000.0, -58800.0, -3540.0]
[[-6090.0], [-39300.0], [-5000.0], [-18400.0], [-2500.0], [-14700.0], [-14400.0], [-4300.0], [-53500.0], [-29400.0], [-6180.0], [-6870.0], [-18000.0], [-2330000.0], [-62200.0], [-3710.0]]
[False, False, False, False, False, False, False, False, False, False, False, False, False, False, False, False]
[Stage 1]Gen 22:  1st stage Reward: 0, Best reward: [2614550.]
Generation 21 耗时: 2.966秒
[-4020.0, -32800.0, -4610.0, -15100.0, -2370.0, -12100.0, -14300.0, -4170.0, -49200.0, -24400.0, -5820.0, -5900.0, -6410.0, -2200000.0, -58800.0, -3540.0]
[[-6090.0], [-39300.0], [-5000.0], [-18400.0], [-2500.0], [-14700.0], [-14400.0], [-4300.0], [-53500.0], [-29400.0], [-6180.0], [-6870.0], [-18000.0], [-2330000.0], [-62200.0], [-3710.0]]
[False, False, False, False, False, False, False, False, False, False, False, False, False, False, False, False]
[Stage 1]Gen 23:  1st stage Reward: 0, Best reward: [2614550.]
Generation 22 耗时: 3.024秒
[-4020.0, -32800.0, -4610.0, -15100.0, -2370.0, -12100.0, -14300.0, -4170.0, -49200.0, -24400.0, -5820.0, -5900.0, -6410.0, -2200000.0, -58800.0, -3540.0]
[[-6880.0], [-34200.0], [-4750.0], [-15900.0], [-2440.0], [-12600.0], [-16100.0], [-4440.0], [-49400.0], [-59500.0], [-6190.0], [-6090.0], [-6590.0], [-2250000.0], [-60100.0], [-3800.0]]
[False, False, False, False, False, False, False, False, False, False, False, False, False, False, False, False]
[Stage 1]Gen 24:  1st stage Reward: 0, Best reward: [2538980.]
Generation 23 耗时: 2.925秒
[-4020.0, -32800.0, -4610.0, -15100.0, -2370.0, -12100.0, -14300.0, -4170.0, -47300.0, -24400.0, -5820.0, -5900.0, -6410.0, -2200000.0, -58800.0, -3540.0]
[[-6880.0], [-34200.0], [-4750.0], [-15900.0], [-2440.0], [-12600.0], [-16100.0], [-4440.0], [-49400.0], [-59500.0], [-6190.0], [-6090.0], [-6590.0], [-2250000.0], [-60100.0], [-3800.0]]
[False, False, False, False, False, False, False, False, False, False, False, False, False, False, False, False]
[Stage 1]Gen 25:  1st stage Reward: 0, Best reward: [2538980.]
Generation 24 耗时: 3.058秒
[-4020.0, -32800.0, -4610.0, -15100.0, -2370.0, -12100.0, -14300.0, -4170.0, -47300.0, -24400.0, -5820.0, -5900.0, -6410.0, -2200000.0, -58800.0, -3540.0]
[[-6880.0], [-34200.0], [-4750.0], [-15900.0], [-2440.0], [-12600.0], [-16100.0], [-4440.0], [-49400.0], [-59500.0], [-6190.0], [-6090.0], [-6590.0], [-2250000.0], [-60100.0], [-3800.0]]
[False, False, False, False, False, False, False, False, False, False, False, False, False, False, False, False]
[Stage 1]Gen 26:  1st stage Reward: 0, Best reward: [2538980.]
Generation 25 耗时: 3.120秒
[-4020.0, -32800.0, -4610.0, -15100.0, -2370.0, -12100.0, -14300.0, -4170.0, -47300.0, -24400.0, -5820.0, -5900.0, -6410.0, -2200000.0, -58800.0, -3540.0]
[[-6880.0], [-34200.0], [-4750.0], [-15900.0], [-2440.0], [-12600.0], [-16100.0], [-4440.0], [-49400.0], [-59500.0], [-6190.0], [-6090.0], [-6590.0], [-2250000.0], [-60100.0], [-3800.0]]
[False, False, False, False, False, False, False, False, False, False, False, False, False, False, False, False]
[Stage 1]Gen 27:  1st stage Reward: 0, Best reward: [2538980.]
Generation 26 耗时: 3.070秒
[-4020.0, -32800.0, -4610.0, -15100.0, -2370.0, -12100.0, -14300.0, -4170.0, -41800.0, -24400.0, -5820.0, -5900.0, -6410.0, -2200000.0, -58800.0, -3540.0]
[[-6880.0], [-34200.0], [-4750.0], [-15900.0], [-2440.0], [-12600.0], [-16100.0], [-4440.0], [-49400.0], [-59500.0], [-6190.0], [-6090.0], [-6590.0], [-2250000.0], [-60100.0], [-3800.0]]
[False, False, False, False, False, False, False, False, False, False, False, False, False, False, False, False]
[Stage 1]Gen 28:  1st stage Reward: 0, Best reward: [2538980.]
Generation 27 耗时: 3.046秒
[-4020.0, -32800.0, -4610.0, -15100.0, -2370.0, -12100.0, -14300.0, -4170.0, -37800.0, -24400.0, -5820.0, -5900.0, -6410.0, -2200000.0, -58800.0, -3540.0]
[[-6880.0], [-34200.0], [-4750.0], [-15900.0], [-2440.0], [-12600.0], [-16100.0], [-4440.0], [-49400.0], [-59500.0], [-6190.0], [-6090.0], [-6590.0], [-2250000.0], [-60100.0], [-3800.0]]
[False, False, False, False, False, False, False, False, False, False, False, False, False, False, False, False]
[Stage 1]Gen 29:  1st stage Reward: 0, Best reward: [2538980.]
Generation 28 耗时: 2.981秒
[-3910.0, -32300.0, -4610.0, -15100.0, -2370.0, -12100.0, -14300.0, -4170.0, -34000.0, -24400.0, -5820.0, -5900.0, -6410.0, -2200000.0, -58800.0, -3540.0]
[[-6880.0], [-34200.0], [-4750.0], [-15900.0], [-2440.0], [-12600.0], [-16100.0], [-4440.0], [-49400.0], [-59500.0], [-6190.0], [-6090.0], [-6590.0], [-2250000.0], [-60100.0], [-3800.0]]
[False, False, False, False, False, False, False, False, False, False, False, False, False, False, False, False]
[Stage 1]Gen 30:  1st stage Reward: 0, Best reward: [2538980.]
Generation 29 耗时: 3.000秒
[-3910.0, -32300.0, -4610.0, -15100.0, -2370.0, -12100.0, -14300.0, -3710.0, -34000.0, -24400.0, -5820.0, -5900.0, -6410.0, -2200000.0, -58800.0, -3540.0]
[[-6880.0], [-34200.0], [-4750.0], [-15900.0], [-2440.0], [-12600.0], [-16100.0], [-4440.0], [-49400.0], [-59500.0], [-6190.0], [-6090.0], [-6590.0], [-2250000.0], [-60100.0], [-3800.0]]
[False, False, False, False, False, False, False, False, False, False, False, False, False, False, False, False]
[Stage 1]Gen 31:  1st stage Reward: 0, Best reward: [2538980.]
Generation 30 耗时: 2.992秒
[-3900.0, -32300.0, -4610.0, -15100.0, -2370.0, -12100.0, -14300.0, -3710.0, -34000.0, -24400.0, -5680.0, -5900.0, -6410.0, -2200000.0, -58800.0, -3540.0]
[[-6880.0], [-34200.0], [-4750.0], [-15900.0], [-2440.0], [-12600.0], [-16100.0], [-4440.0], [-49400.0], [-59500.0], [-6190.0], [-6090.0], [-6590.0], [-2250000.0], [-60100.0], [-3800.0]]
[False, False, False, False, False, False, False, False, False, False, False, False, False, False, False, False]
[Stage 1]Gen 32:  1st stage Reward: 0, Best reward: [2538980.]
Generation 31 耗时: 3.079秒
[-3900.0, -32300.0, -4610.0, -15100.0, -2370.0, -12100.0, -14300.0, -3710.0, -32900.0, -24400.0, -5680.0, -5900.0, -6410.0, -2200000.0, -58800.0, -3540.0]
[[-6880.0], [-34200.0], [-4750.0], [-15900.0], [-2440.0], [-12600.0], [-16100.0], [-4440.0], [-49400.0], [-59500.0], [-6190.0], [-6090.0], [-6590.0], [-2250000.0], [-60100.0], [-3800.0]]
[False, False, False, False, False, False, False, False, False, False, False, False, False, True, False, False]
[Stage 1]Gen 33:  1st stage Reward: 0, Best reward: [2538980.]
Generation 32 耗时: 2.968秒
[-3900.0, -32300.0, -4610.0, -14600.0, -2370.0, -12100.0, -14300.0, -3710.0, -32900.0, -24400.0, -5680.0, -5900.0, -6410.0, -2200000.0, -58800.0, -3540.0]
[[-6880.0], [-34200.0], [-4750.0], [-15900.0], [-2440.0], [-12600.0], [-16100.0], [-4440.0], [-49400.0], [-59500.0], [-6190.0], [-6090.0], [-6590.0], [-2250000.0], [-60100.0], [-3800.0]]
[False, False, False, False, False, False, False, False, False, False, False, False, False, True, False, False]
[Stage 1]Gen 34:  1st stage Reward: 0, Best reward: [2538980.]
Generation 33 耗时: 3.068秒
[-3900.0, -32300.0, -4610.0, -11700.0, -2370.0, -12100.0, -14300.0, -3710.0, -32900.0, -24400.0, -5680.0, -5900.0, -6410.0, -2200000.0, -58800.0, -3540.0]
[[-6880.0], [-34200.0], [-4750.0], [-15900.0], [-2440.0], [-12600.0], [-16100.0], [-4440.0], [-49400.0], [-59500.0], [-6190.0], [-6090.0], [-6590.0], [-2250000.0], [-60100.0], [-3800.0]]
[False, False, False, False, False, False, False, False, False, False, False, False, False, True, False, False]
[Stage 1]Gen 35:  1st stage Reward: 0, Best reward: [2538980.]
Generation 34 耗时: 3.055秒
[-3900.0, -32300.0, -4610.0, -11700.0, -2370.0, -12100.0, -14300.0, -3710.0, -32900.0, -24400.0, -5680.0, -5900.0, -6410.0, -2200000.0, -58800.0, -3540.0]
[[-6880.0], [-34200.0], [-4750.0], [-15900.0], [-2440.0], [-12600.0], [-16100.0], [-4440.0], [-49400.0], [-59500.0], [-6190.0], [-6090.0], [-6590.0], [-2250000.0], [-60100.0], [-3800.0]]
[False, False, False, False, False, False, False, False, False, False, False, False, False, True, False, False]
[Stage 1]Gen 36:  1st stage Reward: 0, Best reward: [2538980.]
Generation 35 耗时: 2.975秒
[-3900.0, -32300.0, -4610.0, -11400.0, -2370.0, -12100.0, -14300.0, -3710.0, -32900.0, -24300.0, -5680.0, -5750.0, -6410.0, -2200000.0, -58800.0, -3540.0]
[[-6880.0], [-34200.0], [-4750.0], [-15900.0], [-2440.0], [-12600.0], [-16100.0], [-4440.0], [-49400.0], [-59500.0], [-6190.0], [-6090.0], [-6590.0], [-2250000.0], [-60100.0], [-3800.0]]
[False, False, False, False, False, False, False, False, False, False, False, False, False, True, False, False]
[Stage 1]Gen 37:  1st stage Reward: 0, Best reward: [2538980.]
Generation 36 耗时: 2.903秒
[-3880.0, -32300.0, -4550.0, -11400.0, -2370.0, -12100.0, -14300.0, -3710.0, -32200.0, -23900.0, -5680.0, -5750.0, -6410.0, -2200000.0, -58800.0, -3540.0]
[[-6880.0], [-34200.0], [-4750.0], [-15900.0], [-2440.0], [-12600.0], [-16100.0], [-4440.0], [-49400.0], [-59500.0], [-6190.0], [-6090.0], [-6590.0], [-2250000.0], [-60100.0], [-3800.0]]
[False, False, False, False, False, False, False, False, False, False, False, False, False, True, False, False]
[Stage 1]Gen 38:  1st stage Reward: 0, Best reward: [2538980.]
Generation 37 耗时: 2.973秒
[-3880.0, -32300.0, -4500.0, -11400.0, -2360.0, -12100.0, -14300.0, -3710.0, -32200.0, -23900.0, -5680.0, -5750.0, -6410.0, -2200000.0, -58800.0, -3540.0]
[[-6880.0], [-34200.0], [-4750.0], [-15900.0], [-2440.0], [-12600.0], [-16100.0], [-4440.0], [-49400.0], [-59500.0], [-6190.0], [-6090.0], [-6590.0], [-2250000.0], [-60100.0], [-3800.0]]
[False, False, False, False, False, False, False, False, False, False, False, False, False, True, False, False]
[Stage 1]Gen 39:  1st stage Reward: 0, Best reward: [2538980.]
Generation 38 耗时: 2.936秒
[-3880.0, -32300.0, -4490.0, -11400.0, -2360.0, -12100.0, -14300.0, -3710.0, -32200.0, -23900.0, -5680.0, -5750.0, -6410.0, -2200000.0, -58800.0, -3540.0]
[[-6880.0], [-34200.0], [-4750.0], [-15900.0], [-2440.0], [-12600.0], [-16100.0], [-4440.0], [-49400.0], [-59500.0], [-6190.0], [-6090.0], [-6590.0], [-2250000.0], [-60100.0], [-3800.0]]
[False, False, False, False, False, False, False, False, False, False, False, False, False, True, False, False]
[Stage 1]Gen 40:  1st stage Reward: 0, Best reward: [2538980.]
Generation 39 耗时: 3.010秒
[-3880.0, -32300.0, -4390.0, -11400.0, -2360.0, -12100.0, -14200.0, -3710.0, -32200.0, -23900.0, -5680.0, -5750.0, -5450.0, -2200000.0, -58800.0, -3540.0]
[[-6880.0], [-34200.0], [-4750.0], [-15900.0], [-2440.0], [-12600.0], [-16100.0], [-4440.0], [-49400.0], [-59500.0], [-6190.0], [-6090.0], [-6590.0], [-2250000.0], [-60100.0], [-3800.0]]
[False, False, False, False, False, False, False, False, False, False, False, False, False, True, False, False]
[Stage 1]Gen 41:  1st stage Reward: 0, Best reward: [2538980.]
Generation 40 耗时: 3.052秒
[-3790.0, -32300.0, -4390.0, -11400.0, -2260.0, -12100.0, -14200.0, -3710.0, -29900.0, -23900.0, -5530.0, -5750.0, -4770.0, -2200000.0, -58800.0, -3540.0]
[[-6880.0], [-34200.0], [-4750.0], [-15900.0], [-2440.0], [-12600.0], [-16100.0], [-4440.0], [-49400.0], [-59500.0], [-6190.0], [-6090.0], [-6590.0], [-2250000.0], [-60100.0], [-3800.0]]
[False, False, False, False, False, False, False, False, False, False, False, False, False, True, False, False]
[Stage 1]Gen 42:  1st stage Reward: 0, Best reward: [2538980.]
Generation 41 耗时: 2.952秒
[-3790.0, -32300.0, -4260.0, -11400.0, -2260.0, -12100.0, -14200.0, -3590.0, -29900.0, -23900.0, -5430.0, -5750.0, -4630.0, -2200000.0, -58800.0, -3540.0]
[[-6880.0], [-34200.0], [-4750.0], [-15900.0], [-2440.0], [-12600.0], [-16100.0], [-4440.0], [-49400.0], [-59500.0], [-6190.0], [-6090.0], [-6590.0], [-2250000.0], [-60100.0], [-3800.0]]
[False, False, False, False, False, False, False, False, False, False, False, False, False, True, False, False]
[Stage 1]Gen 43:  1st stage Reward: 0, Best reward: [2538980.]
Generation 42 耗时: 3.119秒
[-3790.0, -32300.0, -4260.0, -11400.0, -2260.0, -12100.0, -14200.0, -3590.0, -29900.0, -23900.0, -5430.0, -5750.0, -4630.0, -2200000.0, -58800.0, -3540.0]
[[-6880.0], [-34200.0], [-4750.0], [-15900.0], [-2440.0], [-12600.0], [-16100.0], [-4440.0], [-49400.0], [-59500.0], [-6190.0], [-6090.0], [-6590.0], [-2250000.0], [-60100.0], [-3800.0]]
[False, False, False, False, False, False, False, False, False, False, False, False, False, True, False, False]
[Stage 1]Gen 44:  1st stage Reward: 0, Best reward: [2538980.]
Generation 43 耗时: 3.000秒
[-3740.0, -32200.0, -4200.0, -11400.0, -2250.0, -12100.0, -14200.0, -3550.0, -29900.0, -23900.0, -5400.0, -5750.0, -4360.0, -2200000.0, -58800.0, -3530.0]
[[-3740.0], [-32200.0], [-4200.0], [-11500.0], [-2250.0], [-12200.0], [-14300.0], [-11100.0], [-29900.0], [-87400.0], [-9430.0], [-5970.0], [-4360.0], [-2220000.0], [-59200.0], [-3530.0]]
[False, False, False, False, False, False, False, False, False, False, False, False, False, True, False, False]
[Stage 1]Gen 45:  1st stage Reward: 0, Best reward: [2511280.]
Generation 44 耗时: 3.037秒
[-3710.0, -32200.0, -4200.0, -11400.0, -2250.0, -12100.0, -14200.0, -3540.0, -29900.0, -23900.0, -5400.0, -5750.0, -4360.0, -2200000.0, -58800.0, -3530.0]
[[-3740.0], [-32200.0], [-4200.0], [-11500.0], [-2250.0], [-12200.0], [-14300.0], [-11100.0], [-29900.0], [-87400.0], [-9430.0], [-5970.0], [-4360.0], [-2220000.0], [-59200.0], [-3530.0]]
[False, False, False, False, False, False, False, False, False, False, False, False, False, True, False, False]
[Stage 1]Gen 46:  1st stage Reward: 0, Best reward: [2511280.]
Generation 45 耗时: 3.030秒
[-3700.0, -32200.0, -4200.0, -11400.0, -2250.0, -11600.0, -12200.0, -3540.0, -28800.0, -22800.0, -5400.0, -5750.0, -4360.0, -2200000.0, -58800.0, -3530.0]
[[-3740.0], [-32200.0], [-4200.0], [-11500.0], [-2250.0], [-12200.0], [-14300.0], [-11100.0], [-29900.0], [-87400.0], [-9430.0], [-5970.0], [-4360.0], [-2220000.0], [-59200.0], [-3530.0]]
[False, False, False, False, False, False, False, False, False, False, False, False, False, True, False, False]
[Stage 1]Gen 47:  1st stage Reward: 0, Best reward: [2511280.]
Generation 46 耗时: 3.141秒
[-3700.0, -31600.0, -4200.0, -11400.0, -2250.0, -11600.0, -12200.0, -3540.0, -28800.0, -22800.0, -5400.0, -5750.0, -4360.0, -2200000.0, -58800.0, -3530.0]
[[-3740.0], [-32200.0], [-4200.0], [-11500.0], [-2250.0], [-12200.0], [-14300.0], [-11100.0], [-29900.0], [-87400.0], [-9430.0], [-5970.0], [-4360.0], [-2220000.0], [-59200.0], [-3530.0]]
[False, False, False, False, False, False, False, False, False, False, False, False, False, True, False, False]
[Stage 1]Gen 48:  1st stage Reward: 0, Best reward: [2511280.]
Generation 47 耗时: 3.203秒
[-3700.0, -30700.0, -4200.0, -11300.0, -2240.0, -11600.0, -12200.0, -3510.0, -28800.0, -22800.0, -5330.0, -5750.0, -4360.0, -2200000.0, -58800.0, -3530.0]
[[-3740.0], [-32200.0], [-4200.0], [-11500.0], [-2250.0], [-12200.0], [-14300.0], [-11100.0], [-29900.0], [-87400.0], [-9430.0], [-5970.0], [-4360.0], [-2220000.0], [-59200.0], [-3530.0]]
[False, False, False, False, False, False, False, False, False, False, False, False, False, True, False, False]
[Stage 1]Gen 49:  1st stage Reward: 0, Best reward: [2511280.]
Generation 48 耗时: 3.015秒
[-3700.0, -30700.0, -4200.0, -11300.0, -2240.0, -11600.0, -12200.0, -3510.0, -28800.0, -22800.0, -5330.0, -5750.0, -4360.0, -2200000.0, -58800.0, -3530.0]
[[-3740.0], [-32200.0], [-4200.0], [-11500.0], [-2250.0], [-12200.0], [-14300.0], [-11100.0], [-29900.0], [-87400.0], [-9430.0], [-5970.0], [-4360.0], [-2220000.0], [-59200.0], [-3530.0]]
[False, False, False, False, False, False, False, False, False, False, False, False, False, True, False, False]
[Stage 1]Gen 50:  1st stage Reward: 0, Best reward: [2511280.]
Generation 49 耗时: 2.919秒
[-3700.0, -30700.0, -4200.0, -11300.0, -2240.0, -11600.0, -12200.0, -3510.0, -28800.0, -22800.0, -5330.0, -5750.0, -4360.0, -2200000.0, -58800.0, -3530.0]
[[-3740.0], [-32200.0], [-4200.0], [-11500.0], [-2250.0], [-12200.0], [-14300.0], [-11100.0], [-29900.0], [-87400.0], [-9430.0], [-5970.0], [-4360.0], [-2220000.0], [-59200.0], [-3530.0]]
[False, False, False, False, False, False, False, False, False, False, False, False, False, True, False, False]
[Stage 1]Gen 51:  1st stage Reward: 0, Best reward: [2511280.]
Generation 50 耗时: 3.256秒
[-3700.0, -30700.0, -4200.0, -11300.0, -2240.0, -11600.0, -12200.0, -3510.0, -28800.0, -22800.0, -5330.0, -5750.0, -4360.0, -2200000.0, -58800.0, -3530.0]
[[-3740.0], [-32200.0], [-4200.0], [-11500.0], [-2250.0], [-12200.0], [-14300.0], [-11100.0], [-29900.0], [-87400.0], [-9430.0], [-5970.0], [-4360.0], [-2220000.0], [-59200.0], [-3530.0]]
[False, False, False, False, False, False, False, False, False, False, False, False, False, True, False, False]
[Stage 1]Gen 52:  1st stage Reward: 0, Best reward: [2511280.]
Generation 51 耗时: 3.260秒
[-3700.0, -30700.0, -4200.0, -11300.0, -2240.0, -11600.0, -12200.0, -3510.0, -28800.0, -22800.0, -5330.0, -5750.0, -4360.0, -2200000.0, -58800.0, -3530.0]
[[-3740.0], [-32200.0], [-4200.0], [-11500.0], [-2250.0], [-12200.0], [-14300.0], [-11100.0], [-29900.0], [-87400.0], [-9430.0], [-5970.0], [-4360.0], [-2220000.0], [-59200.0], [-3530.0]]
[False, False, False, False, False, False, False, False, False, False, False, False, False, True, False, False]
[Stage 1]Gen 53:  1st stage Reward: 0, Best reward: [2511280.]
Generation 52 耗时: 3.306秒
[-3700.0, -30700.0, -4200.0, -11300.0, -2240.0, -11600.0, -12100.0, -3480.0, -28800.0, -22800.0, -5330.0, -5750.0, -4360.0, -2200000.0, -58800.0, -3530.0]
[[-3740.0], [-32200.0], [-4200.0], [-11500.0], [-2250.0], [-12200.0], [-14300.0], [-11100.0], [-29900.0], [-87400.0], [-9430.0], [-5970.0], [-4360.0], [-2220000.0], [-59200.0], [-3530.0]]
[False, False, False, False, False, False, False, False, False, False, False, False, False, True, False, False]
[Stage 1]Gen 54:  1st stage Reward: 0, Best reward: [2511280.]
Generation 53 耗时: 3.053秒
[-3700.0, -30700.0, -4200.0, -11300.0, -2240.0, -11600.0, -12100.0, -3440.0, -28800.0, -22800.0, -5330.0, -5750.0, -4360.0, -2200000.0, -58800.0, -3530.0]
[[-3740.0], [-32200.0], [-4200.0], [-11500.0], [-2250.0], [-12200.0], [-14300.0], [-11100.0], [-29900.0], [-87400.0], [-9430.0], [-5970.0], [-4360.0], [-2220000.0], [-59200.0], [-3530.0]]
[False, False, False, False, False, False, False, False, False, False, False, False, False, True, False, False]
[Stage 1]Gen 55:  1st stage Reward: 0, Best reward: [2511280.]
Generation 54 耗时: 3.103秒
[-3700.0, -30700.0, -4200.0, -11300.0, -2240.0, -11600.0, -12100.0, -3440.0, -28800.0, -22800.0, -5330.0, -5750.0, -4360.0, -2200000.0, -58800.0, -3510.0]
[[-3740.0], [-32200.0], [-4200.0], [-11500.0], [-2250.0], [-12200.0], [-14300.0], [-11100.0], [-29900.0], [-87400.0], [-9430.0], [-5970.0], [-4360.0], [-2220000.0], [-59200.0], [-3530.0]]
[False, False, False, False, False, False, False, False, False, False, False, False, False, True, False, False]
[Stage 1]Gen 56:  1st stage Reward: 0, Best reward: [2511280.]
Generation 55 耗时: 3.001秒
[-3700.0, -30700.0, -4200.0, -11300.0, -2240.0, -11600.0, -12100.0, -3440.0, -28800.0, -22800.0, -5330.0, -5750.0, -4360.0, -2200000.0, -58800.0, -3510.0]
[[-3740.0], [-32200.0], [-4200.0], [-11500.0], [-2250.0], [-12200.0], [-14300.0], [-11100.0], [-29900.0], [-87400.0], [-9430.0], [-5970.0], [-4360.0], [-2220000.0], [-59200.0], [-3530.0]]
[False, False, False, False, False, False, False, False, False, False, False, False, False, True, False, False]
[Stage 1]Gen 57:  1st stage Reward: 0, Best reward: [2511280.]
Generation 56 耗时: 3.002秒
[-3700.0, -30700.0, -4200.0, -11300.0, -2240.0, -11600.0, -12100.0, -3440.0, -28800.0, -22800.0, -5330.0, -5750.0, -4360.0, -2200000.0, -58800.0, -3510.0]
[[-3740.0], [-32200.0], [-4200.0], [-11500.0], [-2250.0], [-12200.0], [-14300.0], [-11100.0], [-29900.0], [-87400.0], [-9430.0], [-5970.0], [-4360.0], [-2220000.0], [-59200.0], [-3530.0]]
[False, False, False, False, False, False, False, False, False, False, False, False, False, True, False, False]
[Stage 1]Gen 58:  1st stage Reward: 0, Best reward: [2511280.]
Generation 57 耗时: 3.087秒
[-3700.0, -30700.0, -4200.0, -11300.0, -2240.0, -11600.0, -12100.0, -3440.0, -28800.0, -22800.0, -5330.0, -5750.0, -4360.0, -2200000.0, -58800.0, -3510.0]
[[-3740.0], [-32200.0], [-4200.0], [-11500.0], [-2250.0], [-12200.0], [-14300.0], [-11100.0], [-29900.0], [-87400.0], [-9430.0], [-5970.0], [-4360.0], [-2220000.0], [-59200.0], [-3530.0]]
[False, False, False, False, False, False, False, False, False, False, False, False, False, True, False, False]
[Stage 1]Gen 59:  1st stage Reward: 0, Best reward: [2511280.]
Generation 58 耗时: 2.994秒
[-3700.0, -30700.0, -4200.0, -11300.0, -2240.0, -11600.0, -12100.0, -3440.0, -28800.0, -22800.0, -5330.0, -5750.0, -4360.0, -2200000.0, -58800.0, -3510.0]
[[-3740.0], [-32200.0], [-4200.0], [-11500.0], [-2250.0], [-12200.0], [-14300.0], [-11100.0], [-29900.0], [-87400.0], [-9430.0], [-5970.0], [-4360.0], [-2220000.0], [-59200.0], [-3530.0]]
[False, False, False, False, False, False, False, False, False, False, False, False, False, True, False, False]
[Stage 1]Gen 60:  1st stage Reward: 0, Best reward: [2511280.]
Generation 59 耗时: 3.057秒
[-3700.0, -30700.0, -4200.0, -11300.0, -2240.0, -11600.0, -12100.0, -3440.0, -28800.0, -22800.0, -5330.0, -5720.0, -4360.0, -2200000.0, -58800.0, -3510.0]
[[-3740.0], [-32200.0], [-4200.0], [-11500.0], [-2250.0], [-12200.0], [-14300.0], [-11100.0], [-29900.0], [-87400.0], [-9430.0], [-5970.0], [-4360.0], [-2220000.0], [-59200.0], [-3530.0]]
[False, False, False, False, False, False, False, False, False, False, False, False, False, True, False, False]
[Stage 1]Gen 61:  1st stage Reward: 0, Best reward: [2511280.]
Generation 60 耗时: 2.975秒
[-3700.0, -30700.0, -4200.0, -11300.0, -2240.0, -11600.0, -12100.0, -3440.0, -28800.0, -22800.0, -5330.0, -5660.0, -4360.0, -2200000.0, -58800.0, -3510.0]
[[-3740.0], [-32200.0], [-4200.0], [-11500.0], [-2250.0], [-12200.0], [-14300.0], [-11100.0], [-29900.0], [-87400.0], [-9430.0], [-5970.0], [-4360.0], [-2220000.0], [-59200.0], [-3530.0]]
[False, False, False, False, False, False, False, False, False, False, False, False, False, True, False, False]
[Stage 1]Gen 62:  1st stage Reward: 0, Best reward: [2511280.]
Generation 61 耗时: 3.120秒
[-3700.0, -30700.0, -4200.0, -11300.0, -2240.0, -11600.0, -12100.0, -3440.0, -28800.0, -22800.0, -5330.0, -5660.0, -4360.0, -2200000.0, -58800.0, -3510.0]
[[-3740.0], [-32200.0], [-4200.0], [-11500.0], [-2250.0], [-12200.0], [-14300.0], [-11100.0], [-29900.0], [-87400.0], [-9430.0], [-5970.0], [-4360.0], [-2220000.0], [-59200.0], [-3530.0]]
[False, False, False, False, False, False, False, False, False, False, False, False, False, True, False, False]
[Stage 1]Gen 63:  1st stage Reward: 0, Best reward: [2511280.]
Generation 62 耗时: 3.111秒
[-3700.0, -30700.0, -4200.0, -11300.0, -2240.0, -11600.0, -12100.0, -3440.0, -28800.0, -22800.0, -5330.0, -5660.0, -4360.0, -2200000.0, -58800.0, -3510.0]
[[-3740.0], [-32200.0], [-4200.0], [-11500.0], [-2250.0], [-12200.0], [-14300.0], [-11100.0], [-29900.0], [-87400.0], [-9430.0], [-5970.0], [-4360.0], [-2220000.0], [-59200.0], [-3530.0]]
[False, False, False, False, False, False, False, False, False, False, False, False, False, True, False, False]
[Stage 1]Gen 64:  1st stage Reward: 0, Best reward: [2511280.]
Generation 63 耗时: 3.056秒
[-3700.0, -30700.0, -4200.0, -11300.0, -2240.0, -11600.0, -12100.0, -3440.0, -28800.0, -22800.0, -5330.0, -5660.0, -4360.0, -2200000.0, -58800.0, -3510.0]
[[-3740.0], [-32200.0], [-4200.0], [-11500.0], [-2250.0], [-12200.0], [-14300.0], [-11100.0], [-29900.0], [-87400.0], [-9430.0], [-5970.0], [-4360.0], [-2220000.0], [-59200.0], [-3530.0]]
[False, False, False, False, False, False, False, False, False, False, False, False, False, True, False, False]
[Stage 1]Gen 65:  1st stage Reward: 0, Best reward: [2511280.]
Generation 64 耗时: 2.955秒
[-3700.0, -30700.0, -4200.0, -11300.0, -2240.0, -11600.0, -12100.0, -3440.0, -28800.0, -22800.0, -5330.0, -5660.0, -4360.0, -2200000.0, -58800.0, -3510.0]
[[-3740.0], [-32200.0], [-4200.0], [-11500.0], [-2250.0], [-12200.0], [-14300.0], [-11100.0], [-29900.0], [-87400.0], [-9430.0], [-5970.0], [-4360.0], [-2220000.0], [-59200.0], [-3530.0]]
[False, False, False, False, False, False, False, False, False, False, False, False, False, True, False, False]
[Stage 1]Gen 66:  1st stage Reward: 0, Best reward: [2511280.]
Generation 65 耗时: 3.063秒
[-3700.0, -30700.0, -4200.0, -10800.0, -2240.0, -11600.0, -12100.0, -3430.0, -28800.0, -22800.0, -5330.0, -5660.0, -4360.0, -2200000.0, -58800.0, -3510.0]
[[-3740.0], [-32200.0], [-4200.0], [-11500.0], [-2250.0], [-12200.0], [-14300.0], [-11100.0], [-29900.0], [-87400.0], [-9430.0], [-5970.0], [-4360.0], [-2220000.0], [-59200.0], [-3530.0]]
[False, False, False, False, False, False, False, False, False, False, False, False, False, True, False, False]
[Stage 1]Gen 67:  1st stage Reward: 0, Best reward: [2511280.]
Generation 66 耗时: 3.160秒
[-3700.0, -30700.0, -4200.0, -9690.0, -2240.0, -11600.0, -12100.0, -3430.0, -28800.0, -22800.0, -5330.0, -5660.0, -4360.0, -2200000.0, -58800.0, -3510.0]
[[-3740.0], [-32200.0], [-4200.0], [-11500.0], [-2250.0], [-12200.0], [-14300.0], [-11100.0], [-29900.0], [-87400.0], [-9430.0], [-5970.0], [-4360.0], [-2220000.0], [-59200.0], [-3530.0]]
[False, False, False, False, False, False, False, False, False, False, False, False, False, True, False, False]
[Stage 1]Gen 68:  1st stage Reward: 0, Best reward: [2511280.]
Generation 67 耗时: 3.244秒
[-3700.0, -30700.0, -4200.0, -9690.0, -2240.0, -11600.0, -12100.0, -3430.0, -28800.0, -22800.0, -5330.0, -5660.0, -4360.0, -2200000.0, -58800.0, -3510.0]
[[-3740.0], [-32200.0], [-4200.0], [-11500.0], [-2250.0], [-12200.0], [-14300.0], [-11100.0], [-29900.0], [-87400.0], [-9430.0], [-5970.0], [-4360.0], [-2220000.0], [-59200.0], [-3530.0]]
[False, False, False, False, False, False, False, False, False, False, False, False, False, True, False, False]
[Stage 1]Gen 69:  1st stage Reward: 0, Best reward: [2511280.]
Generation 68 耗时: 3.012秒
[-3700.0, -30700.0, -4200.0, -9690.0, -2240.0, -11600.0, -12100.0, -3430.0, -28800.0, -22800.0, -5330.0, -5660.0, -4360.0, -2200000.0, -58800.0, -3510.0]
[[-3740.0], [-32200.0], [-4200.0], [-11500.0], [-2250.0], [-12200.0], [-14300.0], [-11100.0], [-29900.0], [-87400.0], [-9430.0], [-5970.0], [-4360.0], [-2220000.0], [-59200.0], [-3530.0]]
[False, False, False, False, False, False, False, False, False, False, False, False, False, True, False, False]
[Stage 1]Gen 70:  1st stage Reward: 0, Best reward: [2511280.]
Generation 69 耗时: 3.102秒
[-3700.0, -30700.0, -4200.0, -9690.0, -2240.0, -11600.0, -12100.0, -3430.0, -28800.0, -22800.0, -5330.0, -5660.0, -4360.0, -2200000.0, -58800.0, -3510.0]
[[-3740.0], [-32200.0], [-4200.0], [-11500.0], [-2250.0], [-12200.0], [-14300.0], [-11100.0], [-29900.0], [-87400.0], [-9430.0], [-5970.0], [-4360.0], [-2220000.0], [-59200.0], [-3530.0]]
[False, False, False, False, False, False, False, False, False, False, False, False, False, True, False, False]
[Stage 1]Gen 71:  1st stage Reward: 0, Best reward: [2511280.]
Generation 70 耗时: 3.103秒
[-3700.0, -30700.0, -4200.0, -9690.0, -2240.0, -11600.0, -12100.0, -3430.0, -28800.0, -22800.0, -5330.0, -5660.0, -4360.0, -2200000.0, -58800.0, -3510.0]
[[-3740.0], [-32200.0], [-4200.0], [-11500.0], [-2250.0], [-12200.0], [-14300.0], [-11100.0], [-29900.0], [-87400.0], [-9430.0], [-5970.0], [-4360.0], [-2220000.0], [-59200.0], [-3530.0]]
[False, False, False, False, False, False, False, False, False, False, False, False, False, True, False, False]
[Stage 1]Gen 72:  1st stage Reward: 0, Best reward: [2511280.]
Generation 71 耗时: 3.221秒
[-3700.0, -30700.0, -4200.0, -9340.0, -2240.0, -11600.0, -12100.0, -3310.0, -28800.0, -22800.0, -5330.0, -5660.0, -4360.0, -2200000.0, -58800.0, -3510.0]
[[-3740.0], [-32200.0], [-4200.0], [-11500.0], [-2250.0], [-12200.0], [-14300.0], [-11100.0], [-29900.0], [-87400.0], [-9430.0], [-5970.0], [-4360.0], [-2220000.0], [-59200.0], [-3530.0]]
[False, False, False, False, False, False, False, False, False, False, False, False, False, True, False, False]
[Stage 1]Gen 73:  1st stage Reward: 0, Best reward: [2511280.]
Generation 72 耗时: 3.073秒
[-3700.0, -30700.0, -4200.0, -9340.0, -2240.0, -11600.0, -12100.0, -3310.0, -26300.0, -22800.0, -5330.0, -5660.0, -4360.0, -2200000.0, -58800.0, -3510.0]
[[-3740.0], [-32200.0], [-4200.0], [-11500.0], [-2250.0], [-12200.0], [-14300.0], [-11100.0], [-29900.0], [-87400.0], [-9430.0], [-5970.0], [-4360.0], [-2220000.0], [-59200.0], [-3530.0]]
[False, False, False, False, False, False, False, False, False, False, False, False, False, True, False, False]
[Stage 1]Gen 74:  1st stage Reward: 0, Best reward: [2511280.]
Generation 73 耗时: 3.047秒
[-3700.0, -30700.0, -4200.0, -9340.0, -2240.0, -11600.0, -12100.0, -3310.0, -24900.0, -22800.0, -5330.0, -5660.0, -4360.0, -2200000.0, -58800.0, -3510.0]
[[-3740.0], [-32200.0], [-4200.0], [-11500.0], [-2250.0], [-12200.0], [-14300.0], [-11100.0], [-29900.0], [-87400.0], [-9430.0], [-5970.0], [-4360.0], [-2220000.0], [-59200.0], [-3530.0]]
[False, False, False, False, False, False, False, False, False, False, False, False, False, True, False, False]
[Stage 1]Gen 75:  1st stage Reward: 0, Best reward: [2511280.]
Generation 74 耗时: 3.083秒
[-3700.0, -30700.0, -4200.0, -9340.0, -2240.0, -11600.0, -12100.0, -3310.0, -24900.0, -22800.0, -5330.0, -5660.0, -4360.0, -2200000.0, -58800.0, -3510.0]
[[-3740.0], [-32200.0], [-4200.0], [-11500.0], [-2250.0], [-12200.0], [-14300.0], [-11100.0], [-29900.0], [-87400.0], [-9430.0], [-5970.0], [-4360.0], [-2220000.0], [-59200.0], [-3530.0]]
[False, False, False, False, False, False, False, False, False, False, False, False, False, True, False, False]
[Stage 1]Gen 76:  1st stage Reward: 0, Best reward: [2511280.]
Generation 75 耗时: 3.113秒
[-3700.0, -30700.0, -4200.0, -9340.0, -2240.0, -11600.0, -12100.0, -3310.0, -24900.0, -22800.0, -5330.0, -5660.0, -4360.0, -2200000.0, -58800.0, -3510.0]
[[-3740.0], [-32200.0], [-4200.0], [-11500.0], [-2250.0], [-12200.0], [-14300.0], [-11100.0], [-29900.0], [-87400.0], [-9430.0], [-5970.0], [-4360.0], [-2220000.0], [-59200.0], [-3530.0]]
[False, False, False, False, False, False, False, False, False, False, False, False, False, True, False, False]
[Stage 1]Gen 77:  1st stage Reward: 0, Best reward: [2511280.]
Generation 76 耗时: 3.291秒
[-3700.0, -30700.0, -4200.0, -9340.0, -2240.0, -11600.0, -12100.0, -3310.0, -24800.0, -22800.0, -5330.0, -5660.0, -4360.0, -2200000.0, -58800.0, -3510.0]
[[-3740.0], [-32200.0], [-4200.0], [-11500.0], [-2250.0], [-12200.0], [-14300.0], [-11100.0], [-29900.0], [-87400.0], [-9430.0], [-5970.0], [-4360.0], [-2220000.0], [-59200.0], [-3530.0]]
[False, False, False, False, False, False, False, False, False, False, False, False, False, True, False, False]
[Stage 1]Gen 78:  1st stage Reward: 0, Best reward: [2511280.]
Generation 77 耗时: 3.346秒
[-3700.0, -30700.0, -4200.0, -9340.0, -2240.0, -11600.0, -12100.0, -3310.0, -24700.0, -22800.0, -5330.0, -5660.0, -4360.0, -2200000.0, -58800.0, -3510.0]
[[-3740.0], [-32200.0], [-4200.0], [-11500.0], [-2250.0], [-12200.0], [-14300.0], [-11100.0], [-29900.0], [-87400.0], [-9430.0], [-5970.0], [-4360.0], [-2220000.0], [-59200.0], [-3530.0]]
[False, False, False, False, False, False, False, False, False, False, False, False, False, True, False, False]
[Stage 1]Gen 79:  1st stage Reward: 0, Best reward: [2511280.]
Generation 78 耗时: 3.206秒
[-3700.0, -30700.0, -4200.0, -9340.0, -2240.0, -11600.0, -12100.0, -3310.0, -24700.0, -22800.0, -5330.0, -5660.0, -4360.0, -2200000.0, -58800.0, -3510.0]
[[-3740.0], [-32200.0], [-4200.0], [-11500.0], [-2250.0], [-12200.0], [-14300.0], [-11100.0], [-29900.0], [-87400.0], [-9430.0], [-5970.0], [-4360.0], [-2220000.0], [-59200.0], [-3530.0]]
[False, False, False, False, False, False, False, False, False, False, False, False, False, True, False, False]
[Stage 1]Gen 80:  1st stage Reward: 0, Best reward: [2511280.]
Generation 79 耗时: 3.213秒
[-3700.0, -30700.0, -4200.0, -9340.0, -2240.0, -11600.0, -12100.0, -3310.0, -24700.0, -22800.0, -5330.0, -5660.0, -4360.0, -2200000.0, -58800.0, -3510.0]
[[-3740.0], [-32200.0], [-4200.0], [-11500.0], [-2250.0], [-12200.0], [-14300.0], [-11100.0], [-29900.0], [-87400.0], [-9430.0], [-5970.0], [-4360.0], [-2220000.0], [-59200.0], [-3530.0]]
[False, False, False, False, False, False, False, False, False, False, False, False, False, True, False, False]
[Stage 1]Gen 81:  1st stage Reward: 0, Best reward: [2511280.]
Generation 80 耗时: 3.243秒
[-3700.0, -30700.0, -4200.0, -9340.0, -2240.0, -11600.0, -12100.0, -3310.0, -24700.0, -22800.0, -5330.0, -5660.0, -4360.0, -2200000.0, -58800.0, -3510.0]
[[-3740.0], [-32200.0], [-4200.0], [-11500.0], [-2250.0], [-12200.0], [-14300.0], [-11100.0], [-29900.0], [-87400.0], [-9430.0], [-5970.0], [-4360.0], [-2220000.0], [-59200.0], [-3530.0]]
[False, False, False, False, False, False, False, False, False, False, False, False, False, True, False, False]
[Stage 1]Gen 82:  1st stage Reward: 0, Best reward: [2511280.]
Generation 81 耗时: 3.257秒
[-3700.0, -30700.0, -4200.0, -9340.0, -2240.0, -11600.0, -12100.0, -3310.0, -24700.0, -22800.0, -5330.0, -5660.0, -4360.0, -2200000.0, -58800.0, -3510.0]
[[-3740.0], [-32200.0], [-4200.0], [-11500.0], [-2250.0], [-12200.0], [-14300.0], [-11100.0], [-29900.0], [-87400.0], [-9430.0], [-5970.0], [-4360.0], [-2220000.0], [-59200.0], [-3530.0]]
[False, False, False, False, False, False, False, False, False, False, False, False, False, True, False, False]
[Stage 1]Gen 83:  1st stage Reward: 0, Best reward: [2511280.]
Generation 82 耗时: 3.150秒
[-3700.0, -30700.0, -4200.0, -9340.0, -2240.0, -11600.0, -12100.0, -3310.0, -24700.0, -22300.0, -5330.0, -5660.0, -4360.0, -2200000.0, -58800.0, -3510.0]
[[-3740.0], [-32200.0], [-4200.0], [-11500.0], [-2250.0], [-12200.0], [-14300.0], [-11100.0], [-29900.0], [-87400.0], [-9430.0], [-5970.0], [-4360.0], [-2220000.0], [-59200.0], [-3530.0]]
[False, False, False, False, False, False, False, False, False, False, False, False, False, True, False, False]
[Stage 1]Gen 84:  1st stage Reward: 0, Best reward: [2511280.]
Generation 83 耗时: 3.211秒
[-3700.0, -30700.0, -4200.0, -9340.0, -2240.0, -11600.0, -12100.0, -3310.0, -24700.0, -22000.0, -5330.0, -5660.0, -4360.0, -2200000.0, -58800.0, -3510.0]
[[-3740.0], [-32200.0], [-4200.0], [-11500.0], [-2250.0], [-12200.0], [-14300.0], [-11100.0], [-29900.0], [-87400.0], [-9430.0], [-5970.0], [-4360.0], [-2220000.0], [-59200.0], [-3530.0]]
[False, False, False, False, False, False, False, False, False, False, False, False, False, True, False, False]
[Stage 1]Gen 85:  1st stage Reward: 0, Best reward: [2511280.]
Generation 84 耗时: 3.265秒
[-3700.0, -30700.0, -4200.0, -9340.0, -2240.0, -11600.0, -12100.0, -3310.0, -24600.0, -21000.0, -5330.0, -5660.0, -4360.0, -2200000.0, -58800.0, -3510.0]
[[-3740.0], [-32200.0], [-4200.0], [-11500.0], [-2250.0], [-12200.0], [-14300.0], [-11100.0], [-29900.0], [-87400.0], [-9430.0], [-5970.0], [-4360.0], [-2220000.0], [-59200.0], [-3530.0]]
[False, False, False, False, False, False, False, False, False, False, False, False, False, True, False, False]
[Stage 1]Gen 86:  1st stage Reward: 0, Best reward: [2511280.]
Generation 85 耗时: 3.168秒
[-3700.0, -30700.0, -4200.0, -9340.0, -2240.0, -11600.0, -12100.0, -3310.0, -23700.0, -21000.0, -5330.0, -5660.0, -4360.0, -2200000.0, -58800.0, -3510.0]
[[-3740.0], [-32200.0], [-4200.0], [-11500.0], [-2250.0], [-12200.0], [-14300.0], [-11100.0], [-29900.0], [-87400.0], [-9430.0], [-5970.0], [-4360.0], [-2220000.0], [-59200.0], [-3530.0]]
[False, False, False, False, False, False, False, False, False, False, False, False, False, True, False, False]
[Stage 1]Gen 87:  1st stage Reward: 0, Best reward: [2511280.]
Generation 86 耗时: 3.466秒
[-3700.0, -30700.0, -4200.0, -9340.0, -2240.0, -11600.0, -12100.0, -3310.0, -23700.0, -20700.0, -5330.0, -5660.0, -4360.0, -2200000.0, -58800.0, -3510.0]
[[-3740.0], [-32200.0], [-4200.0], [-11500.0], [-2250.0], [-12200.0], [-14300.0], [-11100.0], [-29900.0], [-87400.0], [-9430.0], [-5970.0], [-4360.0], [-2220000.0], [-59200.0], [-3530.0]]
[False, False, False, False, False, False, False, False, False, False, False, False, False, True, False, False]
[Stage 1]Gen 88:  1st stage Reward: 0, Best reward: [2511280.]
Generation 87 耗时: 3.323秒
[-3700.0, -30700.0, -4200.0, -9340.0, -2240.0, -11600.0, -11000.0, -3310.0, -23700.0, -20700.0, -5330.0, -5660.0, -4360.0, -2200000.0, -58800.0, -3510.0]
[[-3740.0], [-32200.0], [-4200.0], [-11500.0], [-2250.0], [-12200.0], [-14300.0], [-11100.0], [-29900.0], [-87400.0], [-9430.0], [-5970.0], [-4360.0], [-2220000.0], [-59200.0], [-3530.0]]
[False, False, False, False, False, False, False, False, False, False, False, False, False, True, False, False]
[Stage 1]Gen 89:  1st stage Reward: 0, Best reward: [2511280.]
Generation 88 耗时: 3.322秒
[-3700.0, -30700.0, -4200.0, -9340.0, -2240.0, -11600.0, -9260.0, -3310.0, -23300.0, -20700.0, -5330.0, -5660.0, -4360.0, -2200000.0, -58800.0, -3510.0]
[[-3740.0], [-32200.0], [-4200.0], [-11500.0], [-2250.0], [-12200.0], [-14300.0], [-11100.0], [-29900.0], [-87400.0], [-9430.0], [-5970.0], [-4360.0], [-2220000.0], [-59200.0], [-3530.0]]
[False, False, False, False, False, False, False, False, False, False, False, False, False, True, False, False]
[Stage 1]Gen 90:  1st stage Reward: 0, Best reward: [2511280.]
Generation 89 耗时: 3.121秒
[-3700.0, -30700.0, -4200.0, -9340.0, -2240.0, -11600.0, -9250.0, -3310.0, -23300.0, -20700.0, -5330.0, -5660.0, -4360.0, -2200000.0, -58800.0, -3510.0]
[[-3740.0], [-32200.0], [-4200.0], [-11500.0], [-2250.0], [-12200.0], [-14300.0], [-11100.0], [-29900.0], [-87400.0], [-9430.0], [-5970.0], [-4360.0], [-2220000.0], [-59200.0], [-3530.0]]
[False, False, False, False, False, False, False, False, False, False, False, False, False, True, False, False]
[Stage 1]Gen 91:  1st stage Reward: 0, Best reward: [2511280.]
Generation 90 耗时: 3.111秒
[-3700.0, -30700.0, -4200.0, -9340.0, -2240.0, -11600.0, -9250.0, -3310.0, -23300.0, -20700.0, -5330.0, -5660.0, -4360.0, -2200000.0, -58800.0, -3510.0]
[[-3740.0], [-32200.0], [-4200.0], [-11500.0], [-2250.0], [-12200.0], [-14300.0], [-11100.0], [-29900.0], [-87400.0], [-9430.0], [-5970.0], [-4360.0], [-2220000.0], [-59200.0], [-3530.0]]
[False, False, False, False, False, False, False, False, False, False, False, False, False, True, False, False]
[Stage 1]Gen 92:  1st stage Reward: 0, Best reward: [2511280.]
Generation 91 耗时: 3.211秒
[-3700.0, -30700.0, -4200.0, -9340.0, -2240.0, -11600.0, -9250.0, -3310.0, -23300.0, -20500.0, -5330.0, -5660.0, -4360.0, -2200000.0, -58800.0, -3510.0]
[[-3740.0], [-32200.0], [-4200.0], [-11500.0], [-2250.0], [-12200.0], [-14300.0], [-11100.0], [-29900.0], [-87400.0], [-9430.0], [-5970.0], [-4360.0], [-2220000.0], [-59200.0], [-3530.0]]
[False, False, False, False, False, False, False, False, False, False, False, False, False, True, False, False]
[Stage 1]Gen 93:  1st stage Reward: 0, Best reward: [2511280.]
Generation 92 耗时: 3.390秒
[-3700.0, -30700.0, -4200.0, -9340.0, -2240.0, -11600.0, -9250.0, -3310.0, -23200.0, -20500.0, -5330.0, -5660.0, -4360.0, -2200000.0, -58800.0, -3510.0]
[[-3740.0], [-32200.0], [-4200.0], [-11500.0], [-2250.0], [-12200.0], [-14300.0], [-11100.0], [-29900.0], [-87400.0], [-9430.0], [-5970.0], [-4360.0], [-2220000.0], [-59200.0], [-3530.0]]
[False, False, False, False, False, False, False, False, False, False, False, False, False, True, False, False]
[Stage 1]Gen 94:  1st stage Reward: 0, Best reward: [2511280.]
Generation 93 耗时: 3.156秒
[-3700.0, -30700.0, -4200.0, -9340.0, -2240.0, -11600.0, -9250.0, -3310.0, -23200.0, -20500.0, -5330.0, -5660.0, -4360.0, -2200000.0, -58800.0, -3510.0]
[[-3740.0], [-32200.0], [-4200.0], [-11500.0], [-2250.0], [-12200.0], [-14300.0], [-11100.0], [-29900.0], [-87400.0], [-9430.0], [-5970.0], [-4360.0], [-2220000.0], [-59200.0], [-3530.0]]
[False, False, False, False, False, False, False, False, False, False, False, False, False, True, False, False]
[Stage 1]Gen 95:  1st stage Reward: 0, Best reward: [2511280.]
Generation 94 耗时: 3.114秒
[-3700.0, -30700.0, -4200.0, -9340.0, -2240.0, -11600.0, -9250.0, -3310.0, -23200.0, -20500.0, -5330.0, -5660.0, -4360.0, -2200000.0, -58800.0, -3510.0]
[[-3740.0], [-32200.0], [-4200.0], [-11500.0], [-2250.0], [-12200.0], [-14300.0], [-11100.0], [-29900.0], [-87400.0], [-9430.0], [-5970.0], [-4360.0], [-2220000.0], [-59200.0], [-3530.0]]
[False, False, False, False, False, False, False, False, False, False, False, False, False, True, False, False]
[Stage 1]Gen 96:  1st stage Reward: 0, Best reward: [2511280.]
Generation 95 耗时: 3.231秒
[-3700.0, -30700.0, -4200.0, -9340.0, -2240.0, -11600.0, -9250.0, -3310.0, -23200.0, -20500.0, -5330.0, -5660.0, -4360.0, -2200000.0, -58800.0, -3510.0]
[[-3740.0], [-32200.0], [-4200.0], [-11500.0], [-2250.0], [-12200.0], [-14300.0], [-11100.0], [-29900.0], [-87400.0], [-9430.0], [-5970.0], [-4360.0], [-2220000.0], [-59200.0], [-3530.0]]
[False, False, False, False, False, False, False, False, False, False, False, False, False, True, False, False]
[Stage 1]Gen 97:  1st stage Reward: 0, Best reward: [2511280.]
Generation 96 耗时: 3.347秒
[-3700.0, -30700.0, -4200.0, -9340.0, -2240.0, -11600.0, -9250.0, -3310.0, -23200.0, -20500.0, -5330.0, -5660.0, -4360.0, -2200000.0, -58800.0, -3510.0]
[[-3740.0], [-32200.0], [-4200.0], [-11500.0], [-2250.0], [-12200.0], [-14300.0], [-11100.0], [-29900.0], [-87400.0], [-9430.0], [-5970.0], [-4360.0], [-2220000.0], [-59200.0], [-3530.0]]
[False, False, False, False, False, False, False, False, False, False, False, False, False, True, False, False]
[Stage 1]Gen 98:  1st stage Reward: 0, Best reward: [2511280.]
Generation 97 耗时: 3.057秒
[-3700.0, -30700.0, -4200.0, -9340.0, -2240.0, -11600.0, -9250.0, -3310.0, -23200.0, -20500.0, -5330.0, -5660.0, -4360.0, -2200000.0, -58800.0, -3510.0]
[[-3740.0], [-32200.0], [-4200.0], [-11500.0], [-2250.0], [-12200.0], [-14300.0], [-11100.0], [-29900.0], [-87400.0], [-9430.0], [-5970.0], [-4360.0], [-2220000.0], [-59200.0], [-3530.0]]
[False, False, False, False, False, False, False, False, False, False, False, False, False, True, False, False]
[Stage 1]Gen 99:  1st stage Reward: 0, Best reward: [2511280.]
Generation 98 耗时: 3.099秒
[-3680.0, -30700.0, -4170.0, -9340.0, -2240.0, -11600.0, -7980.0, -3310.0, -23200.0, -19300.0, -5330.0, -5660.0, -4350.0, -2200000.0, -58800.0, -3510.0]
[[-3740.0], [-32200.0], [-4200.0], [-11500.0], [-2250.0], [-12200.0], [-14300.0], [-11100.0], [-29900.0], [-87400.0], [-9430.0], [-5970.0], [-4360.0], [-2220000.0], [-59200.0], [-3530.0]]
[False, False, False, False, False, False, False, False, False, False, False, False, False, True, False, False]
[Stage 1]Gen 100:  1st stage Reward: 0, Best reward: [2511280.]
Generation 99 耗时: 3.166秒
耗时:  312.43492698669434
{'arch': {'arithmetic': {'instances': 1024, 'word-bits': 8}, 'storage': [{'name': 'Registers', 'entries': 1, 'instances': 1024, 'word-bits': 8, 'cluster-size': 1, 'num-ports': 2, 'num-banks': 8}, {'name': 'AccumulationBuffer', 'entries': 3072, 'instances': 16, 'word-bits': 24, 'cluster-size': 1, 'network-word-bits': 16, 'num-ports': 2, 'num-banks': 2}, {'name': 'WeightBuffer', 'entries': 32768, 'instances': 16, 'word-bits': 8, 'block-size': 4, 'num-ports': 1, 'num-banks': 8}, {'name': 'InputBuffer', 'entries': 8192, 'instances': 16, 'word-bits': 8, 'block-size': 4, 'num-ports': 2, 'num-banks': 1}, {'name': 'GlobalBuffer', 'entries': 65536, 'instances': 1, 'word-bits': 8, 'block-size': 8, 'num-ports': 2, 'num-banks': 256}, {'name': 'DRAM', 'technology': 'DRAM', 'instances': 1, 'word-bits': 8, 'block-size': 64, 'bandwidth': 1}]}}
['DRAM', 'GlobalBuffer', 'InputBuffer', 'WeightBuffer', 'AccumulationBuffer', 'Registers'] [1, 1, 16, 16, 16, 1024, 1024] [inf, 65536, 8192, 32768, 3072, 1]
[1, 16, 1, 1, 64, 1]
20
[-873.0, -0.29, -0.334, -763.0, -11400.0, -11300.0]
[[-2270.0], [-0.29], [-0.346], [-763.0], [-11400.0], [-36100.0]]
[False, False, False, False, False, False]
[Stage 1]Gen 1:  1st stage Reward: 0, Best reward: [50533.636]
Generation 0 耗时: 1.175秒
[-748.0, -0.288, -0.253, -763.0, -6140.0, -11300.0]
[[-2020.0], [-0.394], [-0.847], [-5410.0], [-11500.0], [-12800.0]]
[False, False, False, False, False, False]
[Stage 1]Gen 2:  1st stage Reward: 0, Best reward: [31731.241]
Generation 1 耗时: 1.040秒
[-575.0, -0.202, -0.253, -367.0, -3980.0, -5780.0]
[[-1220.0], [-0.202], [-0.259], [-2660.0], [-7580.0], [-5780.0]]
[False, False, False, False, False, False]
[Stage 1]Gen 3:  1st stage Reward: 0, Best reward: [17240.461]
Generation 2 耗时: 0.967秒
[-571.0, -0.17, -0.253, -359.0, -3880.0, -3230.0]
[[-571.0], [-0.201], [-0.258], [-360.0], [-3880.0], [-5650.0]]
[False, False, False, False, False, False]
[Stage 1]Gen 4:  1st stage Reward: 0, Best reward: [10461.459]
Generation 3 耗时: 0.792秒
[-571.0, -0.17, -0.253, -329.0, -3880.0, -3230.0]
[[-594.0], [-0.206], [-0.267], [-367.0], [-3880.0], [-3230.0]]
[False, False, False, False, False, False]
[Stage 1]Gen 5:  1st stage Reward: 0, Best reward: [8071.473]
Generation 4 耗时: 0.760秒
[-571.0, -0.17, -0.253, -304.0, -3870.0, -3230.0]
[[-594.0], [-0.206], [-0.267], [-367.0], [-3880.0], [-3230.0]]
[False, False, False, False, False, False]
[Stage 1]Gen 6:  1st stage Reward: 0, Best reward: [8071.473]
Generation 5 耗时: 0.737秒
[-571.0, -0.17, -0.253, -296.0, -3870.0, -3230.0]
[[-594.0], [-0.206], [-0.267], [-367.0], [-3880.0], [-3230.0]]
[False, False, False, False, False, False]
[Stage 1]Gen 7:  1st stage Reward: 0, Best reward: [8071.473]
Generation 6 耗时: 0.756秒
[-571.0, -0.17, -0.253, -285.0, -3870.0, -3230.0]
[[-594.0], [-9.15], [-0.267], [-300.0], [-3880.0], [-3230.0]]
[False, False, False, False, False, False]
[Stage 1]Gen 8:  1st stage Reward: 0, Best reward: [8013.417]
Generation 7 耗时: 0.755秒
[-571.0, -0.17, -0.253, -283.0, -3870.0, -3230.0]
[[-594.0], [-9.15], [-0.267], [-300.0], [-3880.0], [-3230.0]]
[False, False, False, False, False, False]
[Stage 1]Gen 9:  1st stage Reward: 0, Best reward: [8013.417]
Generation 8 耗时: 0.867秒
[-571.0, -0.17, -0.253, -283.0, -3870.0, -3230.0]
[[-594.0], [-9.15], [-0.267], [-300.0], [-3880.0], [-3230.0]]
[False, False, False, False, False, False]
[Stage 1]Gen 10:  1st stage Reward: 0, Best reward: [8013.417]
Generation 9 耗时: 0.806秒
[-509.0, -0.17, -0.253, -283.0, -3870.0, -3220.0]
[[-594.0], [-9.15], [-0.267], [-300.0], [-3880.0], [-3230.0]]
[False, False, False, False, False, False]
[Stage 1]Gen 11:  1st stage Reward: 0, Best reward: [8013.417]
Generation 10 耗时: 0.839秒
[-433.0, -0.17, -0.253, -283.0, -3870.0, -3220.0]
[[-594.0], [-9.15], [-0.267], [-300.0], [-3880.0], [-3230.0]]
[False, False, False, False, False, False]
[Stage 1]Gen 12:  1st stage Reward: 0, Best reward: [8013.417]
Generation 11 耗时: 0.810秒
[-433.0, -0.17, -0.253, -283.0, -3870.0, -3220.0]
[[-467.0], [-0.177], [-0.831], [-286.0], [-3900.0], [-3350.0]]
[False, False, False, False, False, False]
[Stage 1]Gen 13:  1st stage Reward: 0, Best reward: [8004.008]
Generation 12 耗时: 0.805秒
[-433.0, -0.17, -0.253, -283.0, -3870.0, -3220.0]
[[-467.0], [-0.177], [-0.268], [-286.0], [-3900.0], [-3350.0]]
[False, False, False, False, False, False]
[Stage 1]Gen 14:  1st stage Reward: 0, Best reward: [8003.445]
Generation 13 耗时: 0.801秒
[-351.0, -0.17, -0.253, -283.0, -3710.0, -3220.0]
[[-467.0], [-0.177], [-0.268], [-286.0], [-3900.0], [-3350.0]]
[False, False, False, False, False, False]
[Stage 1]Gen 15:  1st stage Reward: 0, Best reward: [8003.445]
Generation 14 耗时: 0.748秒
[-351.0, -0.17, -0.253, -283.0, -3590.0, -3220.0]
[[-352.0], [-0.177], [-0.268], [-286.0], [-3600.0], [-3350.0]]
[False, False, False, False, False, False]
[Stage 1]Gen 16:  1st stage Reward: 0, Best reward: [7588.445]
Generation 15 耗时: 0.741秒
[-351.0, -0.17, -0.253, -283.0, -3590.0, -3220.0]
[[-352.0], [-0.177], [-0.268], [-286.0], [-3600.0], [-3350.0]]
[False, False, False, False, False, False]
[Stage 1]Gen 17:  1st stage Reward: 0, Best reward: [7588.445]
Generation 16 耗时: 0.816秒
[-350.0, -0.17, -0.253, -283.0, -3590.0, -3220.0]
[[-352.0], [-0.177], [-0.268], [-286.0], [-3600.0], [-3350.0]]
[False, False, False, False, False, False]
[Stage 1]Gen 18:  1st stage Reward: 0, Best reward: [7588.445]
Generation 17 耗时: 0.815秒
[-350.0, -0.17, -0.253, -283.0, -3590.0, -3220.0]
[[-352.0], [-0.177], [-0.268], [-286.0], [-3600.0], [-3350.0]]
[False, False, False, False, False, False]
[Stage 1]Gen 19:  1st stage Reward: 0, Best reward: [7588.445]
Generation 18 耗时: 0.751秒
[-350.0, -0.17, -0.253, -283.0, -3590.0, -3220.0]
[[-352.0], [-0.177], [-0.268], [-286.0], [-3600.0], [-3350.0]]
[False, False, False, False, False, False]
[Stage 1]Gen 20:  1st stage Reward: 0, Best reward: [7588.445]
Generation 19 耗时: 0.760秒
[-318.0, -0.17, -0.253, -283.0, -3550.0, -3220.0]
[[-352.0], [-0.177], [-0.268], [-286.0], [-3600.0], [-3350.0]]
[False, False, False, False, False, False]
[Stage 1]Gen 21:  1st stage Reward: 0, Best reward: [7588.445]
Generation 20 耗时: 0.727秒
[-318.0, -0.17, -0.253, -283.0, -3550.0, -3220.0]
[[-331.0], [-12.6], [-24.5], [-320.0], [-3570.0], [-3290.0]]
[False, False, False, False, False, False]
[Stage 1]Gen 22:  1st stage Reward: 0, Best reward: [7548.1]
Generation 21 耗时: 0.748秒
[-318.0, -0.17, -0.253, -283.0, -3550.0, -3220.0]
[[-331.0], [-12.6], [-24.5], [-320.0], [-3570.0], [-3290.0]]
[False, False, False, False, False, False]
[Stage 1]Gen 23:  1st stage Reward: 0, Best reward: [7548.1]
Generation 22 耗时: 0.879秒
[-318.0, -0.17, -0.253, -283.0, -3550.0, -3220.0]
[[-331.0], [-12.6], [-24.5], [-320.0], [-3570.0], [-3290.0]]
[False, False, False, False, False, False]
[Stage 1]Gen 24:  1st stage Reward: 0, Best reward: [7548.1]
Generation 23 耗时: 0.900秒
[-318.0, -0.17, -0.253, -283.0, -3550.0, -3220.0]
[[-331.0], [-12.6], [-24.5], [-320.0], [-3570.0], [-3290.0]]
[False, False, False, False, False, False]
[Stage 1]Gen 25:  1st stage Reward: 0, Best reward: [7548.1]
Generation 24 耗时: 0.961秒
[-318.0, -0.17, -0.253, -283.0, -3550.0, -3220.0]
[[-331.0], [-12.6], [-24.5], [-320.0], [-3570.0], [-3290.0]]
[False, False, False, False, False, False]
[Stage 1]Gen 26:  1st stage Reward: 0, Best reward: [7548.1]
Generation 25 耗时: 0.818秒
[-318.0, -0.17, -0.253, -283.0, -3290.0, -3220.0]
[[-331.0], [-12.6], [-24.5], [-320.0], [-3570.0], [-3290.0]]
[False, False, False, False, False, False]
[Stage 1]Gen 27:  1st stage Reward: 0, Best reward: [7548.1]
Generation 26 耗时: 0.834秒
[-318.0, -0.17, -0.253, -283.0, -3290.0, -3220.0]
[[-331.0], [-12.6], [-24.5], [-320.0], [-3570.0], [-3290.0]]
[False, False, False, False, False, False]
[Stage 1]Gen 28:  1st stage Reward: 0, Best reward: [7548.1]
Generation 27 耗时: 0.945秒
[-318.0, -0.17, -0.253, -283.0, -3290.0, -3220.0]
[[-331.0], [-12.6], [-24.5], [-320.0], [-3570.0], [-3290.0]]
[False, False, False, False, False, False]
[Stage 1]Gen 29:  1st stage Reward: 0, Best reward: [7548.1]
Generation 28 耗时: 0.878秒
[-318.0, -0.17, -0.253, -283.0, -3290.0, -3220.0]
[[-331.0], [-12.6], [-24.5], [-320.0], [-3570.0], [-3290.0]]
[False, False, False, False, False, False]
[Stage 1]Gen 30:  1st stage Reward: 0, Best reward: [7548.1]
Generation 29 耗时: 0.865秒
[-318.0, -0.17, -0.253, -283.0, -3290.0, -3220.0]
[[-331.0], [-12.6], [-24.5], [-320.0], [-3570.0], [-3290.0]]
[False, False, False, False, False, False]
[Stage 1]Gen 31:  1st stage Reward: 0, Best reward: [7548.1]
Generation 30 耗时: 0.783秒
[-318.0, -0.17, -0.253, -283.0, -3290.0, -3220.0]
[[-331.0], [-12.6], [-24.5], [-320.0], [-3570.0], [-3290.0]]
[False, False, False, False, False, False]
[Stage 1]Gen 32:  1st stage Reward: 0, Best reward: [7548.1]
Generation 31 耗时: 0.754秒
[-318.0, -0.17, -0.253, -283.0, -3290.0, -3220.0]
[[-331.0], [-12.6], [-24.5], [-320.0], [-3570.0], [-3290.0]]
[False, False, False, False, True, True]
[Stage 1]Gen 33:  1st stage Reward: 0, Best reward: [7548.1]
Generation 32 耗时: 0.760秒
[-318.0, -0.17, -0.253, -283.0, -3290.0, -3220.0]
[[-331.0], [-12.6], [-24.5], [-320.0], [-3570.0], [-3290.0]]
[False, False, False, False, True, True]
[Stage 1]Gen 34:  1st stage Reward: 0, Best reward: [7548.1]
Generation 33 耗时: 0.801秒
[-318.0, -0.17, -0.253, -283.0, -3290.0, -3220.0]
[[-331.0], [-12.6], [-24.5], [-320.0], [-3570.0], [-3290.0]]
[False, False, False, False, True, True]
[Stage 1]Gen 35:  1st stage Reward: 0, Best reward: [7548.1]
Generation 34 耗时: 0.877秒
[-318.0, -0.17, -0.253, -283.0, -3290.0, -3220.0]
[[-331.0], [-12.6], [-24.5], [-320.0], [-3570.0], [-3290.0]]
[False, False, False, False, True, True]
[Stage 1]Gen 36:  1st stage Reward: 0, Best reward: [7548.1]
Generation 35 耗时: 0.782秒
[-318.0, -0.17, -0.253, -283.0, -3290.0, -3220.0]
[[-331.0], [-12.6], [-24.5], [-320.0], [-3570.0], [-3290.0]]
[False, False, False, False, True, True]
[Stage 1]Gen 37:  1st stage Reward: 0, Best reward: [7548.1]
Generation 36 耗时: 0.763秒
[-318.0, -0.17, -0.253, -283.0, -3290.0, -3220.0]
[[-331.0], [-12.6], [-24.5], [-320.0], [-3570.0], [-3290.0]]
[False, False, False, False, True, True]
[Stage 1]Gen 38:  1st stage Reward: 0, Best reward: [7548.1]
Generation 37 耗时: 0.767秒
[-318.0, -0.17, -0.253, -283.0, -3290.0, -3220.0]
[[-331.0], [-12.6], [-24.5], [-320.0], [-3570.0], [-3290.0]]
[False, False, False, False, True, True]
[Stage 1]Gen 39:  1st stage Reward: 0, Best reward: [7548.1]
Generation 38 耗时: 0.857秒
[-318.0, -0.17, -0.253, -283.0, -3290.0, -3220.0]
[[-331.0], [-12.6], [-24.5], [-320.0], [-3570.0], [-3290.0]]
[False, False, False, False, True, True]
[Stage 1]Gen 40:  1st stage Reward: 0, Best reward: [7548.1]
Generation 39 耗时: 0.794秒
[-318.0, -0.17, -0.253, -283.0, -3290.0, -3220.0]
[[-331.0], [-12.6], [-24.5], [-320.0], [-3570.0], [-3290.0]]
[False, False, False, False, True, True]
[Stage 1]Gen 41:  1st stage Reward: 0, Best reward: [7548.1]
Generation 40 耗时: 0.751秒
[-318.0, -0.17, -0.253, -283.0, -3290.0, -3220.0]
[[-331.0], [-12.6], [-24.5], [-320.0], [-3570.0], [-3290.0]]
[False, False, False, False, True, True]
[Stage 1]Gen 42:  1st stage Reward: 0, Best reward: [7548.1]
Generation 41 耗时: 0.807秒
[-318.0, -0.17, -0.253, -283.0, -3290.0, -3220.0]
[[-331.0], [-12.6], [-24.5], [-320.0], [-3570.0], [-3290.0]]
[False, False, False, False, True, True]
[Stage 1]Gen 43:  1st stage Reward: 0, Best reward: [7548.1]
Generation 42 耗时: 0.881秒
[-318.0, -0.17, -0.253, -283.0, -3290.0, -3220.0]
[[-331.0], [-12.6], [-24.5], [-320.0], [-3570.0], [-3290.0]]
[False, False, False, False, True, True]
[Stage 1]Gen 44:  1st stage Reward: 0, Best reward: [7548.1]
Generation 43 耗时: 0.823秒
[-318.0, -0.17, -0.253, -283.0, -3290.0, -3220.0]
[[-331.0], [-12.6], [-24.5], [-320.0], [-3570.0], [-3290.0]]
[False, False, False, False, True, True]
[Stage 1]Gen 45:  1st stage Reward: 0, Best reward: [7548.1]
Generation 44 耗时: 0.816秒
[-318.0, -0.17, -0.253, -283.0, -3290.0, -3220.0]
[[-331.0], [-12.6], [-24.5], [-320.0], [-3570.0], [-3290.0]]
[False, False, False, False, True, True]
[Stage 1]Gen 46:  1st stage Reward: 0, Best reward: [7548.1]
Generation 45 耗时: 0.807秒
[-318.0, -0.17, -0.253, -283.0, -3290.0, -3220.0]
[[-331.0], [-12.6], [-24.5], [-320.0], [-3570.0], [-3290.0]]
[False, False, False, False, True, True]
[Stage 1]Gen 47:  1st stage Reward: 0, Best reward: [7548.1]
Generation 46 耗时: 0.772秒
[-318.0, -0.17, -0.253, -283.0, -3290.0, -3220.0]
[[-331.0], [-12.6], [-24.5], [-320.0], [-3570.0], [-3290.0]]
[False, False, False, False, True, True]
[Stage 1]Gen 48:  1st stage Reward: 0, Best reward: [7548.1]
Generation 47 耗时: 0.886秒
[-318.0, -0.17, -0.253, -283.0, -3290.0, -3220.0]
[[-331.0], [-12.6], [-24.5], [-320.0], [-3570.0], [-3290.0]]
[False, False, False, False, True, True]
[Stage 1]Gen 49:  1st stage Reward: 0, Best reward: [7548.1]
Generation 48 耗时: 0.902秒
[-318.0, -0.17, -0.253, -283.0, -3290.0, -3220.0]
[[-331.0], [-12.6], [-24.5], [-320.0], [-3570.0], [-3290.0]]
[False, False, False, False, True, True]
[Stage 1]Gen 50:  1st stage Reward: 0, Best reward: [7548.1]
Generation 49 耗时: 0.856秒
[-318.0, -0.17, -0.253, -283.0, -3290.0, -3220.0]
[[-331.0], [-12.6], [-24.5], [-320.0], [-3570.0], [-3290.0]]
[False, False, False, False, True, True]
[Stage 1]Gen 51:  1st stage Reward: 0, Best reward: [7548.1]
Generation 50 耗时: 0.781秒
[-303.0, -0.17, -0.253, -283.0, -3290.0, -3220.0]
[[-303.0], [-0.177], [-0.268], [-286.0], [-3590.0], [-3340.0]]
[False, False, False, False, True, True]
[Stage 1]Gen 52:  1st stage Reward: 0, Best reward: [7519.445]
Generation 51 耗时: 0.769秒
[-303.0, -0.17, -0.253, -283.0, -3290.0, -3220.0]
[[-303.0], [-0.177], [-0.268], [-286.0], [-3590.0], [-3340.0]]
[False, False, False, False, True, True]
[Stage 1]Gen 53:  1st stage Reward: 0, Best reward: [7519.445]
Generation 52 耗时: 0.831秒
[-303.0, -0.17, -0.253, -283.0, -3290.0, -3220.0]
[[-303.0], [-0.177], [-0.268], [-286.0], [-3590.0], [-3340.0]]
[False, False, False, False, True, True]
[Stage 1]Gen 54:  1st stage Reward: 0, Best reward: [7519.445]
Generation 53 耗时: 0.962秒
[-303.0, -0.17, -0.253, -283.0, -3280.0, -3220.0]
[[-303.0], [-0.177], [-0.268], [-286.0], [-3590.0], [-3340.0]]
[False, False, False, False, True, True]
[Stage 1]Gen 55:  1st stage Reward: 0, Best reward: [7519.445]
Generation 54 耗时: 0.834秒
[-303.0, -0.17, -0.253, -283.0, -3280.0, -3220.0]
[[-303.0], [-0.177], [-0.268], [-286.0], [-3590.0], [-3340.0]]
[False, False, False, False, True, True]
[Stage 1]Gen 56:  1st stage Reward: 0, Best reward: [7519.445]
Generation 55 耗时: 0.874秒
[-283.0, -0.17, -0.253, -283.0, -3280.0, -3220.0]
[[-303.0], [-0.177], [-0.268], [-286.0], [-3590.0], [-3340.0]]
[False, False, False, False, True, True]
[Stage 1]Gen 57:  1st stage Reward: 0, Best reward: [7519.445]
Generation 56 耗时: 0.795秒
[-283.0, -0.17, -0.253, -283.0, -3280.0, -3220.0]
[[-303.0], [-0.177], [-0.268], [-286.0], [-3590.0], [-3340.0]]
[False, False, False, False, True, True]
[Stage 1]Gen 58:  1st stage Reward: 0, Best reward: [7519.445]
Generation 57 耗时: 0.772秒
[-283.0, -0.17, -0.253, -283.0, -3280.0, -3220.0]
[[-303.0], [-0.177], [-0.268], [-286.0], [-3590.0], [-3340.0]]
[False, False, False, False, True, True]
[Stage 1]Gen 59:  1st stage Reward: 0, Best reward: [7519.445]
Generation 58 耗时: 0.732秒
[-283.0, -0.17, -0.253, -283.0, -3280.0, -3220.0]
[[-303.0], [-0.177], [-0.268], [-286.0], [-3590.0], [-3340.0]]
[False, False, False, False, True, True]
[Stage 1]Gen 60:  1st stage Reward: 0, Best reward: [7519.445]
Generation 59 耗时: 0.762秒
[-283.0, -0.17, -0.253, -283.0, -3280.0, -3220.0]
[[-303.0], [-0.177], [-0.268], [-286.0], [-3590.0], [-3340.0]]
[False, False, False, False, True, True]
[Stage 1]Gen 61:  1st stage Reward: 0, Best reward: [7519.445]
Generation 60 耗时: 0.741秒
[-283.0, -0.17, -0.253, -283.0, -3280.0, -3220.0]
[[-303.0], [-0.177], [-0.268], [-286.0], [-3590.0], [-3340.0]]
[False, False, False, False, True, True]
[Stage 1]Gen 62:  1st stage Reward: 0, Best reward: [7519.445]
Generation 61 耗时: 0.809秒
[-283.0, -0.17, -0.253, -283.0, -3280.0, -3220.0]
[[-303.0], [-0.177], [-0.268], [-286.0], [-3590.0], [-3340.0]]
[False, False, False, False, True, True]
[Stage 1]Gen 63:  1st stage Reward: 0, Best reward: [7519.445]
Generation 62 耗时: 0.757秒
[-283.0, -0.17, -0.253, -283.0, -3280.0, -3220.0]
[[-303.0], [-0.177], [-0.268], [-286.0], [-3590.0], [-3340.0]]
[False, False, False, False, True, True]
[Stage 1]Gen 64:  1st stage Reward: 0, Best reward: [7519.445]
Generation 63 耗时: 0.788秒
[-283.0, -0.17, -0.253, -283.0, -3280.0, -3220.0]
[[-283.0], [-0.171], [-0.426], [-321.0], [-3560.0], [-3290.0]]
[False, False, False, False, True, True]
[Stage 1]Gen 65:  1st stage Reward: 0, Best reward: [7454.597]
Generation 64 耗时: 0.796秒
[-283.0, -0.17, -0.253, -283.0, -3280.0, -3220.0]
[[-283.0], [-0.171], [-0.426], [-321.0], [-3560.0], [-3290.0]]
[False, False, False, False, True, True]
[Stage 1]Gen 66:  1st stage Reward: 0, Best reward: [7454.597]
Generation 65 耗时: 0.775秒
[-283.0, -0.17, -0.253, -283.0, -3280.0, -3220.0]
[[-283.0], [-0.171], [-0.426], [-321.0], [-3560.0], [-3290.0]]
[False, False, False, False, True, True]
[Stage 1]Gen 67:  1st stage Reward: 0, Best reward: [7454.597]
Generation 66 耗时: 0.776秒
[-283.0, -0.17, -0.253, -283.0, -3280.0, -3220.0]
[[-283.0], [-0.171], [-0.426], [-321.0], [-3560.0], [-3290.0]]
[False, False, False, False, True, True]
[Stage 1]Gen 68:  1st stage Reward: 0, Best reward: [7454.597]
Generation 67 耗时: 0.814秒
[-283.0, -0.17, -0.253, -283.0, -3280.0, -3220.0]
[[-283.0], [-0.171], [-0.426], [-321.0], [-3560.0], [-3290.0]]
[False, False, False, False, True, True]
[Stage 1]Gen 69:  1st stage Reward: 0, Best reward: [7454.597]
Generation 68 耗时: 0.898秒
[-283.0, -0.17, -0.253, -283.0, -3280.0, -3220.0]
[[-283.0], [-0.171], [-0.426], [-321.0], [-3560.0], [-3290.0]]
[False, False, False, False, True, True]
[Stage 1]Gen 70:  1st stage Reward: 0, Best reward: [7454.597]
Generation 69 耗时: 0.786秒
[-283.0, -0.17, -0.253, -283.0, -3280.0, -3220.0]
[[-283.0], [-0.171], [-0.426], [-321.0], [-3560.0], [-3290.0]]
[False, False, False, False, True, True]
[Stage 1]Gen 71:  1st stage Reward: 0, Best reward: [7454.597]
Generation 70 耗时: 0.801秒
[-283.0, -0.17, -0.253, -283.0, -3280.0, -3220.0]
[[-283.0], [-0.171], [-0.426], [-321.0], [-3560.0], [-3290.0]]
[False, False, False, False, True, True]
[Stage 1]Gen 72:  1st stage Reward: 0, Best reward: [7454.597]
Generation 71 耗时: 0.834秒
[-283.0, -0.17, -0.253, -283.0, -3280.0, -3220.0]
[[-283.0], [-0.171], [-0.426], [-321.0], [-3560.0], [-3290.0]]
[False, False, False, False, True, True]
[Stage 1]Gen 73:  1st stage Reward: 0, Best reward: [7454.597]
Generation 72 耗时: 0.851秒
[-283.0, -0.17, -0.253, -283.0, -3280.0, -3220.0]
[[-283.0], [-0.171], [-0.426], [-321.0], [-3560.0], [-3290.0]]
[False, False, False, False, True, True]
[Stage 1]Gen 74:  1st stage Reward: 0, Best reward: [7454.597]
Generation 73 耗时: 0.854秒
[-283.0, -0.17, -0.253, -283.0, -3280.0, -3220.0]
[[-283.0], [-0.171], [-0.426], [-321.0], [-3560.0], [-3290.0]]
[False, False, False, False, True, True]
[Stage 1]Gen 75:  1st stage Reward: 0, Best reward: [7454.597]
Generation 74 耗时: 0.821秒
[-283.0, -0.17, -0.253, -283.0, -3280.0, -3220.0]
[[-283.0], [-0.171], [-0.426], [-321.0], [-3560.0], [-3290.0]]
[False, False, False, False, True, True]
[Stage 1]Gen 76:  1st stage Reward: 0, Best reward: [7454.597]
Generation 75 耗时: 0.864秒
[-283.0, -0.17, -0.253, -283.0, -3280.0, -3220.0]
[[-283.0], [-0.171], [-0.426], [-321.0], [-3560.0], [-3290.0]]
[False, False, False, False, True, True]
[Stage 1]Gen 77:  1st stage Reward: 0, Best reward: [7454.597]
Generation 76 耗时: 0.800秒
[-283.0, -0.17, -0.253, -283.0, -3280.0, -3220.0]
[[-283.0], [-0.171], [-0.426], [-321.0], [-3560.0], [-3290.0]]
[False, False, False, False, True, True]
[Stage 1]Gen 78:  1st stage Reward: 0, Best reward: [7454.597]
Generation 77 耗时: 0.855秒
[-283.0, -0.17, -0.253, -283.0, -3280.0, -3220.0]
[[-283.0], [-0.171], [-0.426], [-321.0], [-3560.0], [-3290.0]]
[False, False, False, False, True, True]
[Stage 1]Gen 79:  1st stage Reward: 0, Best reward: [7454.597]
Generation 78 耗时: 0.895秒
[-283.0, -0.17, -0.253, -283.0, -3280.0, -3220.0]
[[-283.0], [-0.171], [-0.426], [-321.0], [-3560.0], [-3290.0]]
[False, False, False, False, True, True]
[Stage 1]Gen 80:  1st stage Reward: 0, Best reward: [7454.597]
Generation 79 耗时: 0.859秒
[-283.0, -0.17, -0.253, -283.0, -3280.0, -3220.0]
[[-283.0], [-0.171], [-0.426], [-321.0], [-3560.0], [-3290.0]]
[False, False, False, False, True, True]
[Stage 1]Gen 81:  1st stage Reward: 0, Best reward: [7454.597]
Generation 80 耗时: 0.815秒
[-283.0, -0.17, -0.253, -283.0, -3280.0, -3220.0]
[[-283.0], [-0.171], [-0.426], [-321.0], [-3560.0], [-3290.0]]
[False, False, False, False, True, True]
[Stage 1]Gen 82:  1st stage Reward: 0, Best reward: [7454.597]
Generation 81 耗时: 0.833秒
[-283.0, -0.17, -0.253, -283.0, -3280.0, -3220.0]
[[-283.0], [-0.171], [-0.426], [-321.0], [-3560.0], [-3290.0]]
[False, False, False, False, True, True]
[Stage 1]Gen 83:  1st stage Reward: 0, Best reward: [7454.597]
Generation 82 耗时: 0.838秒
[-283.0, -0.17, -0.253, -283.0, -3280.0, -3220.0]
[[-283.0], [-0.171], [-0.426], [-321.0], [-3560.0], [-3290.0]]
[False, False, False, False, True, True]
[Stage 1]Gen 84:  1st stage Reward: 0, Best reward: [7454.597]
Generation 83 耗时: 0.858秒
[-283.0, -0.17, -0.253, -283.0, -3280.0, -3220.0]
[[-283.0], [-0.171], [-0.426], [-321.0], [-3560.0], [-3290.0]]
[False, False, False, False, True, True]
[Stage 1]Gen 85:  1st stage Reward: 0, Best reward: [7454.597]
Generation 84 耗时: 0.831秒
[-283.0, -0.17, -0.253, -283.0, -3280.0, -3220.0]
[[-283.0], [-0.171], [-0.426], [-321.0], [-3560.0], [-3290.0]]
[False, False, False, False, True, True]
[Stage 1]Gen 86:  1st stage Reward: 0, Best reward: [7454.597]
Generation 85 耗时: 0.818秒
[-283.0, -0.17, -0.253, -283.0, -3280.0, -3220.0]
[[-283.0], [-0.171], [-0.426], [-321.0], [-3560.0], [-3290.0]]
[False, False, False, False, True, True]
[Stage 1]Gen 87:  1st stage Reward: 0, Best reward: [7454.597]
Generation 86 耗时: 0.823秒
[-283.0, -0.17, -0.253, -283.0, -3280.0, -3220.0]
[[-283.0], [-0.171], [-0.426], [-321.0], [-3560.0], [-3290.0]]
[False, False, False, False, True, True]
[Stage 1]Gen 88:  1st stage Reward: 0, Best reward: [7454.597]
Generation 87 耗时: 0.868秒
[-283.0, -0.17, -0.253, -283.0, -3280.0, -3220.0]
[[-283.0], [-0.171], [-0.426], [-321.0], [-3560.0], [-3290.0]]
[False, False, False, False, True, True]
[Stage 1]Gen 89:  1st stage Reward: 0, Best reward: [7454.597]
Generation 88 耗时: 0.836秒
[-283.0, -0.17, -0.253, -283.0, -3280.0, -3220.0]
[[-283.0], [-0.171], [-0.426], [-321.0], [-3560.0], [-3290.0]]
[False, False, False, False, True, True]
[Stage 1]Gen 90:  1st stage Reward: 0, Best reward: [7454.597]
Generation 89 耗时: 0.938秒
[-283.0, -0.17, -0.253, -283.0, -3280.0, -3220.0]
[[-283.0], [-0.171], [-0.426], [-321.0], [-3560.0], [-3290.0]]
[False, False, False, False, True, True]
[Stage 1]Gen 91:  1st stage Reward: 0, Best reward: [7454.597]
Generation 90 耗时: 0.900秒
[-283.0, -0.17, -0.253, -283.0, -3280.0, -3220.0]
[[-283.0], [-0.171], [-0.426], [-321.0], [-3560.0], [-3290.0]]
[False, False, False, False, True, True]
[Stage 1]Gen 92:  1st stage Reward: 0, Best reward: [7454.597]
Generation 91 耗时: 0.854秒
[-283.0, -0.17, -0.253, -283.0, -3280.0, -3220.0]
[[-283.0], [-0.171], [-0.426], [-321.0], [-3560.0], [-3290.0]]
[False, False, False, False, True, True]
[Stage 1]Gen 93:  1st stage Reward: 0, Best reward: [7454.597]
Generation 92 耗时: 0.861秒
[-283.0, -0.17, -0.253, -283.0, -3280.0, -3220.0]
[[-283.0], [-0.171], [-0.426], [-321.0], [-3560.0], [-3290.0]]
[False, False, False, False, True, True]
[Stage 1]Gen 94:  1st stage Reward: 0, Best reward: [7454.597]
Generation 93 耗时: 0.857秒
[-283.0, -0.17, -0.253, -283.0, -3280.0, -3220.0]
[[-283.0], [-0.171], [-0.426], [-321.0], [-3560.0], [-3290.0]]
[False, False, False, False, True, True]
[Stage 1]Gen 95:  1st stage Reward: 0, Best reward: [7454.597]
Generation 94 耗时: 0.856秒
[-283.0, -0.17, -0.253, -283.0, -3280.0, -3220.0]
[[-283.0], [-0.171], [-0.426], [-321.0], [-3560.0], [-3290.0]]
[False, False, False, False, True, True]
[Stage 1]Gen 96:  1st stage Reward: 0, Best reward: [7454.597]
Generation 95 耗时: 0.898秒
[-283.0, -0.17, -0.253, -283.0, -3280.0, -3220.0]
[[-283.0], [-0.171], [-0.426], [-321.0], [-3560.0], [-3290.0]]
[False, False, False, False, True, True]
[Stage 1]Gen 97:  1st stage Reward: 0, Best reward: [7454.597]
Generation 96 耗时: 0.860秒
[-283.0, -0.17, -0.253, -283.0, -3280.0, -3220.0]
[[-283.0], [-0.171], [-0.426], [-321.0], [-3560.0], [-3290.0]]
[False, False, False, False, True, True]
[Stage 1]Gen 98:  1st stage Reward: 0, Best reward: [7454.597]
Generation 97 耗时: 0.869秒
[-283.0, -0.17, -0.253, -283.0, -3280.0, -3220.0]
[[-283.0], [-0.171], [-0.426], [-321.0], [-3560.0], [-3290.0]]
[False, False, False, False, True, True]
[Stage 1]Gen 99:  1st stage Reward: 0, Best reward: [7454.597]
Generation 98 耗时: 1.029秒
[-283.0, -0.17, -0.253, -283.0, -3280.0, -3220.0]
[[-283.0], [-0.171], [-0.426], [-321.0], [-3560.0], [-3290.0]]
[False, False, False, False, True, True]
[Stage 1]Gen 100:  1st stage Reward: 0, Best reward: [7454.597]
Generation 99 耗时: 1.012秒
耗时:  83.6126115322113
{'arch': {'arithmetic': {'instances': 1024, 'word-bits': 8}, 'storage': [{'name': 'Registers', 'entries': 1, 'instances': 1024, 'word-bits': 8, 'cluster-size': 1, 'num-ports': 2, 'num-banks': 8}, {'name': 'AccumulationBuffer', 'entries': 3072, 'instances': 16, 'word-bits': 24, 'cluster-size': 1, 'network-word-bits': 16, 'num-ports': 2, 'num-banks': 2}, {'name': 'WeightBuffer', 'entries': 32768, 'instances': 16, 'word-bits': 8, 'block-size': 4, 'num-ports': 1, 'num-banks': 8}, {'name': 'InputBuffer', 'entries': 8192, 'instances': 16, 'word-bits': 8, 'block-size': 4, 'num-ports': 2, 'num-banks': 1}, {'name': 'GlobalBuffer', 'entries': 65536, 'instances': 1, 'word-bits': 8, 'block-size': 8, 'num-ports': 2, 'num-banks': 256}, {'name': 'DRAM', 'technology': 'DRAM', 'instances': 1, 'word-bits': 8, 'block-size': 64, 'bandwidth': 1}]}}
['DRAM', 'GlobalBuffer', 'InputBuffer', 'WeightBuffer', 'AccumulationBuffer', 'Registers'] [1, 1, 16, 16, 16, 1024, 1024] [inf, 65536, 8192, 32768, 3072, 1]
[1, 16, 1, 1, 64, 1]
20
[-391000.0, -2010000000.0, -4040000.0, -5490000.0, -31100000.0, -5240000.0, -1310000.0, -69500000.0, -4030000.0, -3910000.0, -351000.0, -161000000.0, -3510000.0, -448000.0, -915000.0, -4600000.0, -5970000.0, -30000000.0, -7430000.0, -636000.0, -10600000.0, -2730000.0, -34500.0]
[[-10700000.0], [-5650000000.0], [-1860000000.0], [-27300000.0], [-720000000.0], [-24600000.0], [-717000000.0], [-758000000.0], [-14600000.0], [-577000000.0], [-3070000.0], [-321000000.0], [-5800000.0], [-5800000.0], [-1040000.0], [-16300000.0], [-1890000000.0], [-35600000.0], [-172000000.0], [-172000000.0], [-3950000000.0], [-3490000000.0], [-493000.0]]
[False, False, False, False, False, False, False, False, False, False, False, False, False, False, False, False, False, False, False, False, False, False, False]
[Stage 1]Gen 1:  1st stage Reward: 0, Best reward: [2.0422303e+10]
Generation 0 耗时: 4.078秒
[-244000.0, -10700000.0, -3080000.0, -3750000.0, -2750000.0, -3070000.0, -1000000.0, -2280000.0, -335000.0, -1730000.0, -234000.0, -55500000.0, -3150000.0, -323000.0, -844000.0, -4600000.0, -700000.0, -7630000.0, -4020000.0, -548000.0, -8780000.0, -981000.0, -33600.0]
[[-403000.0], [-1250000000.0], [-3820000.0], [-24900000.0], [-31000000.0], [-4220000.0], [-2420000.0], [-2280000.0], [-3970000.0], [-1730000.0], [-298000.0], [-55500000.0], [-4150000.0], [-536000.0], [-27700000.0], [-5070000.0], [-700000.0], [-11900000.0], [-6920000.0], [-678000.0], [-9030000.0], [-1940000000.0], [-34700.0]]
[False, False, False, False, False, False, False, False, False, False, False, False, False, False, False, False, False, False, False, False, False, False, False]
[Stage 1]Gen 2:  1st stage Reward: 0, Best reward: [3.3872597e+09]
Generation 1 耗时: 4.697秒
[-235000.0, -8040000.0, -2690000.0, -3750000.0, -2450000.0, -2360000.0, -1000000.0, -2100000.0, -316000.0, -1420000.0, -234000.0, -51200000.0, -2660000.0, -292000.0, -844000.0, -3130000.0, -562000.0, -1360000.0, -4010000.0, -348000.0, -5290000.0, -842000.0, -33600.0]
[[-1800000.0], [-20100000.0], [-4950000.0], [-5880000.0], [-75800000.0], [-4510000.0], [-2890000.0], [-2330000.0], [-334000.0], [-1750000.0], [-360000.0], [-68700000.0], [-54300000.0], [-335000.0], [-49000000.0], [-5860000.0], [-754000.0], [-7510000.0], [-8080000.0], [-8080000.0], [-10700000.0], [-1180000.0], [-218000.0]]
[False, False, False, False, False, False, False, False, False, False, False, False, False, False, False, False, False, False, False, False, False, False, False]
[Stage 1]Gen 3:  1st stage Reward: 0, Best reward: [3.35421e+08]
Generation 2 耗时: 4.760秒
[-235000.0, -5830000.0, -2690000.0, -3750000.0, -438000.0, -2310000.0, -981000.0, -2070000.0, -264000.0, -1180000.0, -234000.0, -22100000.0, -2190000.0, -292000.0, -736000.0, -3060000.0, -192000.0, -1300000.0, -2740000.0, -325000.0, -4010000.0, -759000.0, -33600.0]
[[-727000.0], [-9200000.0], [-3040000.0], [-23000000.0], [-4840000.0], [-14800000.0], [-3230000.0], [-14700000.0], [-712000.0], [-75800000.0], [-344000.0], [-69500000.0], [-2990000.0], [-343000.0], [-1080000.0], [-3520000.0], [-629000.0], [-1500000.0], [-4590000.0], [-401000.0], [-5520000.0], [-1160000.0], [-84600.0]]
[False, False, False, False, False, False, False, False, False, False, False, False, False, False, False, False, False, False, False, False, False, False, False]
[Stage 1]Gen 4:  1st stage Reward: 0, Best reward: [2.417106e+08]
Generation 3 耗时: 5.141秒
[-235000.0, -4190000.0, -1670000.0, -3750000.0, -429000.0, -2010000.0, -844000.0, -2070000.0, -264000.0, -1040000.0, -234000.0, -21200000.0, -2190000.0, -292000.0, -736000.0, -3060000.0, -192000.0, -1300000.0, -496000.0, -225000.0, -3770000.0, -711000.0, -33600.0]
[[-3700000.0], [-6400000.0], [-2560000.0], [-11300000.0], [-2290000.0], [-2360000.0], [-3650000.0], [-2420000.0], [-280000.0], [-1410000.0], [-405000.0], [-21600000.0], [-3250000.0], [-331000.0], [-946000.0], [-3740000.0], [-216000.0], [-1910000.0], [-6070000.0], [-225000.0], [-4700000.0], [-896000.0], [-76500.0]]
[False, False, False, False, False, False, False, False, False, False, False, False, False, False, False, False, False, False, False, False, False, False, False]
[Stage 1]Gen 5:  1st stage Reward: 0, Best reward: [80735500.]
Generation 4 耗时: 4.299秒
[-174000.0, -2130000.0, -533000.0, -3750000.0, -208000.0, -1870000.0, -788000.0, -771000.0, -256000.0, -1000000.0, -234000.0, -20300000.0, -2190000.0, -240000.0, -633000.0, -3060000.0, -165000.0, -1300000.0, -458000.0, -183000.0, -3770000.0, -696000.0, -33600.0]
[[-3680000.0], [-5330000.0], [-2560000.0], [-13000000.0], [-208000.0], [-2360000.0], [-3620000.0], [-2420000.0], [-280000.0], [-1410000.0], [-404000.0], [-21600000.0], [-3240000.0], [-1150000.0], [-945000.0], [-3740000.0], [-216000.0], [-1900000.0], [-6070000.0], [-224000.0], [-4690000.0], [-894000.0], [-175000.0]]
[False, False, False, False, False, False, False, False, False, False, False, False, False, False, False, False, False, False, False, False, False, False, False]
[Stage 1]Gen 6:  1st stage Reward: 0, Best reward: [80116000.]
Generation 5 耗时: 4.065秒
[-167000.0, -1940000.0, -466000.0, -3750000.0, -192000.0, -1870000.0, -787000.0, -647000.0, -170000.0, -892000.0, -69300.0, -19600000.0, -1970000.0, -111000.0, -551000.0, -2540000.0, -145000.0, -1090000.0, -445000.0, -181000.0, -2450000.0, -535000.0, -33600.0]
[[-3680000.0], [-5330000.0], [-2560000.0], [-13000000.0], [-208000.0], [-2360000.0], [-3620000.0], [-2420000.0], [-280000.0], [-1410000.0], [-404000.0], [-21600000.0], [-3240000.0], [-1150000.0], [-945000.0], [-3740000.0], [-216000.0], [-1900000.0], [-6070000.0], [-224000.0], [-4690000.0], [-894000.0], [-175000.0]]
[False, False, False, False, False, False, False, False, False, False, False, False, False, False, False, False, False, False, False, False, False, False, False]
[Stage 1]Gen 7:  1st stage Reward: 0, Best reward: [80116000.]
Generation 6 耗时: 3.797秒
[-162000.0, -1940000.0, -466000.0, -3750000.0, -192000.0, -1820000.0, -310000.0, -647000.0, -170000.0, -892000.0, -59500.0, -19600000.0, -1970000.0, -93100.0, -551000.0, -2520000.0, -145000.0, -1090000.0, -445000.0, -181000.0, -2450000.0, -535000.0, -33600.0]
[[-3680000.0], [-5330000.0], [-2560000.0], [-13000000.0], [-208000.0], [-2360000.0], [-3620000.0], [-2420000.0], [-280000.0], [-1410000.0], [-404000.0], [-21600000.0], [-3240000.0], [-1150000.0], [-945000.0], [-3740000.0], [-216000.0], [-1900000.0], [-6070000.0], [-224000.0], [-4690000.0], [-894000.0], [-175000.0]]
[False, False, False, False, False, False, False, False, False, False, False, False, False, False, False, False, False, False, False, False, False, False, False]
[Stage 1]Gen 8:  1st stage Reward: 0, Best reward: [80116000.]
Generation 7 耗时: 3.717秒
[-162000.0, -1940000.0, -466000.0, -3750000.0, -191000.0, -1170000.0, -260000.0, -647000.0, -170000.0, -892000.0, -59500.0, -19600000.0, -974000.0, -93100.0, -551000.0, -2430000.0, -145000.0, -1090000.0, -396000.0, -181000.0, -1870000.0, -535000.0, -33600.0]
[[-3680000.0], [-5330000.0], [-2560000.0], [-13000000.0], [-208000.0], [-2360000.0], [-3620000.0], [-2420000.0], [-280000.0], [-1410000.0], [-404000.0], [-21600000.0], [-3240000.0], [-1150000.0], [-945000.0], [-3740000.0], [-216000.0], [-1900000.0], [-6070000.0], [-224000.0], [-4690000.0], [-894000.0], [-175000.0]]
[False, False, False, False, False, False, False, False, False, False, False, False, False, False, False, False, False, False, False, False, False, False, False]
[Stage 1]Gen 9:  1st stage Reward: 0, Best reward: [80116000.]
Generation 8 耗时: 3.846秒
[-161000.0, -1940000.0, -466000.0, -3750000.0, -191000.0, -1160000.0, -260000.0, -647000.0, -170000.0, -876000.0, -59500.0, -19600000.0, -764000.0, -92900.0, -551000.0, -2320000.0, -145000.0, -1090000.0, -310000.0, -181000.0, -1580000.0, -535000.0, -33600.0]
[[-3680000.0], [-5330000.0], [-2560000.0], [-13000000.0], [-208000.0], [-2360000.0], [-3620000.0], [-2420000.0], [-280000.0], [-1410000.0], [-404000.0], [-21600000.0], [-3240000.0], [-1150000.0], [-945000.0], [-3740000.0], [-216000.0], [-1900000.0], [-6070000.0], [-224000.0], [-4690000.0], [-894000.0], [-175000.0]]
[False, False, False, False, False, False, False, False, False, False, False, False, False, False, False, False, False, False, False, False, False, False, False]
[Stage 1]Gen 10:  1st stage Reward: 0, Best reward: [80116000.]
Generation 9 耗时: 3.655秒
[-132000.0, -1940000.0, -466000.0, -3750000.0, -191000.0, -1160000.0, -238000.0, -647000.0, -170000.0, -876000.0, -57600.0, -19600000.0, -764000.0, -92900.0, -551000.0, -2140000.0, -145000.0, -1090000.0, -310000.0, -181000.0, -1580000.0, -502000.0, -33600.0]
[[-3680000.0], [-5330000.0], [-2560000.0], [-13000000.0], [-208000.0], [-2360000.0], [-3620000.0], [-2420000.0], [-280000.0], [-1410000.0], [-404000.0], [-21600000.0], [-3240000.0], [-1150000.0], [-945000.0], [-3740000.0], [-216000.0], [-1900000.0], [-6070000.0], [-224000.0], [-4690000.0], [-894000.0], [-175000.0]]
[False, False, False, False, False, False, False, False, False, False, False, False, False, False, False, False, False, False, False, False, False, False, False]
[Stage 1]Gen 11:  1st stage Reward: 0, Best reward: [80116000.]
Generation 10 耗时: 3.741秒
[-132000.0, -1940000.0, -466000.0, -3750000.0, -191000.0, -1160000.0, -238000.0, -471000.0, -170000.0, -876000.0, -57600.0, -19600000.0, -554000.0, -92900.0, -551000.0, -2140000.0, -145000.0, -1090000.0, -280000.0, -181000.0, -1580000.0, -428000.0, -33500.0]
[[-3680000.0], [-5330000.0], [-2560000.0], [-13000000.0], [-208000.0], [-2360000.0], [-3620000.0], [-2420000.0], [-280000.0], [-1410000.0], [-404000.0], [-21600000.0], [-3240000.0], [-1150000.0], [-945000.0], [-3740000.0], [-216000.0], [-1900000.0], [-6070000.0], [-224000.0], [-4690000.0], [-894000.0], [-175000.0]]
[False, False, False, False, False, False, False, False, False, False, False, False, False, False, False, False, False, False, False, False, False, False, False]
[Stage 1]Gen 12:  1st stage Reward: 0, Best reward: [80116000.]
Generation 11 耗时: 3.996秒
[-132000.0, -1940000.0, -466000.0, -3750000.0, -191000.0, -1160000.0, -230000.0, -398000.0, -170000.0, -876000.0, -56600.0, -19600000.0, -340000.0, -92900.0, -551000.0, -2070000.0, -145000.0, -1090000.0, -280000.0, -181000.0, -1570000.0, -428000.0, -32100.0]
[[-3680000.0], [-5330000.0], [-2560000.0], [-13000000.0], [-208000.0], [-2360000.0], [-3620000.0], [-2420000.0], [-280000.0], [-1410000.0], [-404000.0], [-21600000.0], [-3240000.0], [-1150000.0], [-945000.0], [-3740000.0], [-216000.0], [-1900000.0], [-6070000.0], [-224000.0], [-4690000.0], [-894000.0], [-175000.0]]
[False, False, False, False, False, False, False, False, False, False, False, False, False, False, False, False, False, False, False, False, False, False, False]
[Stage 1]Gen 13:  1st stage Reward: 0, Best reward: [80116000.]
Generation 12 耗时: 3.833秒
[-132000.0, -1940000.0, -466000.0, -3750000.0, -191000.0, -1160000.0, -230000.0, -398000.0, -170000.0, -876000.0, -56600.0, -19600000.0, -340000.0, -92900.0, -551000.0, -2070000.0, -145000.0, -1090000.0, -280000.0, -181000.0, -1570000.0, -428000.0, -32100.0]
[[-3680000.0], [-5330000.0], [-2560000.0], [-13000000.0], [-208000.0], [-2360000.0], [-3620000.0], [-2420000.0], [-280000.0], [-1410000.0], [-404000.0], [-21600000.0], [-3240000.0], [-1150000.0], [-945000.0], [-3740000.0], [-216000.0], [-1900000.0], [-6070000.0], [-224000.0], [-4690000.0], [-894000.0], [-175000.0]]
[False, False, False, False, False, False, False, False, False, False, False, False, False, False, False, False, False, False, False, False, False, False, False]
[Stage 1]Gen 14:  1st stage Reward: 0, Best reward: [80116000.]
Generation 13 耗时: 4.175秒
[-132000.0, -1940000.0, -466000.0, -3750000.0, -191000.0, -1160000.0, -230000.0, -396000.0, -170000.0, -876000.0, -56600.0, -19600000.0, -338000.0, -92900.0, -551000.0, -2060000.0, -145000.0, -1090000.0, -280000.0, -181000.0, -1570000.0, -428000.0, -32100.0]
[[-3680000.0], [-5330000.0], [-2560000.0], [-13000000.0], [-208000.0], [-2360000.0], [-3620000.0], [-2420000.0], [-280000.0], [-1410000.0], [-404000.0], [-21600000.0], [-3240000.0], [-1150000.0], [-945000.0], [-3740000.0], [-216000.0], [-1900000.0], [-6070000.0], [-224000.0], [-4690000.0], [-894000.0], [-175000.0]]
[False, False, False, False, False, False, False, False, False, False, False, False, False, False, False, False, False, False, False, False, False, False, False]
[Stage 1]Gen 15:  1st stage Reward: 0, Best reward: [80116000.]
Generation 14 耗时: 4.335秒
[-131000.0, -1850000.0, -466000.0, -3750000.0, -191000.0, -1070000.0, -230000.0, -396000.0, -170000.0, -876000.0, -55000.0, -19600000.0, -327000.0, -92900.0, -551000.0, -545000.0, -145000.0, -1090000.0, -280000.0, -181000.0, -1560000.0, -355000.0, -31800.0]
[[-3680000.0], [-5330000.0], [-2560000.0], [-13000000.0], [-208000.0], [-2360000.0], [-3620000.0], [-2420000.0], [-280000.0], [-1410000.0], [-404000.0], [-21600000.0], [-3240000.0], [-1150000.0], [-945000.0], [-3740000.0], [-216000.0], [-1900000.0], [-6070000.0], [-224000.0], [-4690000.0], [-894000.0], [-175000.0]]
[False, False, False, False, False, False, False, False, False, False, False, False, False, False, False, False, False, False, False, False, False, False, False]
[Stage 1]Gen 16:  1st stage Reward: 0, Best reward: [80116000.]
Generation 15 耗时: 3.712秒
[-131000.0, -1850000.0, -466000.0, -3750000.0, -191000.0, -479000.0, -225000.0, -390000.0, -170000.0, -876000.0, -55000.0, -19600000.0, -327000.0, -92900.0, -551000.0, -545000.0, -145000.0, -1090000.0, -280000.0, -181000.0, -1560000.0, -261000.0, -31800.0]
[[-3680000.0], [-5330000.0], [-2560000.0], [-13000000.0], [-208000.0], [-2360000.0], [-3620000.0], [-2420000.0], [-280000.0], [-1410000.0], [-404000.0], [-21600000.0], [-3240000.0], [-1150000.0], [-945000.0], [-3740000.0], [-216000.0], [-1900000.0], [-6070000.0], [-224000.0], [-4690000.0], [-894000.0], [-175000.0]]
[False, False, False, False, False, False, False, False, False, False, False, False, False, False, False, False, False, False, False, False, False, False, False]
[Stage 1]Gen 17:  1st stage Reward: 0, Best reward: [80116000.]
Generation 16 耗时: 3.892秒
[-131000.0, -1850000.0, -466000.0, -3750000.0, -191000.0, -402000.0, -202000.0, -390000.0, -170000.0, -876000.0, -55000.0, -19600000.0, -327000.0, -92900.0, -551000.0, -392000.0, -144000.0, -1090000.0, -280000.0, -181000.0, -1560000.0, -259000.0, -31800.0]
[[-3680000.0], [-5330000.0], [-2560000.0], [-13000000.0], [-208000.0], [-2360000.0], [-3620000.0], [-2420000.0], [-280000.0], [-1410000.0], [-404000.0], [-21600000.0], [-3240000.0], [-1150000.0], [-945000.0], [-3740000.0], [-216000.0], [-1900000.0], [-6070000.0], [-224000.0], [-4690000.0], [-894000.0], [-175000.0]]
[False, False, False, False, False, False, False, False, False, False, False, False, False, False, False, False, False, False, False, False, False, False, False]
[Stage 1]Gen 18:  1st stage Reward: 0, Best reward: [80116000.]
Generation 17 耗时: 3.496秒
[-130000.0, -1850000.0, -466000.0, -2980000.0, -191000.0, -402000.0, -202000.0, -390000.0, -170000.0, -876000.0, -55000.0, -19600000.0, -327000.0, -92900.0, -551000.0, -336000.0, -144000.0, -1090000.0, -280000.0, -181000.0, -1560000.0, -259000.0, -31800.0]
[[-3680000.0], [-5330000.0], [-2560000.0], [-13000000.0], [-208000.0], [-2360000.0], [-3620000.0], [-2420000.0], [-280000.0], [-1410000.0], [-404000.0], [-21600000.0], [-3240000.0], [-1150000.0], [-945000.0], [-3740000.0], [-216000.0], [-1900000.0], [-6070000.0], [-224000.0], [-4690000.0], [-894000.0], [-175000.0]]
[False, False, False, False, False, False, False, False, False, False, False, False, False, False, False, False, False, False, False, False, False, False, False]
[Stage 1]Gen 19:  1st stage Reward: 0, Best reward: [80116000.]
Generation 18 耗时: 3.371秒
[-130000.0, -1850000.0, -466000.0, -1960000.0, -191000.0, -388000.0, -202000.0, -390000.0, -170000.0, -876000.0, -55000.0, -19600000.0, -327000.0, -92900.0, -551000.0, -322000.0, -144000.0, -1090000.0, -280000.0, -178000.0, -1560000.0, -257000.0, -31800.0]
[[-3680000.0], [-5330000.0], [-2560000.0], [-13000000.0], [-208000.0], [-2360000.0], [-3620000.0], [-2420000.0], [-280000.0], [-1410000.0], [-404000.0], [-21600000.0], [-3240000.0], [-1150000.0], [-945000.0], [-3740000.0], [-216000.0], [-1900000.0], [-6070000.0], [-224000.0], [-4690000.0], [-894000.0], [-175000.0]]
[False, False, False, False, False, False, False, False, False, False, False, False, False, False, False, False, False, False, False, False, False, False, False]
[Stage 1]Gen 20:  1st stage Reward: 0, Best reward: [80116000.]
Generation 19 耗时: 3.524秒
[-130000.0, -1850000.0, -466000.0, -1960000.0, -191000.0, -388000.0, -202000.0, -390000.0, -170000.0, -876000.0, -55000.0, -19600000.0, -327000.0, -92900.0, -551000.0, -322000.0, -144000.0, -1090000.0, -280000.0, -178000.0, -1560000.0, -257000.0, -31800.0]
[[-3680000.0], [-5330000.0], [-2560000.0], [-13000000.0], [-208000.0], [-2360000.0], [-3620000.0], [-2420000.0], [-280000.0], [-1410000.0], [-404000.0], [-21600000.0], [-3240000.0], [-1150000.0], [-945000.0], [-3740000.0], [-216000.0], [-1900000.0], [-6070000.0], [-224000.0], [-4690000.0], [-894000.0], [-175000.0]]
[False, False, False, False, False, False, False, False, False, False, False, False, False, False, False, False, False, False, False, False, False, False, False]
[Stage 1]Gen 21:  1st stage Reward: 0, Best reward: [80116000.]
Generation 20 耗时: 3.705秒
[-130000.0, -1850000.0, -466000.0, -1960000.0, -191000.0, -373000.0, -202000.0, -369000.0, -170000.0, -876000.0, -55000.0, -19600000.0, -320000.0, -91300.0, -551000.0, -322000.0, -144000.0, -1090000.0, -263000.0, -178000.0, -1560000.0, -257000.0, -31800.0]
[[-3680000.0], [-5330000.0], [-2560000.0], [-13000000.0], [-208000.0], [-2360000.0], [-3620000.0], [-2420000.0], [-280000.0], [-1410000.0], [-404000.0], [-21600000.0], [-3240000.0], [-1150000.0], [-945000.0], [-3740000.0], [-216000.0], [-1900000.0], [-6070000.0], [-224000.0], [-4690000.0], [-894000.0], [-175000.0]]
[False, False, False, False, False, False, False, False, False, False, False, False, False, False, False, False, False, False, False, False, False, False, False]
[Stage 1]Gen 22:  1st stage Reward: 0, Best reward: [80116000.]
Generation 21 耗时: 3.585秒
[-130000.0, -1850000.0, -466000.0, -1960000.0, -191000.0, -373000.0, -202000.0, -369000.0, -170000.0, -876000.0, -55000.0, -19600000.0, -316000.0, -91300.0, -551000.0, -322000.0, -144000.0, -1090000.0, -263000.0, -178000.0, -1560000.0, -257000.0, -31800.0]
[[-134000.0], [-2130000.0], [-1610000.0], [-1960000.0], [-215000.0], [-400000.0], [-247000.0], [-423000.0], [-275000.0], [-1050000.0], [-60300.0], [-27000000.0], [-319000.0], [-641000.0], [-907000.0], [-365000.0], [-166000.0], [-1770000.0], [-14700000.0], [-182000.0], [-1580000.0], [-269000.0], [-34100.0]]
[False, False, False, False, False, False, False, False, False, False, False, False, False, False, False, False, False, False, False, False, False, False, False]
[Stage 1]Gen 23:  1st stage Reward: 0, Best reward: [56437400.]
Generation 22 耗时: 3.694秒
[-130000.0, -1850000.0, -466000.0, -1960000.0, -191000.0, -373000.0, -193000.0, -369000.0, -170000.0, -876000.0, -55000.0, -19600000.0, -287000.0, -91300.0, -551000.0, -322000.0, -144000.0, -1090000.0, -263000.0, -178000.0, -1560000.0, -256000.0, -31800.0]
[[-134000.0], [-2130000.0], [-1610000.0], [-1960000.0], [-215000.0], [-400000.0], [-247000.0], [-423000.0], [-275000.0], [-1050000.0], [-60300.0], [-27000000.0], [-319000.0], [-641000.0], [-907000.0], [-365000.0], [-166000.0], [-1770000.0], [-14700000.0], [-182000.0], [-1580000.0], [-269000.0], [-34100.0]]
[False, False, False, False, False, False, False, False, False, False, False, False, False, False, False, False, False, False, False, False, False, False, False]
[Stage 1]Gen 24:  1st stage Reward: 0, Best reward: [56437400.]
Generation 23 耗时: 3.792秒
[-130000.0, -1850000.0, -466000.0, -1500000.0, -191000.0, -373000.0, -186000.0, -369000.0, -170000.0, -876000.0, -55000.0, -19600000.0, -268000.0, -91300.0, -551000.0, -317000.0, -144000.0, -1090000.0, -263000.0, -178000.0, -1560000.0, -252000.0, -31800.0]
[[-134000.0], [-2130000.0], [-1610000.0], [-1960000.0], [-215000.0], [-400000.0], [-247000.0], [-423000.0], [-275000.0], [-1050000.0], [-60300.0], [-27000000.0], [-319000.0], [-641000.0], [-907000.0], [-365000.0], [-166000.0], [-1770000.0], [-14700000.0], [-182000.0], [-1580000.0], [-269000.0], [-34100.0]]
[False, False, False, False, False, False, False, False, False, False, False, False, False, False, False, False, False, False, False, False, False, False, False]
[Stage 1]Gen 25:  1st stage Reward: 0, Best reward: [56437400.]
Generation 24 耗时: 3.885秒
[-130000.0, -1850000.0, -466000.0, -1090000.0, -191000.0, -373000.0, -95100.0, -369000.0, -170000.0, -876000.0, -55000.0, -19600000.0, -235000.0, -91300.0, -551000.0, -306000.0, -144000.0, -1090000.0, -263000.0, -178000.0, -1560000.0, -252000.0, -31000.0]
[[-134000.0], [-2130000.0], [-1610000.0], [-1960000.0], [-215000.0], [-400000.0], [-247000.0], [-423000.0], [-275000.0], [-1050000.0], [-60300.0], [-27000000.0], [-319000.0], [-641000.0], [-907000.0], [-365000.0], [-166000.0], [-1770000.0], [-14700000.0], [-182000.0], [-1580000.0], [-269000.0], [-34100.0]]
[False, False, False, False, False, False, False, False, False, False, False, False, False, False, False, False, False, False, False, False, False, False, False]
[Stage 1]Gen 26:  1st stage Reward: 0, Best reward: [56437400.]
Generation 25 耗时: 3.877秒
[-130000.0, -1850000.0, -466000.0, -951000.0, -191000.0, -348000.0, -95100.0, -357000.0, -170000.0, -876000.0, -55000.0, -19600000.0, -231000.0, -91300.0, -551000.0, -306000.0, -144000.0, -1090000.0, -263000.0, -178000.0, -1560000.0, -252000.0, -31000.0]
[[-140000.0], [-3800000.0], [-528000.0], [-1360000.0], [-5880000.0], [-403000.0], [-8540000.0], [-436000.0], [-564000.0], [-2430000.0], [-64400.0], [-23400000.0], [-320000.0], [-320000.0], [-911000.0], [-365000.0], [-662000.0], [-1780000.0], [-371000.0], [-191000.0], [-1600000.0], [-272000.0], [-458000.0]]
[False, False, False, False, False, False, False, False, False, False, False, False, False, False, False, False, False, False, False, False, False, False, False]
[Stage 1]Gen 27:  1st stage Reward: 0, Best reward: [54795400.]
Generation 26 耗时: 3.945秒
[-130000.0, -1850000.0, -466000.0, -951000.0, -191000.0, -348000.0, -91400.0, -357000.0, -170000.0, -876000.0, -55000.0, -19600000.0, -231000.0, -91300.0, -551000.0, -300000.0, -144000.0, -1090000.0, -263000.0, -178000.0, -1560000.0, -252000.0, -31000.0]
[[-140000.0], [-3800000.0], [-528000.0], [-1360000.0], [-5880000.0], [-403000.0], [-8540000.0], [-436000.0], [-564000.0], [-2430000.0], [-64400.0], [-23400000.0], [-320000.0], [-320000.0], [-911000.0], [-365000.0], [-662000.0], [-1780000.0], [-371000.0], [-191000.0], [-1600000.0], [-272000.0], [-458000.0]]
[False, False, False, False, False, False, False, False, False, False, False, False, False, False, False, False, False, False, False, False, False, False, False]
[Stage 1]Gen 28:  1st stage Reward: 0, Best reward: [54795400.]
Generation 27 耗时: 4.059秒
[-130000.0, -1850000.0, -466000.0, -951000.0, -191000.0, -348000.0, -91400.0, -357000.0, -170000.0, -876000.0, -55000.0, -19600000.0, -231000.0, -91300.0, -551000.0, -300000.0, -144000.0, -1090000.0, -263000.0, -178000.0, -1560000.0, -252000.0, -31000.0]
[[-140000.0], [-3800000.0], [-528000.0], [-1360000.0], [-5880000.0], [-403000.0], [-8540000.0], [-436000.0], [-564000.0], [-2430000.0], [-64400.0], [-23400000.0], [-320000.0], [-320000.0], [-911000.0], [-365000.0], [-662000.0], [-1780000.0], [-371000.0], [-191000.0], [-1600000.0], [-272000.0], [-458000.0]]
[False, False, False, False, False, False, False, False, False, False, False, False, False, False, False, False, False, False, False, False, False, False, False]
[Stage 1]Gen 29:  1st stage Reward: 0, Best reward: [54795400.]
Generation 28 耗时: 4.128秒
[-130000.0, -1850000.0, -466000.0, -951000.0, -191000.0, -348000.0, -91400.0, -357000.0, -170000.0, -876000.0, -55000.0, -19600000.0, -231000.0, -91300.0, -551000.0, -201000.0, -144000.0, -1090000.0, -263000.0, -178000.0, -1560000.0, -252000.0, -30500.0]
[[-140000.0], [-3800000.0], [-528000.0], [-1360000.0], [-5880000.0], [-403000.0], [-8540000.0], [-436000.0], [-564000.0], [-2430000.0], [-64400.0], [-23400000.0], [-320000.0], [-320000.0], [-911000.0], [-365000.0], [-662000.0], [-1780000.0], [-371000.0], [-191000.0], [-1600000.0], [-272000.0], [-458000.0]]
[False, False, False, False, False, False, False, False, False, False, False, False, False, False, False, False, False, False, False, False, False, False, False]
[Stage 1]Gen 30:  1st stage Reward: 0, Best reward: [54795400.]
Generation 29 耗时: 4.330秒
[-130000.0, -1850000.0, -466000.0, -951000.0, -191000.0, -348000.0, -91400.0, -357000.0, -170000.0, -876000.0, -55000.0, -19600000.0, -231000.0, -91300.0, -551000.0, -186000.0, -144000.0, -1090000.0, -263000.0, -178000.0, -1560000.0, -252000.0, -30500.0]
[[-140000.0], [-3800000.0], [-528000.0], [-1360000.0], [-5880000.0], [-403000.0], [-8540000.0], [-436000.0], [-564000.0], [-2430000.0], [-64400.0], [-23400000.0], [-320000.0], [-320000.0], [-911000.0], [-365000.0], [-662000.0], [-1780000.0], [-371000.0], [-191000.0], [-1600000.0], [-272000.0], [-458000.0]]
[False, False, False, False, False, False, False, False, False, False, False, False, False, False, False, False, False, False, False, False, False, False, False]
[Stage 1]Gen 31:  1st stage Reward: 0, Best reward: [54795400.]
Generation 30 耗时: 4.645秒
[-130000.0, -1850000.0, -466000.0, -951000.0, -191000.0, -348000.0, -91400.0, -357000.0, -170000.0, -876000.0, -55000.0, -19600000.0, -231000.0, -91300.0, -551000.0, -178000.0, -144000.0, -1090000.0, -263000.0, -178000.0, -1560000.0, -252000.0, -30500.0]
[[-140000.0], [-3800000.0], [-528000.0], [-1360000.0], [-5880000.0], [-403000.0], [-8540000.0], [-436000.0], [-564000.0], [-2430000.0], [-64400.0], [-23400000.0], [-320000.0], [-320000.0], [-911000.0], [-365000.0], [-662000.0], [-1780000.0], [-371000.0], [-191000.0], [-1600000.0], [-272000.0], [-458000.0]]
[False, False, False, False, False, False, False, False, False, False, False, False, False, False, False, False, False, False, False, False, False, False, False]
[Stage 1]Gen 32:  1st stage Reward: 0, Best reward: [54795400.]
Generation 31 耗时: 4.840秒
[-130000.0, -1850000.0, -466000.0, -951000.0, -191000.0, -348000.0, -91400.0, -357000.0, -170000.0, -876000.0, -55000.0, -19600000.0, -231000.0, -91300.0, -551000.0, -178000.0, -144000.0, -1090000.0, -263000.0, -178000.0, -1560000.0, -252000.0, -29700.0]
[[-140000.0], [-3800000.0], [-528000.0], [-1360000.0], [-5880000.0], [-403000.0], [-8540000.0], [-436000.0], [-564000.0], [-2430000.0], [-64400.0], [-23400000.0], [-320000.0], [-320000.0], [-911000.0], [-365000.0], [-662000.0], [-1780000.0], [-371000.0], [-191000.0], [-1600000.0], [-272000.0], [-458000.0]]
[False, False, False, False, False, False, False, False, False, False, False, False, False, False, False, False, False, False, False, False, False, False, False]
[Stage 1]Gen 33:  1st stage Reward: 0, Best reward: [54795400.]
Generation 32 耗时: 4.543秒
[-130000.0, -1850000.0, -466000.0, -951000.0, -191000.0, -348000.0, -91400.0, -357000.0, -170000.0, -876000.0, -55000.0, -19600000.0, -231000.0, -91300.0, -551000.0, -178000.0, -144000.0, -1090000.0, -263000.0, -178000.0, -1560000.0, -252000.0, -29700.0]
[[-140000.0], [-3800000.0], [-528000.0], [-1360000.0], [-5880000.0], [-403000.0], [-8540000.0], [-436000.0], [-564000.0], [-2430000.0], [-64400.0], [-23400000.0], [-320000.0], [-320000.0], [-911000.0], [-365000.0], [-662000.0], [-1780000.0], [-371000.0], [-191000.0], [-1600000.0], [-272000.0], [-458000.0]]
[False, False, False, False, False, False, False, False, False, False, False, False, False, False, False, False, False, False, False, False, False, False, False]
[Stage 1]Gen 34:  1st stage Reward: 0, Best reward: [54795400.]
Generation 33 耗时: 4.522秒
[-130000.0, -1850000.0, -466000.0, -951000.0, -191000.0, -348000.0, -91400.0, -357000.0, -170000.0, -876000.0, -55000.0, -19600000.0, -231000.0, -91300.0, -551000.0, -175000.0, -144000.0, -1090000.0, -241000.0, -178000.0, -1560000.0, -252000.0, -29700.0]
[[-140000.0], [-3800000.0], [-528000.0], [-1360000.0], [-5880000.0], [-403000.0], [-8540000.0], [-436000.0], [-564000.0], [-2430000.0], [-64400.0], [-23400000.0], [-320000.0], [-320000.0], [-911000.0], [-365000.0], [-662000.0], [-1780000.0], [-371000.0], [-191000.0], [-1600000.0], [-272000.0], [-458000.0]]
[False, False, False, False, False, False, False, False, False, False, False, False, False, False, False, False, False, False, False, False, False, False, False]
[Stage 1]Gen 35:  1st stage Reward: 0, Best reward: [54795400.]
Generation 34 耗时: 4.521秒
[-130000.0, -1850000.0, -466000.0, -951000.0, -191000.0, -348000.0, -91400.0, -357000.0, -170000.0, -876000.0, -55000.0, -19600000.0, -231000.0, -91300.0, -551000.0, -175000.0, -144000.0, -1090000.0, -241000.0, -178000.0, -1560000.0, -252000.0, -29700.0]
[[-140000.0], [-3800000.0], [-528000.0], [-1360000.0], [-5880000.0], [-403000.0], [-8540000.0], [-436000.0], [-564000.0], [-2430000.0], [-64400.0], [-23400000.0], [-320000.0], [-320000.0], [-911000.0], [-365000.0], [-662000.0], [-1780000.0], [-371000.0], [-191000.0], [-1600000.0], [-272000.0], [-458000.0]]
[False, False, False, False, False, False, False, False, False, False, False, False, False, False, False, False, False, False, False, False, False, False, False]
[Stage 1]Gen 36:  1st stage Reward: 0, Best reward: [54795400.]
Generation 35 耗时: 4.532秒
[-130000.0, -1850000.0, -466000.0, -942000.0, -191000.0, -334000.0, -91400.0, -357000.0, -170000.0, -876000.0, -55000.0, -19600000.0, -231000.0, -91300.0, -551000.0, -175000.0, -138000.0, -1090000.0, -241000.0, -178000.0, -1560000.0, -246000.0, -29700.0]
[[-140000.0], [-3800000.0], [-528000.0], [-1360000.0], [-5880000.0], [-403000.0], [-8540000.0], [-436000.0], [-564000.0], [-2430000.0], [-64400.0], [-23400000.0], [-320000.0], [-320000.0], [-911000.0], [-365000.0], [-662000.0], [-1780000.0], [-371000.0], [-191000.0], [-1600000.0], [-272000.0], [-458000.0]]
[False, False, False, False, False, False, False, False, False, False, False, False, False, False, False, False, False, False, False, False, False, False, False]
[Stage 1]Gen 37:  1st stage Reward: 0, Best reward: [54795400.]
Generation 36 耗时: 4.425秒
[-130000.0, -1850000.0, -466000.0, -942000.0, -191000.0, -334000.0, -91400.0, -357000.0, -170000.0, -876000.0, -55000.0, -19600000.0, -231000.0, -91300.0, -551000.0, -175000.0, -138000.0, -1090000.0, -241000.0, -178000.0, -1560000.0, -246000.0, -29700.0]
[[-140000.0], [-3800000.0], [-528000.0], [-1360000.0], [-5880000.0], [-403000.0], [-8540000.0], [-436000.0], [-564000.0], [-2430000.0], [-64400.0], [-23400000.0], [-320000.0], [-320000.0], [-911000.0], [-365000.0], [-662000.0], [-1780000.0], [-371000.0], [-191000.0], [-1600000.0], [-272000.0], [-458000.0]]
[False, False, False, False, False, False, False, False, False, False, False, False, False, False, False, False, False, False, False, False, False, False, False]
[Stage 1]Gen 38:  1st stage Reward: 0, Best reward: [54795400.]
Generation 37 耗时: 4.422秒
[-130000.0, -1850000.0, -466000.0, -942000.0, -191000.0, -334000.0, -88500.0, -347000.0, -170000.0, -876000.0, -55000.0, -19600000.0, -231000.0, -91300.0, -551000.0, -175000.0, -138000.0, -1090000.0, -241000.0, -178000.0, -1560000.0, -246000.0, -29700.0]
[[-140000.0], [-3800000.0], [-528000.0], [-1360000.0], [-5880000.0], [-403000.0], [-8540000.0], [-436000.0], [-564000.0], [-2430000.0], [-64400.0], [-23400000.0], [-320000.0], [-320000.0], [-911000.0], [-365000.0], [-662000.0], [-1780000.0], [-371000.0], [-191000.0], [-1600000.0], [-272000.0], [-458000.0]]
[False, False, False, False, False, False, False, False, False, False, False, False, False, False, False, False, False, False, False, False, False, False, False]
[Stage 1]Gen 39:  1st stage Reward: 0, Best reward: [54795400.]
Generation 38 耗时: 4.589秒
[-130000.0, -1850000.0, -466000.0, -942000.0, -191000.0, -334000.0, -88500.0, -347000.0, -170000.0, -876000.0, -55000.0, -19600000.0, -231000.0, -91300.0, -551000.0, -175000.0, -138000.0, -1090000.0, -241000.0, -178000.0, -1560000.0, -246000.0, -29700.0]
[[-140000.0], [-3800000.0], [-528000.0], [-1360000.0], [-5880000.0], [-403000.0], [-8540000.0], [-436000.0], [-564000.0], [-2430000.0], [-64400.0], [-23400000.0], [-320000.0], [-320000.0], [-911000.0], [-365000.0], [-662000.0], [-1780000.0], [-371000.0], [-191000.0], [-1600000.0], [-272000.0], [-458000.0]]
[False, False, False, False, False, False, False, False, False, False, False, False, False, False, False, False, False, False, False, False, False, False, False]
[Stage 1]Gen 40:  1st stage Reward: 0, Best reward: [54795400.]
Generation 39 耗时: 4.338秒
[-130000.0, -1850000.0, -466000.0, -942000.0, -191000.0, -334000.0, -88500.0, -347000.0, -170000.0, -876000.0, -55000.0, -19600000.0, -200000.0, -91300.0, -551000.0, -175000.0, -138000.0, -1090000.0, -241000.0, -178000.0, -1480000.0, -246000.0, -29700.0]
[[-140000.0], [-3800000.0], [-528000.0], [-1360000.0], [-5880000.0], [-403000.0], [-8540000.0], [-436000.0], [-564000.0], [-2430000.0], [-64400.0], [-23400000.0], [-320000.0], [-320000.0], [-911000.0], [-365000.0], [-662000.0], [-1780000.0], [-371000.0], [-191000.0], [-1600000.0], [-272000.0], [-458000.0]]
[False, False, False, False, False, False, False, False, False, False, False, False, False, False, False, False, False, False, False, False, False, False, False]
[Stage 1]Gen 41:  1st stage Reward: 0, Best reward: [54795400.]
Generation 40 耗时: 4.489秒
[-130000.0, -1850000.0, -381000.0, -942000.0, -191000.0, -322000.0, -88500.0, -347000.0, -170000.0, -876000.0, -55000.0, -19600000.0, -200000.0, -91300.0, -551000.0, -175000.0, -138000.0, -1090000.0, -241000.0, -178000.0, -1480000.0, -246000.0, -29700.0]
[[-140000.0], [-3800000.0], [-528000.0], [-1360000.0], [-5880000.0], [-403000.0], [-8540000.0], [-436000.0], [-564000.0], [-2430000.0], [-64400.0], [-23400000.0], [-320000.0], [-320000.0], [-911000.0], [-365000.0], [-662000.0], [-1780000.0], [-371000.0], [-191000.0], [-1600000.0], [-272000.0], [-458000.0]]
[False, False, False, False, False, False, False, False, False, False, False, False, False, False, False, False, False, False, False, False, False, False, False]
[Stage 1]Gen 42:  1st stage Reward: 0, Best reward: [54795400.]
Generation 41 耗时: 4.476秒
[-130000.0, -1850000.0, -381000.0, -942000.0, -191000.0, -322000.0, -88500.0, -347000.0, -170000.0, -876000.0, -55000.0, -19600000.0, -200000.0, -91300.0, -551000.0, -175000.0, -138000.0, -1090000.0, -241000.0, -178000.0, -1480000.0, -246000.0, -29700.0]
[[-140000.0], [-3800000.0], [-528000.0], [-1360000.0], [-5880000.0], [-403000.0], [-8540000.0], [-436000.0], [-564000.0], [-2430000.0], [-64400.0], [-23400000.0], [-320000.0], [-320000.0], [-911000.0], [-365000.0], [-662000.0], [-1780000.0], [-371000.0], [-191000.0], [-1600000.0], [-272000.0], [-458000.0]]
[False, False, False, False, False, False, False, False, False, False, False, False, False, False, False, False, False, False, False, False, False, False, False]
[Stage 1]Gen 43:  1st stage Reward: 0, Best reward: [54795400.]
Generation 42 耗时: 4.429秒
[-130000.0, -1850000.0, -371000.0, -942000.0, -191000.0, -322000.0, -88500.0, -347000.0, -170000.0, -876000.0, -55000.0, -19600000.0, -200000.0, -91300.0, -551000.0, -175000.0, -138000.0, -1090000.0, -241000.0, -178000.0, -1480000.0, -246000.0, -29700.0]
[[-140000.0], [-3800000.0], [-528000.0], [-1360000.0], [-5880000.0], [-403000.0], [-8540000.0], [-436000.0], [-564000.0], [-2430000.0], [-64400.0], [-23400000.0], [-320000.0], [-320000.0], [-911000.0], [-365000.0], [-662000.0], [-1780000.0], [-371000.0], [-191000.0], [-1600000.0], [-272000.0], [-458000.0]]
[False, False, False, False, False, False, False, False, False, False, False, False, False, False, False, False, False, False, False, False, False, False, False]
[Stage 1]Gen 44:  1st stage Reward: 0, Best reward: [54795400.]
Generation 43 耗时: 4.867秒
[-130000.0, -1850000.0, -369000.0, -942000.0, -191000.0, -322000.0, -88500.0, -347000.0, -170000.0, -876000.0, -55000.0, -19600000.0, -200000.0, -91300.0, -551000.0, -173000.0, -138000.0, -1090000.0, -241000.0, -178000.0, -1480000.0, -246000.0, -29700.0]
[[-140000.0], [-3800000.0], [-528000.0], [-1360000.0], [-5880000.0], [-403000.0], [-8540000.0], [-436000.0], [-564000.0], [-2430000.0], [-64400.0], [-23400000.0], [-320000.0], [-320000.0], [-911000.0], [-365000.0], [-662000.0], [-1780000.0], [-371000.0], [-191000.0], [-1600000.0], [-272000.0], [-458000.0]]
[False, False, False, False, False, False, False, False, False, False, False, False, False, False, False, False, False, False, False, False, False, False, False]
[Stage 1]Gen 45:  1st stage Reward: 0, Best reward: [54795400.]
Generation 44 耗时: 5.284秒
[-130000.0, -1850000.0, -363000.0, -942000.0, -191000.0, -322000.0, -88500.0, -347000.0, -170000.0, -876000.0, -55000.0, -19600000.0, -200000.0, -91300.0, -551000.0, -163000.0, -138000.0, -1090000.0, -241000.0, -178000.0, -1480000.0, -246000.0, -29700.0]
[[-140000.0], [-3800000.0], [-528000.0], [-1360000.0], [-5880000.0], [-403000.0], [-8540000.0], [-436000.0], [-564000.0], [-2430000.0], [-64400.0], [-23400000.0], [-320000.0], [-320000.0], [-911000.0], [-365000.0], [-662000.0], [-1780000.0], [-371000.0], [-191000.0], [-1600000.0], [-272000.0], [-458000.0]]
[False, False, False, False, False, False, False, False, False, False, False, False, False, False, False, False, False, False, False, False, False, False, False]
[Stage 1]Gen 46:  1st stage Reward: 0, Best reward: [54795400.]
Generation 45 耗时: 5.324秒
[-130000.0, -1850000.0, -363000.0, -876000.0, -191000.0, -322000.0, -88500.0, -347000.0, -170000.0, -876000.0, -55000.0, -19600000.0, -200000.0, -91300.0, -551000.0, -163000.0, -138000.0, -1090000.0, -241000.0, -178000.0, -1480000.0, -246000.0, -29700.0]
[[-140000.0], [-3800000.0], [-528000.0], [-1360000.0], [-5880000.0], [-403000.0], [-8540000.0], [-436000.0], [-564000.0], [-2430000.0], [-64400.0], [-23400000.0], [-320000.0], [-320000.0], [-911000.0], [-365000.0], [-662000.0], [-1780000.0], [-371000.0], [-191000.0], [-1600000.0], [-272000.0], [-458000.0]]
[False, False, False, False, False, False, False, False, False, False, False, False, False, False, False, False, False, False, False, False, False, False, False]
[Stage 1]Gen 47:  1st stage Reward: 0, Best reward: [54795400.]
Generation 46 耗时: 5.636秒
[-130000.0, -1850000.0, -363000.0, -774000.0, -191000.0, -322000.0, -88500.0, -347000.0, -170000.0, -876000.0, -55000.0, -19600000.0, -200000.0, -91300.0, -551000.0, -162000.0, -138000.0, -1090000.0, -241000.0, -178000.0, -1460000.0, -246000.0, -29700.0]
[[-140000.0], [-3800000.0], [-528000.0], [-1360000.0], [-5880000.0], [-403000.0], [-8540000.0], [-436000.0], [-564000.0], [-2430000.0], [-64400.0], [-23400000.0], [-320000.0], [-320000.0], [-911000.0], [-365000.0], [-662000.0], [-1780000.0], [-371000.0], [-191000.0], [-1600000.0], [-272000.0], [-458000.0]]
[False, False, False, False, False, False, False, False, False, False, False, False, False, False, False, False, False, False, False, False, False, False, False]
[Stage 1]Gen 48:  1st stage Reward: 0, Best reward: [54795400.]
Generation 47 耗时: 5.205秒
[-130000.0, -1850000.0, -363000.0, -774000.0, -191000.0, -322000.0, -88500.0, -347000.0, -170000.0, -876000.0, -55000.0, -19600000.0, -200000.0, -91300.0, -551000.0, -162000.0, -138000.0, -1090000.0, -241000.0, -178000.0, -1460000.0, -246000.0, -29700.0]
[[-140000.0], [-3800000.0], [-528000.0], [-1360000.0], [-5880000.0], [-403000.0], [-8540000.0], [-436000.0], [-564000.0], [-2430000.0], [-64400.0], [-23400000.0], [-320000.0], [-320000.0], [-911000.0], [-365000.0], [-662000.0], [-1780000.0], [-371000.0], [-191000.0], [-1600000.0], [-272000.0], [-458000.0]]
[False, False, False, False, False, False, False, False, False, False, False, False, False, False, False, False, False, False, False, False, False, False, False]
[Stage 1]Gen 49:  1st stage Reward: 0, Best reward: [54795400.]
Generation 48 耗时: 4.545秒
[-130000.0, -1850000.0, -363000.0, -774000.0, -191000.0, -322000.0, -88500.0, -347000.0, -164000.0, -876000.0, -55000.0, -19600000.0, -200000.0, -91300.0, -551000.0, -162000.0, -138000.0, -1090000.0, -241000.0, -178000.0, -1460000.0, -246000.0, -29700.0]
[[-140000.0], [-3800000.0], [-528000.0], [-1360000.0], [-5880000.0], [-403000.0], [-8540000.0], [-436000.0], [-564000.0], [-2430000.0], [-64400.0], [-23400000.0], [-320000.0], [-320000.0], [-911000.0], [-365000.0], [-662000.0], [-1780000.0], [-371000.0], [-191000.0], [-1600000.0], [-272000.0], [-458000.0]]
[False, False, False, False, False, False, False, False, False, False, False, False, False, False, False, False, False, False, False, False, False, False, False]
[Stage 1]Gen 50:  1st stage Reward: 0, Best reward: [54795400.]
Generation 49 耗时: 4.448秒
[-130000.0, -1850000.0, -363000.0, -774000.0, -191000.0, -322000.0, -88500.0, -347000.0, -159000.0, -876000.0, -55000.0, -19600000.0, -200000.0, -91300.0, -551000.0, -162000.0, -138000.0, -1090000.0, -241000.0, -178000.0, -1460000.0, -246000.0, -29700.0]
[[-257000.0], [-2490000.0], [-2590000.0], [-877000.0], [-220000.0], [-394000.0], [-110000.0], [-424000.0], [-1220000.0], [-1010000.0], [-158000.0], [-22500000.0], [-6230000.0], [-241000.0], [-1380000.0], [-171000.0], [-172000.0], [-1890000.0], [-491000.0], [-234000.0], [-1760000.0], [-2210000.0], [-84400.0]]
[False, False, False, False, False, False, False, False, False, False, False, False, False, False, False, False, False, False, False, False, False, False, False]
[Stage 1]Gen 51:  1st stage Reward: 0, Best reward: [47113400.]
Generation 50 耗时: 4.659秒
[-130000.0, -1850000.0, -361000.0, -774000.0, -191000.0, -322000.0, -88500.0, -347000.0, -159000.0, -876000.0, -55000.0, -19600000.0, -200000.0, -91300.0, -551000.0, -162000.0, -138000.0, -1090000.0, -241000.0, -178000.0, -1460000.0, -246000.0, -29700.0]
[[-257000.0], [-2490000.0], [-2590000.0], [-877000.0], [-220000.0], [-394000.0], [-110000.0], [-424000.0], [-1220000.0], [-1010000.0], [-158000.0], [-22500000.0], [-6230000.0], [-241000.0], [-1380000.0], [-171000.0], [-172000.0], [-1890000.0], [-491000.0], [-234000.0], [-1760000.0], [-2210000.0], [-84400.0]]
[False, False, False, False, False, False, False, False, False, False, False, False, False, False, False, False, False, False, False, False, False, False, False]
[Stage 1]Gen 52:  1st stage Reward: 0, Best reward: [47113400.]
Generation 51 耗时: 4.473秒
[-130000.0, -1850000.0, -361000.0, -774000.0, -191000.0, -322000.0, -88500.0, -347000.0, -159000.0, -876000.0, -55000.0, -19600000.0, -200000.0, -91300.0, -551000.0, -162000.0, -138000.0, -1090000.0, -241000.0, -178000.0, -1460000.0, -246000.0, -29700.0]
[[-257000.0], [-2490000.0], [-2590000.0], [-877000.0], [-220000.0], [-394000.0], [-110000.0], [-424000.0], [-1220000.0], [-1010000.0], [-158000.0], [-22500000.0], [-6230000.0], [-241000.0], [-1380000.0], [-171000.0], [-172000.0], [-1890000.0], [-491000.0], [-234000.0], [-1760000.0], [-2210000.0], [-84400.0]]
[False, False, False, False, False, False, False, False, False, False, False, False, False, False, False, False, False, False, False, False, False, False, False]
[Stage 1]Gen 53:  1st stage Reward: 0, Best reward: [47113400.]
Generation 52 耗时: 4.619秒
[-130000.0, -1850000.0, -361000.0, -774000.0, -191000.0, -322000.0, -88500.0, -347000.0, -159000.0, -876000.0, -55000.0, -19600000.0, -200000.0, -91300.0, -551000.0, -162000.0, -138000.0, -1090000.0, -241000.0, -178000.0, -1460000.0, -246000.0, -29700.0]
[[-257000.0], [-2490000.0], [-2590000.0], [-877000.0], [-220000.0], [-394000.0], [-110000.0], [-424000.0], [-1220000.0], [-1010000.0], [-158000.0], [-22500000.0], [-6230000.0], [-241000.0], [-1380000.0], [-171000.0], [-172000.0], [-1890000.0], [-491000.0], [-234000.0], [-1760000.0], [-2210000.0], [-84400.0]]
[False, False, False, False, False, False, False, False, False, False, False, False, False, False, False, False, False, False, False, False, False, False, False]
[Stage 1]Gen 54:  1st stage Reward: 0, Best reward: [47113400.]
Generation 53 耗时: 4.652秒
[-130000.0, -1850000.0, -361000.0, -774000.0, -191000.0, -322000.0, -88500.0, -347000.0, -159000.0, -876000.0, -55000.0, -19600000.0, -200000.0, -91300.0, -551000.0, -161000.0, -138000.0, -1090000.0, -241000.0, -178000.0, -1460000.0, -246000.0, -29700.0]
[[-257000.0], [-2490000.0], [-2590000.0], [-877000.0], [-220000.0], [-394000.0], [-110000.0], [-424000.0], [-1220000.0], [-1010000.0], [-158000.0], [-22500000.0], [-6230000.0], [-241000.0], [-1380000.0], [-171000.0], [-172000.0], [-1890000.0], [-491000.0], [-234000.0], [-1760000.0], [-2210000.0], [-84400.0]]
[False, False, False, False, False, False, False, False, False, False, False, False, False, False, False, False, False, False, False, False, False, False, False]
[Stage 1]Gen 55:  1st stage Reward: 0, Best reward: [47113400.]
Generation 54 耗时: 4.740秒
[-130000.0, -1850000.0, -361000.0, -774000.0, -191000.0, -322000.0, -88500.0, -337000.0, -159000.0, -876000.0, -55000.0, -19600000.0, -200000.0, -91300.0, -551000.0, -159000.0, -138000.0, -1090000.0, -241000.0, -178000.0, -1460000.0, -246000.0, -29700.0]
[[-257000.0], [-2490000.0], [-2590000.0], [-877000.0], [-220000.0], [-394000.0], [-110000.0], [-424000.0], [-1220000.0], [-1010000.0], [-158000.0], [-22500000.0], [-6230000.0], [-241000.0], [-1380000.0], [-171000.0], [-172000.0], [-1890000.0], [-491000.0], [-234000.0], [-1760000.0], [-2210000.0], [-84400.0]]
[False, False, False, False, False, False, False, False, False, False, False, False, False, False, False, False, False, False, False, False, False, False, False]
[Stage 1]Gen 56:  1st stage Reward: 0, Best reward: [47113400.]
Generation 55 耗时: 4.377秒
[-130000.0, -1850000.0, -361000.0, -774000.0, -191000.0, -322000.0, -86700.0, -337000.0, -151000.0, -843000.0, -55000.0, -19600000.0, -174000.0, -87800.0, -551000.0, -159000.0, -138000.0, -1090000.0, -241000.0, -178000.0, -1460000.0, -246000.0, -29700.0]
[[-257000.0], [-2490000.0], [-2590000.0], [-877000.0], [-220000.0], [-394000.0], [-110000.0], [-424000.0], [-1220000.0], [-1010000.0], [-158000.0], [-22500000.0], [-6230000.0], [-241000.0], [-1380000.0], [-171000.0], [-172000.0], [-1890000.0], [-491000.0], [-234000.0], [-1760000.0], [-2210000.0], [-84400.0]]
[False, False, False, False, False, False, False, False, False, False, False, False, False, False, False, False, False, False, False, False, False, False, False]
[Stage 1]Gen 57:  1st stage Reward: 0, Best reward: [47113400.]
Generation 56 耗时: 4.461秒
[-130000.0, -1850000.0, -361000.0, -771000.0, -191000.0, -322000.0, -86700.0, -337000.0, -151000.0, -843000.0, -55000.0, -19600000.0, -174000.0, -87800.0, -551000.0, -159000.0, -138000.0, -1090000.0, -241000.0, -178000.0, -1460000.0, -246000.0, -29700.0]
[[-257000.0], [-2490000.0], [-2590000.0], [-877000.0], [-220000.0], [-394000.0], [-110000.0], [-424000.0], [-1220000.0], [-1010000.0], [-158000.0], [-22500000.0], [-6230000.0], [-241000.0], [-1380000.0], [-171000.0], [-172000.0], [-1890000.0], [-491000.0], [-234000.0], [-1760000.0], [-2210000.0], [-84400.0]]
[False, False, False, False, False, False, False, False, False, False, False, False, False, False, False, False, False, False, False, False, False, False, False]
[Stage 1]Gen 58:  1st stage Reward: 0, Best reward: [47113400.]
Generation 57 耗时: 4.564秒
[-130000.0, -1850000.0, -361000.0, -771000.0, -191000.0, -322000.0, -86700.0, -337000.0, -151000.0, -843000.0, -55000.0, -19600000.0, -174000.0, -87800.0, -551000.0, -158000.0, -138000.0, -1090000.0, -241000.0, -178000.0, -1460000.0, -246000.0, -29700.0]
[[-257000.0], [-2490000.0], [-2590000.0], [-877000.0], [-220000.0], [-394000.0], [-110000.0], [-424000.0], [-1220000.0], [-1010000.0], [-158000.0], [-22500000.0], [-6230000.0], [-241000.0], [-1380000.0], [-171000.0], [-172000.0], [-1890000.0], [-491000.0], [-234000.0], [-1760000.0], [-2210000.0], [-84400.0]]
[False, False, False, False, False, False, False, False, False, False, False, False, False, False, False, False, False, False, False, False, False, False, False]
[Stage 1]Gen 59:  1st stage Reward: 0, Best reward: [47113400.]
Generation 58 耗时: 4.425秒
[-130000.0, -1850000.0, -361000.0, -757000.0, -191000.0, -322000.0, -86700.0, -337000.0, -151000.0, -843000.0, -55000.0, -19600000.0, -174000.0, -87800.0, -551000.0, -158000.0, -138000.0, -1090000.0, -241000.0, -178000.0, -1460000.0, -246000.0, -29700.0]
[[-257000.0], [-2490000.0], [-2590000.0], [-877000.0], [-220000.0], [-394000.0], [-110000.0], [-424000.0], [-1220000.0], [-1010000.0], [-158000.0], [-22500000.0], [-6230000.0], [-241000.0], [-1380000.0], [-171000.0], [-172000.0], [-1890000.0], [-491000.0], [-234000.0], [-1760000.0], [-2210000.0], [-84400.0]]
[False, False, False, False, False, False, False, False, False, False, False, False, False, False, False, False, False, False, False, False, False, False, False]
[Stage 1]Gen 60:  1st stage Reward: 0, Best reward: [47113400.]
Generation 59 耗时: 4.561秒
[-130000.0, -1850000.0, -361000.0, -757000.0, -191000.0, -322000.0, -86700.0, -337000.0, -151000.0, -813000.0, -55000.0, -19600000.0, -174000.0, -87800.0, -551000.0, -158000.0, -138000.0, -1090000.0, -241000.0, -178000.0, -1460000.0, -246000.0, -29700.0]
[[-257000.0], [-2490000.0], [-2590000.0], [-877000.0], [-220000.0], [-394000.0], [-110000.0], [-424000.0], [-1220000.0], [-1010000.0], [-158000.0], [-22500000.0], [-6230000.0], [-241000.0], [-1380000.0], [-171000.0], [-172000.0], [-1890000.0], [-491000.0], [-234000.0], [-1760000.0], [-2210000.0], [-84400.0]]
[False, False, False, False, False, False, False, False, False, False, False, False, False, False, False, False, False, False, False, False, False, False, False]
[Stage 1]Gen 61:  1st stage Reward: 0, Best reward: [47113400.]
Generation 60 耗时: 4.851秒
[-130000.0, -1850000.0, -361000.0, -757000.0, -191000.0, -322000.0, -86700.0, -337000.0, -151000.0, -813000.0, -55000.0, -19600000.0, -174000.0, -87800.0, -551000.0, -158000.0, -138000.0, -1090000.0, -241000.0, -178000.0, -1460000.0, -246000.0, -29700.0]
[[-257000.0], [-2490000.0], [-2590000.0], [-877000.0], [-220000.0], [-394000.0], [-110000.0], [-424000.0], [-1220000.0], [-1010000.0], [-158000.0], [-22500000.0], [-6230000.0], [-241000.0], [-1380000.0], [-171000.0], [-172000.0], [-1890000.0], [-491000.0], [-234000.0], [-1760000.0], [-2210000.0], [-84400.0]]
[False, False, False, False, False, False, False, False, False, False, False, False, False, False, False, False, False, False, False, False, False, False, False]
[Stage 1]Gen 62:  1st stage Reward: 0, Best reward: [47113400.]
Generation 61 耗时: 4.508秒
[-130000.0, -1850000.0, -361000.0, -757000.0, -191000.0, -322000.0, -86700.0, -337000.0, -151000.0, -799000.0, -55000.0, -19600000.0, -174000.0, -87800.0, -551000.0, -158000.0, -138000.0, -1090000.0, -241000.0, -178000.0, -1460000.0, -246000.0, -29700.0]
[[-257000.0], [-2490000.0], [-2590000.0], [-877000.0], [-220000.0], [-394000.0], [-110000.0], [-424000.0], [-1220000.0], [-1010000.0], [-158000.0], [-22500000.0], [-6230000.0], [-241000.0], [-1380000.0], [-171000.0], [-172000.0], [-1890000.0], [-491000.0], [-234000.0], [-1760000.0], [-2210000.0], [-84400.0]]
[False, False, False, False, False, False, False, False, False, False, False, False, False, False, False, False, False, False, False, False, False, False, False]
[Stage 1]Gen 63:  1st stage Reward: 0, Best reward: [47113400.]
Generation 62 耗时: 4.549秒
[-130000.0, -1850000.0, -361000.0, -757000.0, -191000.0, -322000.0, -86700.0, -337000.0, -151000.0, -799000.0, -55000.0, -19600000.0, -174000.0, -87800.0, -551000.0, -158000.0, -138000.0, -1090000.0, -241000.0, -178000.0, -1460000.0, -246000.0, -29700.0]
[[-238000.0], [-2390000.0], [-431000.0], [-859000.0], [-224000.0], [-392000.0], [-163000.0], [-419000.0], [-2230000.0], [-1440000.0], [-641000.0], [-23100000.0], [-287000.0], [-969000.0], [-945000.0], [-174000.0], [-174000.0], [-1870000.0], [-1570000.0], [-221000.0], [-1750000.0], [-330000.0], [-74900.0]]
[False, False, False, False, False, False, False, False, False, False, False, False, False, False, False, False, False, False, False, False, False, False, False]
[Stage 1]Gen 64:  1st stage Reward: 0, Best reward: [40891900.]
Generation 63 耗时: 4.469秒
[-130000.0, -1850000.0, -361000.0, -756000.0, -191000.0, -322000.0, -86700.0, -337000.0, -151000.0, -799000.0, -55000.0, -19600000.0, -174000.0, -87800.0, -551000.0, -158000.0, -138000.0, -1090000.0, -241000.0, -178000.0, -1460000.0, -246000.0, -29700.0]
[[-238000.0], [-2390000.0], [-431000.0], [-859000.0], [-224000.0], [-392000.0], [-163000.0], [-419000.0], [-2230000.0], [-1440000.0], [-641000.0], [-23100000.0], [-287000.0], [-969000.0], [-945000.0], [-174000.0], [-174000.0], [-1870000.0], [-1570000.0], [-221000.0], [-1750000.0], [-330000.0], [-74900.0]]
[False, False, False, False, False, False, False, False, False, False, False, False, False, False, False, False, False, False, False, False, False, False, False]
[Stage 1]Gen 65:  1st stage Reward: 0, Best reward: [40891900.]
Generation 64 耗时: 4.540秒
[-130000.0, -1850000.0, -361000.0, -756000.0, -191000.0, -322000.0, -86700.0, -337000.0, -148000.0, -779000.0, -55000.0, -19600000.0, -174000.0, -87800.0, -551000.0, -158000.0, -138000.0, -1090000.0, -241000.0, -178000.0, -1460000.0, -246000.0, -29700.0]
[[-238000.0], [-2390000.0], [-431000.0], [-859000.0], [-224000.0], [-392000.0], [-163000.0], [-419000.0], [-2230000.0], [-1440000.0], [-641000.0], [-23100000.0], [-287000.0], [-969000.0], [-945000.0], [-174000.0], [-174000.0], [-1870000.0], [-1570000.0], [-221000.0], [-1750000.0], [-330000.0], [-74900.0]]
[False, False, False, False, False, False, False, False, False, False, False, False, False, False, False, False, False, False, False, False, False, False, False]
[Stage 1]Gen 66:  1st stage Reward: 0, Best reward: [40891900.]
Generation 65 耗时: 4.705秒
[-130000.0, -1850000.0, -361000.0, -753000.0, -191000.0, -322000.0, -86700.0, -337000.0, -148000.0, -779000.0, -55000.0, -19600000.0, -174000.0, -87800.0, -551000.0, -158000.0, -138000.0, -1090000.0, -241000.0, -159000.0, -1460000.0, -246000.0, -29700.0]
[[-238000.0], [-2390000.0], [-431000.0], [-859000.0], [-224000.0], [-392000.0], [-163000.0], [-419000.0], [-2230000.0], [-1440000.0], [-641000.0], [-23100000.0], [-287000.0], [-969000.0], [-945000.0], [-174000.0], [-174000.0], [-1870000.0], [-1570000.0], [-221000.0], [-1750000.0], [-330000.0], [-74900.0]]
[False, False, False, False, False, False, False, False, False, False, False, False, False, False, False, False, False, False, False, False, False, False, False]
[Stage 1]Gen 67:  1st stage Reward: 0, Best reward: [40891900.]
Generation 66 耗时: 4.648秒
[-130000.0, -1850000.0, -361000.0, -753000.0, -191000.0, -294000.0, -86700.0, -337000.0, -148000.0, -627000.0, -55000.0, -19600000.0, -174000.0, -87800.0, -551000.0, -158000.0, -138000.0, -1090000.0, -241000.0, -159000.0, -1460000.0, -235000.0, -29700.0]
[[-238000.0], [-2390000.0], [-431000.0], [-859000.0], [-224000.0], [-392000.0], [-163000.0], [-419000.0], [-2230000.0], [-1440000.0], [-641000.0], [-23100000.0], [-287000.0], [-969000.0], [-945000.0], [-174000.0], [-174000.0], [-1870000.0], [-1570000.0], [-221000.0], [-1750000.0], [-330000.0], [-74900.0]]
[False, False, False, False, False, False, False, False, False, False, False, False, False, False, False, False, False, False, False, False, False, False, False]
[Stage 1]Gen 68:  1st stage Reward: 0, Best reward: [40891900.]
Generation 67 耗时: 5.115秒
[-130000.0, -1850000.0, -361000.0, -753000.0, -191000.0, -261000.0, -86700.0, -337000.0, -148000.0, -590000.0, -55000.0, -19600000.0, -174000.0, -87800.0, -551000.0, -158000.0, -138000.0, -1090000.0, -241000.0, -159000.0, -1460000.0, -224000.0, -29700.0]
[[-238000.0], [-2390000.0], [-431000.0], [-859000.0], [-224000.0], [-392000.0], [-163000.0], [-419000.0], [-2230000.0], [-1440000.0], [-641000.0], [-23100000.0], [-287000.0], [-969000.0], [-945000.0], [-174000.0], [-174000.0], [-1870000.0], [-1570000.0], [-221000.0], [-1750000.0], [-330000.0], [-74900.0]]
[False, False, False, False, False, False, False, False, False, False, False, False, False, False, False, False, False, False, False, False, False, False, False]
[Stage 1]Gen 69:  1st stage Reward: 0, Best reward: [40891900.]
Generation 68 耗时: 4.595秒
[-128000.0, -1850000.0, -356000.0, -753000.0, -191000.0, -257000.0, -54100.0, -337000.0, -115000.0, -590000.0, -55000.0, -19600000.0, -174000.0, -87800.0, -551000.0, -157000.0, -138000.0, -1090000.0, -241000.0, -143000.0, -1460000.0, -224000.0, -29300.0]
[[-238000.0], [-2390000.0], [-431000.0], [-859000.0], [-224000.0], [-392000.0], [-163000.0], [-419000.0], [-2230000.0], [-1440000.0], [-641000.0], [-23100000.0], [-287000.0], [-969000.0], [-945000.0], [-174000.0], [-174000.0], [-1870000.0], [-1570000.0], [-221000.0], [-1750000.0], [-330000.0], [-74900.0]]
[False, False, False, False, False, False, False, False, False, False, False, False, False, False, False, False, False, False, False, False, False, False, False]
[Stage 1]Gen 70:  1st stage Reward: 0, Best reward: [40891900.]
Generation 69 耗时: 4.523秒
[-128000.0, -1850000.0, -356000.0, -753000.0, -191000.0, -254000.0, -46100.0, -335000.0, -112000.0, -590000.0, -55000.0, -19100000.0, -174000.0, -84700.0, -525000.0, -157000.0, -138000.0, -1050000.0, -227000.0, -141000.0, -1460000.0, -217000.0, -29300.0]
[[-238000.0], [-2390000.0], [-431000.0], [-859000.0], [-224000.0], [-392000.0], [-163000.0], [-419000.0], [-2230000.0], [-1440000.0], [-641000.0], [-23100000.0], [-287000.0], [-969000.0], [-945000.0], [-174000.0], [-174000.0], [-1870000.0], [-1570000.0], [-221000.0], [-1750000.0], [-330000.0], [-74900.0]]
[False, False, False, False, False, False, False, False, False, False, False, False, False, False, False, False, False, False, False, False, False, False, False]
[Stage 1]Gen 71:  1st stage Reward: 0, Best reward: [40891900.]
Generation 70 耗时: 4.691秒
[-128000.0, -1850000.0, -356000.0, -753000.0, -191000.0, -254000.0, -46100.0, -335000.0, -112000.0, -590000.0, -55000.0, -17600000.0, -174000.0, -84700.0, -525000.0, -157000.0, -138000.0, -1050000.0, -227000.0, -141000.0, -1460000.0, -217000.0, -29300.0]
[[-238000.0], [-2390000.0], [-431000.0], [-859000.0], [-224000.0], [-392000.0], [-163000.0], [-419000.0], [-2230000.0], [-1440000.0], [-641000.0], [-23100000.0], [-287000.0], [-969000.0], [-945000.0], [-174000.0], [-174000.0], [-1870000.0], [-1570000.0], [-221000.0], [-1750000.0], [-330000.0], [-74900.0]]
[False, False, False, False, False, False, False, False, False, False, False, False, False, False, False, False, False, False, False, False, False, False, False]
[Stage 1]Gen 72:  1st stage Reward: 0, Best reward: [40891900.]
Generation 71 耗时: 5.025秒
[-128000.0, -1850000.0, -356000.0, -753000.0, -191000.0, -254000.0, -46100.0, -332000.0, -112000.0, -590000.0, -55000.0, -17600000.0, -174000.0, -84700.0, -525000.0, -157000.0, -138000.0, -1050000.0, -227000.0, -140000.0, -1460000.0, -217000.0, -29300.0]
[[-238000.0], [-2390000.0], [-431000.0], [-859000.0], [-224000.0], [-392000.0], [-163000.0], [-419000.0], [-2230000.0], [-1440000.0], [-641000.0], [-23100000.0], [-287000.0], [-969000.0], [-945000.0], [-174000.0], [-174000.0], [-1870000.0], [-1570000.0], [-221000.0], [-1750000.0], [-330000.0], [-74900.0]]
[False, False, False, False, False, False, False, False, False, False, False, False, False, False, False, False, False, False, False, False, False, False, False]
[Stage 1]Gen 73:  1st stage Reward: 0, Best reward: [40891900.]
Generation 72 耗时: 4.682秒
[-128000.0, -1850000.0, -356000.0, -753000.0, -191000.0, -254000.0, -46100.0, -332000.0, -112000.0, -590000.0, -55000.0, -17300000.0, -174000.0, -84700.0, -525000.0, -157000.0, -138000.0, -1050000.0, -227000.0, -139000.0, -1460000.0, -217000.0, -29300.0]
[[-238000.0], [-2390000.0], [-431000.0], [-859000.0], [-224000.0], [-392000.0], [-163000.0], [-419000.0], [-2230000.0], [-1440000.0], [-641000.0], [-23100000.0], [-287000.0], [-969000.0], [-945000.0], [-174000.0], [-174000.0], [-1870000.0], [-1570000.0], [-221000.0], [-1750000.0], [-330000.0], [-74900.0]]
[False, False, False, False, False, False, False, False, False, False, False, False, False, False, False, False, False, False, False, False, False, False, False]
[Stage 1]Gen 74:  1st stage Reward: 0, Best reward: [40891900.]
Generation 73 耗时: 4.775秒
[-128000.0, -1850000.0, -356000.0, -753000.0, -191000.0, -254000.0, -46100.0, -332000.0, -112000.0, -590000.0, -55000.0, -17300000.0, -174000.0, -84700.0, -525000.0, -157000.0, -138000.0, -1050000.0, -227000.0, -138000.0, -1460000.0, -217000.0, -29300.0]
[[-238000.0], [-2390000.0], [-431000.0], [-859000.0], [-224000.0], [-392000.0], [-163000.0], [-419000.0], [-2230000.0], [-1440000.0], [-641000.0], [-23100000.0], [-287000.0], [-969000.0], [-945000.0], [-174000.0], [-174000.0], [-1870000.0], [-1570000.0], [-221000.0], [-1750000.0], [-330000.0], [-74900.0]]
[False, False, False, False, False, False, False, False, False, False, False, False, False, False, False, False, False, False, False, False, False, False, False]
[Stage 1]Gen 75:  1st stage Reward: 0, Best reward: [40891900.]
Generation 74 耗时: 4.815秒
[-128000.0, -1850000.0, -355000.0, -753000.0, -191000.0, -254000.0, -46100.0, -332000.0, -112000.0, -590000.0, -52000.0, -17300000.0, -174000.0, -84700.0, -525000.0, -157000.0, -138000.0, -1050000.0, -227000.0, -138000.0, -1460000.0, -217000.0, -29300.0]
[[-238000.0], [-2390000.0], [-431000.0], [-859000.0], [-224000.0], [-392000.0], [-163000.0], [-419000.0], [-2230000.0], [-1440000.0], [-641000.0], [-23100000.0], [-287000.0], [-969000.0], [-945000.0], [-174000.0], [-174000.0], [-1870000.0], [-1570000.0], [-221000.0], [-1750000.0], [-330000.0], [-74900.0]]
[False, False, False, False, False, False, False, False, False, False, False, False, False, False, False, False, False, False, False, False, False, False, False]
[Stage 1]Gen 76:  1st stage Reward: 0, Best reward: [40891900.]
Generation 75 耗时: 4.608秒
[-128000.0, -1850000.0, -355000.0, -753000.0, -191000.0, -254000.0, -46100.0, -332000.0, -112000.0, -590000.0, -52000.0, -17300000.0, -174000.0, -84700.0, -525000.0, -157000.0, -138000.0, -1050000.0, -227000.0, -138000.0, -1460000.0, -217000.0, -29300.0]
[[-238000.0], [-2390000.0], [-431000.0], [-859000.0], [-224000.0], [-392000.0], [-163000.0], [-419000.0], [-2230000.0], [-1440000.0], [-641000.0], [-23100000.0], [-287000.0], [-969000.0], [-945000.0], [-174000.0], [-174000.0], [-1870000.0], [-1570000.0], [-221000.0], [-1750000.0], [-330000.0], [-74900.0]]
[False, False, False, False, False, False, False, False, False, False, False, False, False, False, False, False, False, False, False, False, False, False, False]
[Stage 1]Gen 77:  1st stage Reward: 0, Best reward: [40891900.]
Generation 76 耗时: 4.612秒
[-128000.0, -1850000.0, -355000.0, -753000.0, -191000.0, -254000.0, -46100.0, -332000.0, -112000.0, -590000.0, -52000.0, -17300000.0, -174000.0, -84700.0, -525000.0, -157000.0, -138000.0, -1050000.0, -227000.0, -138000.0, -1460000.0, -217000.0, -29300.0]
[[-238000.0], [-2390000.0], [-431000.0], [-859000.0], [-224000.0], [-392000.0], [-163000.0], [-419000.0], [-2230000.0], [-1440000.0], [-641000.0], [-23100000.0], [-287000.0], [-969000.0], [-945000.0], [-174000.0], [-174000.0], [-1870000.0], [-1570000.0], [-221000.0], [-1750000.0], [-330000.0], [-74900.0]]
[False, False, False, False, False, False, False, False, False, False, False, False, False, False, False, False, False, False, False, False, False, False, False]
[Stage 1]Gen 78:  1st stage Reward: 0, Best reward: [40891900.]
Generation 77 耗时: 4.724秒
[-128000.0, -1850000.0, -355000.0, -753000.0, -191000.0, -254000.0, -46100.0, -332000.0, -112000.0, -590000.0, -52000.0, -17300000.0, -174000.0, -84700.0, -525000.0, -157000.0, -138000.0, -1050000.0, -227000.0, -138000.0, -1460000.0, -217000.0, -29300.0]
[[-238000.0], [-2390000.0], [-431000.0], [-859000.0], [-224000.0], [-392000.0], [-163000.0], [-419000.0], [-2230000.0], [-1440000.0], [-641000.0], [-23100000.0], [-287000.0], [-969000.0], [-945000.0], [-174000.0], [-174000.0], [-1870000.0], [-1570000.0], [-221000.0], [-1750000.0], [-330000.0], [-74900.0]]
[False, False, False, False, False, False, False, False, False, False, False, False, False, False, False, False, False, False, False, False, False, False, False]
[Stage 1]Gen 79:  1st stage Reward: 0, Best reward: [40891900.]
Generation 78 耗时: 4.780秒
[-128000.0, -1850000.0, -355000.0, -753000.0, -191000.0, -254000.0, -46100.0, -332000.0, -112000.0, -590000.0, -52000.0, -17300000.0, -174000.0, -84700.0, -525000.0, -157000.0, -138000.0, -1050000.0, -227000.0, -138000.0, -947000.0, -217000.0, -29300.0]
[[-238000.0], [-2390000.0], [-431000.0], [-859000.0], [-224000.0], [-392000.0], [-163000.0], [-419000.0], [-2230000.0], [-1440000.0], [-641000.0], [-23100000.0], [-287000.0], [-969000.0], [-945000.0], [-174000.0], [-174000.0], [-1870000.0], [-1570000.0], [-221000.0], [-1750000.0], [-330000.0], [-74900.0]]
[False, False, False, False, False, False, False, False, False, False, False, False, False, False, False, False, False, False, False, False, False, False, False]
[Stage 1]Gen 80:  1st stage Reward: 0, Best reward: [40891900.]
Generation 79 耗时: 4.635秒
[-128000.0, -1850000.0, -355000.0, -753000.0, -191000.0, -254000.0, -46100.0, -332000.0, -112000.0, -590000.0, -52000.0, -17200000.0, -174000.0, -84700.0, -525000.0, -157000.0, -138000.0, -1050000.0, -227000.0, -138000.0, -904000.0, -217000.0, -29300.0]
[[-238000.0], [-2390000.0], [-431000.0], [-859000.0], [-224000.0], [-392000.0], [-163000.0], [-419000.0], [-2230000.0], [-1440000.0], [-641000.0], [-23100000.0], [-287000.0], [-969000.0], [-945000.0], [-174000.0], [-174000.0], [-1870000.0], [-1570000.0], [-221000.0], [-1750000.0], [-330000.0], [-74900.0]]
[False, False, False, False, False, False, False, False, False, False, False, False, False, False, False, False, False, False, False, False, False, False, False]
[Stage 1]Gen 81:  1st stage Reward: 0, Best reward: [40891900.]
Generation 80 耗时: 4.636秒
[-128000.0, -1850000.0, -355000.0, -753000.0, -191000.0, -254000.0, -46100.0, -332000.0, -112000.0, -590000.0, -52000.0, -17200000.0, -174000.0, -84700.0, -525000.0, -157000.0, -138000.0, -1050000.0, -227000.0, -138000.0, -904000.0, -217000.0, -29300.0]
[[-238000.0], [-2390000.0], [-431000.0], [-859000.0], [-224000.0], [-392000.0], [-163000.0], [-419000.0], [-2230000.0], [-1440000.0], [-641000.0], [-23100000.0], [-287000.0], [-969000.0], [-945000.0], [-174000.0], [-174000.0], [-1870000.0], [-1570000.0], [-221000.0], [-1750000.0], [-330000.0], [-74900.0]]
[False, False, False, False, False, False, False, False, False, False, False, False, False, False, False, False, False, False, False, False, False, False, False]
[Stage 1]Gen 82:  1st stage Reward: 0, Best reward: [40891900.]
Generation 81 耗时: 4.524秒
[-128000.0, -1850000.0, -355000.0, -753000.0, -191000.0, -254000.0, -46100.0, -332000.0, -111000.0, -590000.0, -52000.0, -17200000.0, -174000.0, -84700.0, -525000.0, -157000.0, -138000.0, -1050000.0, -227000.0, -138000.0, -904000.0, -217000.0, -29300.0]
[[-238000.0], [-2390000.0], [-431000.0], [-859000.0], [-224000.0], [-392000.0], [-163000.0], [-419000.0], [-2230000.0], [-1440000.0], [-641000.0], [-23100000.0], [-287000.0], [-969000.0], [-945000.0], [-174000.0], [-174000.0], [-1870000.0], [-1570000.0], [-221000.0], [-1750000.0], [-330000.0], [-74900.0]]
[False, False, False, False, False, False, False, False, False, False, False, False, False, False, False, False, False, False, False, False, False, False, False]
[Stage 1]Gen 83:  1st stage Reward: 0, Best reward: [40891900.]
Generation 82 耗时: 4.634秒
[-128000.0, -1850000.0, -355000.0, -753000.0, -191000.0, -254000.0, -46100.0, -332000.0, -111000.0, -387000.0, -52000.0, -17200000.0, -174000.0, -84700.0, -525000.0, -157000.0, -138000.0, -1050000.0, -227000.0, -138000.0, -904000.0, -217000.0, -29300.0]
[[-238000.0], [-2390000.0], [-431000.0], [-859000.0], [-224000.0], [-392000.0], [-163000.0], [-419000.0], [-2230000.0], [-1440000.0], [-641000.0], [-23100000.0], [-287000.0], [-969000.0], [-945000.0], [-174000.0], [-174000.0], [-1870000.0], [-1570000.0], [-221000.0], [-1750000.0], [-330000.0], [-74900.0]]
[False, False, False, False, False, False, False, False, False, False, False, False, False, False, False, False, False, False, False, False, False, False, False]
[Stage 1]Gen 84:  1st stage Reward: 0, Best reward: [40891900.]
Generation 83 耗时: 4.973秒
[-128000.0, -1850000.0, -355000.0, -753000.0, -191000.0, -254000.0, -46100.0, -332000.0, -111000.0, -366000.0, -52000.0, -17200000.0, -174000.0, -84700.0, -525000.0, -82400.0, -138000.0, -1050000.0, -227000.0, -138000.0, -873000.0, -217000.0, -29300.0]
[[-238000.0], [-2390000.0], [-431000.0], [-859000.0], [-224000.0], [-392000.0], [-163000.0], [-419000.0], [-2230000.0], [-1440000.0], [-641000.0], [-23100000.0], [-287000.0], [-969000.0], [-945000.0], [-174000.0], [-174000.0], [-1870000.0], [-1570000.0], [-221000.0], [-1750000.0], [-330000.0], [-74900.0]]
[False, False, False, False, False, False, False, False, False, False, False, False, False, False, False, False, False, False, False, False, False, False, False]
[Stage 1]Gen 85:  1st stage Reward: 0, Best reward: [40891900.]
Generation 84 耗时: 4.583秒
[-128000.0, -1850000.0, -355000.0, -753000.0, -191000.0, -254000.0, -46100.0, -332000.0, -111000.0, -366000.0, -52000.0, -17200000.0, -174000.0, -84700.0, -525000.0, -82400.0, -138000.0, -1050000.0, -227000.0, -138000.0, -873000.0, -217000.0, -29300.0]
[[-147000.0], [-7620000.0], [-371000.0], [-771000.0], [-200000.0], [-272000.0], [-48200.0], [-621000.0], [-115000.0], [-375000.0], [-69200.0], [-18600000.0], [-282000.0], [-282000.0], [-913000.0], [-84200.0], [-159000.0], [-2780000.0], [-661000.0], [-144000.0], [-900000.0], [-233000.0], [-37200.0]]
[False, False, False, False, False, False, False, False, False, False, False, False, False, False, False, False, False, False, False, False, False, False, False]
[Stage 1]Gen 86:  1st stage Reward: 0, Best reward: [35684800.]
Generation 85 耗时: 4.772秒
[-128000.0, -1850000.0, -355000.0, -753000.0, -191000.0, -254000.0, -46100.0, -332000.0, -111000.0, -366000.0, -52000.0, -17200000.0, -174000.0, -84700.0, -525000.0, -82400.0, -82500.0, -1050000.0, -227000.0, -138000.0, -825000.0, -217000.0, -29300.0]
[[-147000.0], [-7620000.0], [-371000.0], [-771000.0], [-200000.0], [-272000.0], [-48200.0], [-621000.0], [-115000.0], [-375000.0], [-69200.0], [-18600000.0], [-282000.0], [-282000.0], [-913000.0], [-84200.0], [-159000.0], [-2780000.0], [-661000.0], [-144000.0], [-900000.0], [-233000.0], [-37200.0]]
[False, False, False, False, False, False, False, False, False, False, False, True, False, False, False, False, False, False, False, False, False, False, False]
[Stage 1]Gen 87:  1st stage Reward: 0, Best reward: [35684800.]
Generation 86 耗时: 4.549秒
[-128000.0, -1850000.0, -355000.0, -753000.0, -191000.0, -254000.0, -46100.0, -332000.0, -111000.0, -366000.0, -52000.0, -17200000.0, -174000.0, -84700.0, -525000.0, -82400.0, -82500.0, -1050000.0, -227000.0, -138000.0, -825000.0, -217000.0, -29300.0]
[[-147000.0], [-7620000.0], [-371000.0], [-771000.0], [-200000.0], [-272000.0], [-48200.0], [-621000.0], [-115000.0], [-375000.0], [-69200.0], [-18600000.0], [-282000.0], [-282000.0], [-913000.0], [-84200.0], [-159000.0], [-2780000.0], [-661000.0], [-144000.0], [-900000.0], [-233000.0], [-37200.0]]
[False, False, False, False, False, False, False, False, False, False, False, True, False, False, False, False, False, False, False, False, False, False, False]
[Stage 1]Gen 88:  1st stage Reward: 0, Best reward: [35684800.]
Generation 87 耗时: 4.851秒
[-128000.0, -1850000.0, -355000.0, -753000.0, -191000.0, -254000.0, -46100.0, -332000.0, -111000.0, -366000.0, -52000.0, -17200000.0, -174000.0, -84700.0, -525000.0, -82400.0, -82500.0, -1050000.0, -227000.0, -138000.0, -825000.0, -217000.0, -29300.0]
[[-147000.0], [-7620000.0], [-371000.0], [-771000.0], [-200000.0], [-272000.0], [-48200.0], [-621000.0], [-115000.0], [-375000.0], [-69200.0], [-18600000.0], [-282000.0], [-282000.0], [-913000.0], [-84200.0], [-159000.0], [-2780000.0], [-661000.0], [-144000.0], [-900000.0], [-233000.0], [-37200.0]]
[False, False, False, False, False, False, False, False, False, False, False, True, False, False, False, False, False, False, False, False, False, False, False]
[Stage 1]Gen 89:  1st stage Reward: 0, Best reward: [35684800.]
Generation 88 耗时: 4.817秒
[-128000.0, -1850000.0, -355000.0, -753000.0, -191000.0, -254000.0, -46100.0, -332000.0, -111000.0, -366000.0, -52000.0, -17200000.0, -174000.0, -84700.0, -525000.0, -82400.0, -82500.0, -1050000.0, -227000.0, -138000.0, -825000.0, -217000.0, -29300.0]
[[-147000.0], [-7620000.0], [-371000.0], [-771000.0], [-200000.0], [-272000.0], [-48200.0], [-621000.0], [-115000.0], [-375000.0], [-69200.0], [-18600000.0], [-282000.0], [-282000.0], [-913000.0], [-84200.0], [-159000.0], [-2780000.0], [-661000.0], [-144000.0], [-900000.0], [-233000.0], [-37200.0]]
[False, False, False, False, False, False, False, False, False, False, False, True, False, False, False, False, False, False, False, False, False, False, False]
[Stage 1]Gen 90:  1st stage Reward: 0, Best reward: [35684800.]
Generation 89 耗时: 4.673秒
[-128000.0, -1850000.0, -355000.0, -753000.0, -191000.0, -254000.0, -46100.0, -332000.0, -111000.0, -366000.0, -52000.0, -17200000.0, -174000.0, -84700.0, -525000.0, -82400.0, -82500.0, -1050000.0, -227000.0, -138000.0, -825000.0, -217000.0, -29300.0]
[[-147000.0], [-7620000.0], [-371000.0], [-771000.0], [-200000.0], [-272000.0], [-48200.0], [-621000.0], [-115000.0], [-375000.0], [-69200.0], [-18600000.0], [-282000.0], [-282000.0], [-913000.0], [-84200.0], [-159000.0], [-2780000.0], [-661000.0], [-144000.0], [-900000.0], [-233000.0], [-37200.0]]
[False, False, False, False, False, False, False, False, False, False, False, True, False, False, False, False, False, False, False, False, False, False, False]
[Stage 1]Gen 91:  1st stage Reward: 0, Best reward: [35684800.]
Generation 90 耗时: 4.544秒
[-128000.0, -1850000.0, -355000.0, -753000.0, -191000.0, -254000.0, -46100.0, -332000.0, -111000.0, -366000.0, -52000.0, -17200000.0, -174000.0, -84700.0, -525000.0, -82400.0, -82500.0, -1050000.0, -227000.0, -138000.0, -825000.0, -217000.0, -29300.0]
[[-147000.0], [-7620000.0], [-371000.0], [-771000.0], [-200000.0], [-272000.0], [-48200.0], [-621000.0], [-115000.0], [-375000.0], [-69200.0], [-18600000.0], [-282000.0], [-282000.0], [-913000.0], [-84200.0], [-159000.0], [-2780000.0], [-661000.0], [-144000.0], [-900000.0], [-233000.0], [-37200.0]]
[False, False, False, False, False, False, False, False, False, False, False, True, False, False, False, False, False, False, False, False, False, False, False]
[Stage 1]Gen 92:  1st stage Reward: 0, Best reward: [35684800.]
Generation 91 耗时: 4.583秒
[-128000.0, -1850000.0, -355000.0, -753000.0, -191000.0, -254000.0, -46100.0, -332000.0, -111000.0, -365000.0, -52000.0, -17100000.0, -174000.0, -84700.0, -525000.0, -80000.0, -80000.0, -1050000.0, -227000.0, -138000.0, -825000.0, -217000.0, -29300.0]
[[-147000.0], [-7620000.0], [-371000.0], [-771000.0], [-200000.0], [-272000.0], [-48200.0], [-621000.0], [-115000.0], [-375000.0], [-69200.0], [-18600000.0], [-282000.0], [-282000.0], [-913000.0], [-84200.0], [-159000.0], [-2780000.0], [-661000.0], [-144000.0], [-900000.0], [-233000.0], [-37200.0]]
[False, False, False, False, False, False, False, False, False, False, False, True, False, False, False, False, False, False, False, False, False, False, False]
[Stage 1]Gen 93:  1st stage Reward: 0, Best reward: [35684800.]
Generation 92 耗时: 4.692秒
[-128000.0, -1850000.0, -355000.0, -753000.0, -191000.0, -254000.0, -46100.0, -332000.0, -111000.0, -364000.0, -52000.0, -17100000.0, -174000.0, -84700.0, -525000.0, -80000.0, -80000.0, -1050000.0, -227000.0, -138000.0, -825000.0, -217000.0, -29300.0]
[[-147000.0], [-7620000.0], [-371000.0], [-771000.0], [-200000.0], [-272000.0], [-48200.0], [-621000.0], [-115000.0], [-375000.0], [-69200.0], [-18600000.0], [-282000.0], [-282000.0], [-913000.0], [-84200.0], [-159000.0], [-2780000.0], [-661000.0], [-144000.0], [-900000.0], [-233000.0], [-37200.0]]
[False, False, False, False, False, False, False, False, False, False, False, True, False, False, False, False, False, False, False, False, False, False, False]
[Stage 1]Gen 94:  1st stage Reward: 0, Best reward: [35684800.]
Generation 93 耗时: 4.714秒
[-128000.0, -1850000.0, -355000.0, -753000.0, -191000.0, -254000.0, -46100.0, -332000.0, -111000.0, -364000.0, -52000.0, -17100000.0, -174000.0, -84700.0, -525000.0, -80000.0, -80000.0, -1050000.0, -227000.0, -138000.0, -825000.0, -217000.0, -29300.0]
[[-147000.0], [-7620000.0], [-371000.0], [-771000.0], [-200000.0], [-272000.0], [-48200.0], [-621000.0], [-115000.0], [-375000.0], [-69200.0], [-18600000.0], [-282000.0], [-282000.0], [-913000.0], [-84200.0], [-159000.0], [-2780000.0], [-661000.0], [-144000.0], [-900000.0], [-233000.0], [-37200.0]]
[False, False, False, False, False, False, False, False, False, False, False, True, False, False, False, False, False, False, False, False, False, False, False]
[Stage 1]Gen 95:  1st stage Reward: 0, Best reward: [35684800.]
Generation 94 耗时: 4.551秒
[-127000.0, -1850000.0, -355000.0, -753000.0, -191000.0, -254000.0, -46100.0, -332000.0, -111000.0, -364000.0, -51900.0, -17100000.0, -174000.0, -84700.0, -525000.0, -80000.0, -80000.0, -1050000.0, -227000.0, -138000.0, -822000.0, -217000.0, -29000.0]
[[-147000.0], [-7620000.0], [-371000.0], [-771000.0], [-200000.0], [-272000.0], [-48200.0], [-621000.0], [-115000.0], [-375000.0], [-69200.0], [-18600000.0], [-282000.0], [-282000.0], [-913000.0], [-84200.0], [-159000.0], [-2780000.0], [-661000.0], [-144000.0], [-900000.0], [-233000.0], [-37200.0]]
[False, False, False, False, False, False, False, False, False, False, False, True, False, False, False, False, False, False, False, False, False, False, False]
[Stage 1]Gen 96:  1st stage Reward: 0, Best reward: [35684800.]
Generation 95 耗时: 4.617秒
[-127000.0, -1850000.0, -355000.0, -753000.0, -191000.0, -254000.0, -46100.0, -332000.0, -111000.0, -364000.0, -51900.0, -17100000.0, -174000.0, -84700.0, -525000.0, -80000.0, -80000.0, -1050000.0, -227000.0, -138000.0, -822000.0, -217000.0, -29000.0]
[[-147000.0], [-7620000.0], [-371000.0], [-771000.0], [-200000.0], [-272000.0], [-48200.0], [-621000.0], [-115000.0], [-375000.0], [-69200.0], [-18600000.0], [-282000.0], [-282000.0], [-913000.0], [-84200.0], [-159000.0], [-2780000.0], [-661000.0], [-144000.0], [-900000.0], [-233000.0], [-37200.0]]
[False, False, False, False, False, False, False, False, False, False, False, True, False, False, False, False, False, False, False, False, False, False, False]
[Stage 1]Gen 97:  1st stage Reward: 0, Best reward: [35684800.]
Generation 96 耗时: 4.822秒
[-127000.0, -1850000.0, -355000.0, -753000.0, -191000.0, -254000.0, -46100.0, -332000.0, -111000.0, -364000.0, -51900.0, -17100000.0, -174000.0, -84700.0, -525000.0, -80000.0, -80000.0, -1050000.0, -227000.0, -138000.0, -822000.0, -217000.0, -29000.0]
[[-147000.0], [-7620000.0], [-371000.0], [-771000.0], [-200000.0], [-272000.0], [-48200.0], [-621000.0], [-115000.0], [-375000.0], [-69200.0], [-18600000.0], [-282000.0], [-282000.0], [-913000.0], [-84200.0], [-159000.0], [-2780000.0], [-661000.0], [-144000.0], [-900000.0], [-233000.0], [-37200.0]]
[False, False, False, False, False, False, False, False, False, False, False, True, False, False, False, False, False, False, False, False, False, False, False]
[Stage 1]Gen 98:  1st stage Reward: 0, Best reward: [35684800.]
Generation 97 耗时: 4.604秒
[-127000.0, -1850000.0, -355000.0, -753000.0, -191000.0, -254000.0, -46100.0, -332000.0, -111000.0, -364000.0, -51900.0, -17100000.0, -174000.0, -84700.0, -525000.0, -80000.0, -80000.0, -1050000.0, -227000.0, -138000.0, -822000.0, -217000.0, -29000.0]
[[-147000.0], [-7620000.0], [-371000.0], [-771000.0], [-200000.0], [-272000.0], [-48200.0], [-621000.0], [-115000.0], [-375000.0], [-69200.0], [-18600000.0], [-282000.0], [-282000.0], [-913000.0], [-84200.0], [-159000.0], [-2780000.0], [-661000.0], [-144000.0], [-900000.0], [-233000.0], [-37200.0]]
[False, False, False, False, False, False, False, False, False, False, False, True, False, False, False, False, False, False, False, False, False, False, False]
[Stage 1]Gen 99:  1st stage Reward: 0, Best reward: [35684800.]
Generation 98 耗时: 4.693秒
[-127000.0, -1850000.0, -355000.0, -740000.0, -191000.0, -254000.0, -46100.0, -332000.0, -110000.0, -356000.0, -51100.0, -17000000.0, -174000.0, -84700.0, -525000.0, -80000.0, -80000.0, -1050000.0, -227000.0, -129000.0, -821000.0, -216000.0, -29000.0]
[[-147000.0], [-7620000.0], [-371000.0], [-771000.0], [-200000.0], [-272000.0], [-48200.0], [-621000.0], [-115000.0], [-375000.0], [-69200.0], [-18600000.0], [-282000.0], [-282000.0], [-913000.0], [-84200.0], [-159000.0], [-2780000.0], [-661000.0], [-144000.0], [-900000.0], [-233000.0], [-37200.0]]
[False, False, False, False, False, False, False, False, False, False, False, True, False, False, False, False, False, False, False, False, False, False, False]
[Stage 1]Gen 100:  1st stage Reward: 0, Best reward: [35684800.]
Generation 99 耗时: 4.922秒
耗时:  447.3996992111206
{'arch': {'arithmetic': {'instances': 1024, 'word-bits': 8}, 'storage': [{'name': 'Registers', 'entries': 1, 'instances': 1024, 'word-bits': 8, 'cluster-size': 1, 'num-ports': 2, 'num-banks': 8}, {'name': 'AccumulationBuffer', 'entries': 3072, 'instances': 16, 'word-bits': 24, 'cluster-size': 1, 'network-word-bits': 16, 'num-ports': 2, 'num-banks': 2}, {'name': 'WeightBuffer', 'entries': 32768, 'instances': 16, 'word-bits': 8, 'block-size': 4, 'num-ports': 1, 'num-banks': 8}, {'name': 'InputBuffer', 'entries': 8192, 'instances': 16, 'word-bits': 8, 'block-size': 4, 'num-ports': 2, 'num-banks': 1}, {'name': 'GlobalBuffer', 'entries': 65536, 'instances': 1, 'word-bits': 8, 'block-size': 8, 'num-ports': 2, 'num-banks': 256}, {'name': 'DRAM', 'technology': 'DRAM', 'instances': 1, 'word-bits': 8, 'block-size': 64, 'bandwidth': 1}]}}
['DRAM', 'GlobalBuffer', 'InputBuffer', 'WeightBuffer', 'AccumulationBuffer', 'Registers'] [1, 1, 16, 16, 16, 1024, 1024] [inf, 65536, 8192, 32768, 3072, 1]
[1, 16, 1, 1, 64, 1]
20
[-1380.0, -120000.0, -6200.0, -59600.0, -290.0, -209.0, -675.0, -566.0, -24500.0, -27.8, -161.0, -195.0, -176.0, -1680.0, -5.86, -11400.0, -1.61, -124.0, -111.0, -854.0, -4.32, -92.4, -1.07, -85.8, -112.0, -696.0, -1.99]
[[-183000.0], [-161000.0], [-87800.0], [-1540000.0], [-12500.0], [-440.0], [-31900.0], [-3840.0], [-273000.0], [-27.8], [-165.0], [-8430.0], [-5930.0], [-44600.0], [-4000.0], [-103000.0], [-18.0], [-575.0], [-111.0], [-19900.0], [-71.2], [-103.0], [-1.35], [-92.0], [-1210.0], [-1410.0], [-2.27]]
[False, False, False, False, False, False, False, False, False, False, False, False, False, False, False, False, False, False, False, False, False, False, False, False, False, False, False]
[Stage 1]Gen 1:  1st stage Reward: 0, Best reward: [2483126.62]
Generation 0 耗时: 4.691秒
[-1380.0, -12600.0, -6200.0, -54500.0, -259.0, -207.0, -610.0, -566.0, -13300.0, -21.6, -161.0, -195.0, -176.0, -1450.0, -5.86, -10500.0, -1.61, -124.0, -111.0, -847.0, -3.2, -89.8, -1.07, -85.8, -101.0, -692.0, -1.93]
[[-1780.0], [-149000.0], [-7260.0], [-82300.0], [-1180.0], [-218.0], [-817.0], [-641.0], [-29900.0], [-29.8], [-184.0], [-909.0], [-5570.0], [-1460.0], [-6.1], [-13200.0], [-1.63], [-129.0], [-120.0], [-11000.0], [-5.17], [-94.0], [-1.37], [-104.0], [-116.0], [-708.0], [-2.11]]
[False, False, False, False, False, False, False, False, False, False, False, False, False, False, False, False, False, False, False, False, False, False, False, False, False, False, False]
[Stage 1]Gen 2:  1st stage Reward: 0, Best reward: [306736.18]
Generation 1 耗时: 4.720秒
[-1030.0, -9320.0, -5060.0, -32600.0, -152.0, -188.0, -439.0, -548.0, -7600.0, -18.2, -161.0, -187.0, -176.0, -1270.0, -5.4, -8920.0, -1.45, -124.0, -111.0, -770.0, -3.0, -86.6, -1.07, -85.6, -85.0, -692.0, -1.88]
[[-1760.0], [-13600.0], [-7130.0], [-50300.0], [-10400.0], [-217.0], [-871.0], [-2690.0], [-7600.0], [-28.3], [-217.0], [-218.0], [-466.0], [-43500.0], [-6.05], [-10200.0], [-1.63], [-129.0], [-120.0], [-843.0], [-3.18], [-89.7], [-4.49], [-93.7], [-205.0], [-708.0], [-1.95]]
[False, False, False, False, False, False, False, False, False, False, False, False, False, False, False, False, False, False, False, False, False, False, False, False, False, False, False]
[Stage 1]Gen 3:  1st stage Reward: 0, Best reward: [151403.]
Generation 2 耗时: 4.835秒
[-848.0, -7010.0, -4860.0, -27100.0, -120.0, -185.0, -434.0, -522.0, -7210.0, -18.2, -144.0, -187.0, -176.0, -1200.0, -5.4, -7230.0, -1.45, -124.0, -111.0, -719.0, -2.78, -86.6, -1.07, -85.6, -83.8, -685.0, -1.88]
[[-910.0], [-11300.0], [-5290.0], [-27700.0], [-144.0], [-211.0], [-445.0], [-1550.0], [-8460.0], [-81.6], [-197.0], [-193.0], [-203.0], [-3600.0], [-5.67], [-8840.0], [-19.0], [-1380.0], [-1670.0], [-737.0], [-3.1], [-116.0], [-1.15], [-345.0], [-86.0], [-1630.0], [-7.17]]
[False, False, False, False, False, False, False, False, False, False, False, False, False, False, False, False, False, False, False, False, False, False, False, False, False, False, False]
[Stage 1]Gen 4:  1st stage Reward: 0, Best reward: [75124.69]
Generation 3 耗时: 4.695秒
[-806.0, -3640.0, -4600.0, -24500.0, -110.0, -181.0, -416.0, -519.0, -7090.0, -16.5, -124.0, -164.0, -176.0, -1170.0, -5.1, -6340.0, -1.44, -124.0, -111.0, -716.0, -2.55, -84.2, -1.07, -82.4, -81.0, -685.0, -1.83]
[[-858.0], [-6590.0], [-4940.0], [-24500.0], [-113.0], [-340.0], [-439.0], [-1080.0], [-24600.0], [-18.8], [-146.0], [-182.0], [-185.0], [-1240.0], [-5.21], [-6860.0], [-4.16], [-127.0], [-164.0], [-734.0], [-2.61], [-248.0], [-1.13], [-92.8], [-84.4], [-748.0], [-1.92]]
[False, False, False, False, False, False, False, False, False, False, False, False, False, False, False, False, False, False, False, False, False, False, False, False, False, False, False]
[Stage 1]Gen 5:  1st stage Reward: 0, Best reward: [74305.03]
Generation 4 耗时: 4.660秒
[-806.0, -3250.0, -4600.0, -24500.0, -110.0, -181.0, -416.0, -447.0, -5540.0, -15.9, -123.0, -141.0, -161.0, -1170.0, -5.1, -6340.0, -1.44, -119.0, -111.0, -716.0, -2.55, -83.7, -1.07, -82.4, -81.0, -679.0, -1.83]
[[-1150.0], [-3260.0], [-6970.0], [-28400.0], [-112.0], [-208.0], [-574.0], [-614.0], [-7170.0], [-20.6], [-123.0], [-142.0], [-181.0], [-3220.0], [-38.9], [-6940.0], [-1.45], [-119.0], [-178.0], [-744.0], [-3.42], [-92.3], [-1.09], [-179.0], [-82.3], [-2770.0], [-1.87]]
[False, False, False, False, False, False, False, False, False, False, False, False, False, False, False, False, False, False, False, False, False, False, False, False, False, False, False]
[Stage 1]Gen 6:  1st stage Reward: 0, Best reward: [63295.93]
Generation 5 耗时: 4.729秒
[-806.0, -3180.0, -4600.0, -23400.0, -110.0, -181.0, -414.0, -380.0, -3590.0, -15.2, -123.0, -141.0, -158.0, -1170.0, -5.06, -6340.0, -1.44, -119.0, -111.0, -716.0, -2.55, -83.7, -1.07, -81.7, -81.0, -648.0, -1.83]
[[-1150.0], [-3260.0], [-6970.0], [-28400.0], [-112.0], [-208.0], [-574.0], [-614.0], [-7170.0], [-20.6], [-123.0], [-142.0], [-181.0], [-3220.0], [-38.9], [-6940.0], [-1.45], [-119.0], [-178.0], [-744.0], [-3.42], [-92.3], [-1.09], [-179.0], [-82.3], [-2770.0], [-1.87]]
[False, False, False, False, False, False, False, False, False, False, False, False, False, False, False, False, False, False, False, False, False, False, False, False, False, False, False]
[Stage 1]Gen 7:  1st stage Reward: 0, Best reward: [63295.93]
Generation 6 耗时: 4.806秒
[-806.0, -3180.0, -4600.0, -23400.0, -110.0, -173.0, -414.0, -379.0, -3590.0, -15.2, -123.0, -138.0, -158.0, -1170.0, -4.79, -6340.0, -1.42, -104.0, -108.0, -716.0, -2.55, -83.7, -1.07, -81.7, -81.0, -643.0, -1.83]
[[-1660.0], [-6430.0], [-5250.0], [-26700.0], [-2310.0], [-173.0], [-446.0], [-1730.0], [-4170.0], [-52.0], [-1070.0], [-411.0], [-175.0], [-1210.0], [-8.95], [-7330.0], [-1.52], [-126.0], [-120.0], [-724.0], [-5.68], [-85.0], [-96.9], [-82.4], [-99.2], [-1060.0], [-1.9]]
[False, False, False, False, False, False, False, False, False, False, False, False, False, False, False, False, False, False, False, False, False, False, False, False, False, False, False]
[Stage 1]Gen 8:  1st stage Reward: 0, Best reward: [61528.55]
Generation 7 耗时: 4.684秒
[-806.0, -2660.0, -4600.0, -23400.0, -110.0, -172.0, -414.0, -379.0, -3390.0, -15.2, -122.0, -138.0, -158.0, -1170.0, -4.19, -6320.0, -1.42, -101.0, -104.0, -716.0, -2.47, -83.7, -1.04, -81.1, -81.0, -643.0, -1.8]
[[-1660.0], [-6430.0], [-5250.0], [-26700.0], [-2310.0], [-173.0], [-446.0], [-1730.0], [-4170.0], [-52.0], [-1070.0], [-411.0], [-175.0], [-1210.0], [-8.95], [-7330.0], [-1.52], [-126.0], [-120.0], [-724.0], [-5.68], [-85.0], [-96.9], [-82.4], [-99.2], [-1060.0], [-1.9]]
[False, False, False, False, False, False, False, False, False, False, False, False, False, False, False, False, False, False, False, False, False, False, False, False, False, False, False]
[Stage 1]Gen 9:  1st stage Reward: 0, Best reward: [61528.55]
Generation 8 耗时: 4.725秒
[-806.0, -2470.0, -4600.0, -23400.0, -110.0, -172.0, -414.0, -379.0, -3390.0, -15.2, -122.0, -138.0, -158.0, -1160.0, -3.86, -6320.0, -1.42, -101.0, -102.0, -716.0, -2.47, -83.7, -1.04, -81.1, -81.0, -643.0, -1.8]
[[-1660.0], [-6430.0], [-5250.0], [-26700.0], [-2310.0], [-173.0], [-446.0], [-1730.0], [-4170.0], [-52.0], [-1070.0], [-411.0], [-175.0], [-1210.0], [-8.95], [-7330.0], [-1.52], [-126.0], [-120.0], [-724.0], [-5.68], [-85.0], [-96.9], [-82.4], [-99.2], [-1060.0], [-1.9]]
[False, False, False, False, False, False, False, False, False, False, False, False, False, False, False, False, False, False, False, False, False, False, False, False, False, False, False]
[Stage 1]Gen 10:  1st stage Reward: 0, Best reward: [61528.55]
Generation 9 耗时: 4.711秒
[-806.0, -2450.0, -4600.0, -23400.0, -110.0, -172.0, -414.0, -379.0, -3390.0, -15.2, -122.0, -138.0, -158.0, -1120.0, -3.59, -6320.0, -1.42, -101.0, -102.0, -716.0, -2.47, -83.7, -1.04, -81.1, -81.0, -643.0, -1.8]
[[-1660.0], [-6430.0], [-5250.0], [-26700.0], [-2310.0], [-173.0], [-446.0], [-1730.0], [-4170.0], [-52.0], [-1070.0], [-411.0], [-175.0], [-1210.0], [-8.95], [-7330.0], [-1.52], [-126.0], [-120.0], [-724.0], [-5.68], [-85.0], [-96.9], [-82.4], [-99.2], [-1060.0], [-1.9]]
[False, False, False, False, False, False, False, False, False, False, False, False, False, False, False, False, False, False, False, False, False, False, False, False, False, False, False]
[Stage 1]Gen 11:  1st stage Reward: 0, Best reward: [61528.55]
Generation 10 耗时: 5.001秒
[-806.0, -2450.0, -4600.0, -23400.0, -110.0, -171.0, -414.0, -379.0, -3390.0, -15.2, -122.0, -138.0, -158.0, -1120.0, -3.56, -6320.0, -1.42, -101.0, -102.0, -716.0, -2.47, -83.7, -1.04, -81.1, -81.0, -643.0, -1.8]
[[-1660.0], [-6430.0], [-5250.0], [-26700.0], [-2310.0], [-173.0], [-446.0], [-1730.0], [-4170.0], [-52.0], [-1070.0], [-411.0], [-175.0], [-1210.0], [-8.95], [-7330.0], [-1.52], [-126.0], [-120.0], [-724.0], [-5.68], [-85.0], [-96.9], [-82.4], [-99.2], [-1060.0], [-1.9]]
[False, False, False, False, False, False, False, False, False, False, False, False, False, False, False, False, False, False, False, False, False, False, False, False, False, False, False]
[Stage 1]Gen 12:  1st stage Reward: 0, Best reward: [61528.55]
Generation 11 耗时: 4.918秒
[-806.0, -2450.0, -4600.0, -23400.0, -110.0, -171.0, -414.0, -379.0, -3390.0, -15.2, -122.0, -138.0, -158.0, -1120.0, -3.55, -6320.0, -1.42, -101.0, -102.0, -716.0, -2.47, -83.7, -1.04, -81.1, -81.0, -643.0, -1.78]
[[-1660.0], [-6430.0], [-5250.0], [-26700.0], [-2310.0], [-173.0], [-446.0], [-1730.0], [-4170.0], [-52.0], [-1070.0], [-411.0], [-175.0], [-1210.0], [-8.95], [-7330.0], [-1.52], [-126.0], [-120.0], [-724.0], [-5.68], [-85.0], [-96.9], [-82.4], [-99.2], [-1060.0], [-1.9]]
[False, False, False, False, False, False, False, False, False, False, False, False, False, False, False, False, False, False, False, False, False, False, False, False, False, False, False]
[Stage 1]Gen 13:  1st stage Reward: 0, Best reward: [61528.55]
Generation 12 耗时: 4.819秒
[-806.0, -2450.0, -4600.0, -23400.0, -110.0, -171.0, -414.0, -379.0, -3390.0, -15.2, -122.0, -138.0, -158.0, -1090.0, -3.47, -6320.0, -1.42, -101.0, -102.0, -715.0, -2.47, -83.7, -1.04, -81.1, -81.0, -643.0, -1.78]
[[-1660.0], [-6430.0], [-5250.0], [-26700.0], [-2310.0], [-173.0], [-446.0], [-1730.0], [-4170.0], [-52.0], [-1070.0], [-411.0], [-175.0], [-1210.0], [-8.95], [-7330.0], [-1.52], [-126.0], [-120.0], [-724.0], [-5.68], [-85.0], [-96.9], [-82.4], [-99.2], [-1060.0], [-1.9]]
[False, False, False, False, False, False, False, False, False, False, False, False, False, False, False, False, False, False, False, False, False, False, False, False, False, False, False]
[Stage 1]Gen 14:  1st stage Reward: 0, Best reward: [61528.55]
Generation 13 耗时: 4.740秒
[-805.0, -2360.0, -4600.0, -23400.0, -110.0, -164.0, -414.0, -379.0, -3390.0, -15.2, -122.0, -138.0, -158.0, -1090.0, -3.47, -6320.0, -1.41, -101.0, -102.0, -715.0, -2.47, -83.7, -1.04, -81.1, -81.0, -643.0, -1.77]
[[-1660.0], [-6430.0], [-5250.0], [-26700.0], [-2310.0], [-173.0], [-446.0], [-1730.0], [-4170.0], [-52.0], [-1070.0], [-411.0], [-175.0], [-1210.0], [-8.95], [-7330.0], [-1.52], [-126.0], [-120.0], [-724.0], [-5.68], [-85.0], [-96.9], [-82.4], [-99.2], [-1060.0], [-1.9]]
[False, False, False, False, False, False, False, False, False, False, False, False, False, False, False, False, False, False, False, False, False, False, False, False, False, False, False]
[Stage 1]Gen 15:  1st stage Reward: 0, Best reward: [61528.55]
Generation 14 耗时: 5.141秒
[-805.0, -2280.0, -4600.0, -23400.0, -110.0, -164.0, -414.0, -379.0, -3390.0, -15.2, -122.0, -138.0, -157.0, -1090.0, -3.47, -6320.0, -1.41, -101.0, -102.0, -715.0, -2.47, -83.2, -1.04, -81.1, -81.0, -643.0, -1.77]
[[-1190.0], [-2370.0], [-4910.0], [-24100.0], [-112.0], [-369.0], [-1150.0], [-388.0], [-3660.0], [-15.8], [-313.0], [-182.0], [-159.0], [-2100.0], [-8.12], [-7120.0], [-1.42], [-155.0], [-104.0], [-721.0], [-2.58], [-83.7], [-1.09], [-82.4], [-82.7], [-648.0], [-1.79]]
[False, False, False, False, False, False, False, False, False, False, False, False, False, False, False, False, False, False, False, False, False, False, False, False, False, False, False]
[Stage 1]Gen 16:  1st stage Reward: 0, Best reward: [50030.6]
Generation 15 耗时: 4.800秒
[-805.0, -2160.0, -4600.0, -23400.0, -110.0, -164.0, -414.0, -379.0, -3390.0, -15.2, -121.0, -138.0, -157.0, -1030.0, -3.47, -6260.0, -1.41, -98.8, -101.0, -715.0, -2.47, -82.1, -1.03, -81.1, -79.1, -643.0, -1.71]
[[-1190.0], [-2370.0], [-4910.0], [-24100.0], [-112.0], [-369.0], [-1150.0], [-388.0], [-3660.0], [-15.8], [-313.0], [-182.0], [-159.0], [-2100.0], [-8.12], [-7120.0], [-1.42], [-155.0], [-104.0], [-721.0], [-2.58], [-83.7], [-1.09], [-82.4], [-82.7], [-648.0], [-1.79]]
[False, False, False, False, False, False, False, False, False, False, False, False, False, False, False, False, False, False, False, False, False, False, False, False, False, False, False]
[Stage 1]Gen 17:  1st stage Reward: 0, Best reward: [50030.6]
Generation 16 耗时: 4.860秒
[-805.0, -2000.0, -4600.0, -23000.0, -110.0, -154.0, -414.0, -379.0, -3370.0, -15.2, -121.0, -138.0, -157.0, -1030.0, -3.47, -6260.0, -1.38, -98.8, -100.0, -715.0, -2.46, -82.1, -1.03, -81.1, -79.1, -639.0, -1.71]
[[-1190.0], [-2370.0], [-4910.0], [-24100.0], [-112.0], [-369.0], [-1150.0], [-388.0], [-3660.0], [-15.8], [-313.0], [-182.0], [-159.0], [-2100.0], [-8.12], [-7120.0], [-1.42], [-155.0], [-104.0], [-721.0], [-2.58], [-83.7], [-1.09], [-82.4], [-82.7], [-648.0], [-1.79]]
[False, False, False, False, False, False, False, False, False, False, False, False, False, False, False, False, False, False, False, False, False, False, False, False, False, False, False]
[Stage 1]Gen 18:  1st stage Reward: 0, Best reward: [50030.6]
Generation 17 耗时: 4.754秒
[-805.0, -1490.0, -4600.0, -23000.0, -110.0, -154.0, -414.0, -379.0, -3370.0, -15.2, -121.0, -129.0, -157.0, -1030.0, -3.47, -6260.0, -1.38, -98.8, -100.0, -715.0, -2.46, -82.1, -1.03, -81.1, -79.1, -639.0, -1.71]
[[-1190.0], [-2370.0], [-4910.0], [-24100.0], [-112.0], [-369.0], [-1150.0], [-388.0], [-3660.0], [-15.8], [-313.0], [-182.0], [-159.0], [-2100.0], [-8.12], [-7120.0], [-1.42], [-155.0], [-104.0], [-721.0], [-2.58], [-83.7], [-1.09], [-82.4], [-82.7], [-648.0], [-1.79]]
[False, False, False, False, False, False, False, False, False, False, False, False, False, False, False, False, False, False, False, False, False, False, False, False, False, False, False]
[Stage 1]Gen 19:  1st stage Reward: 0, Best reward: [50030.6]
Generation 18 耗时: 5.007秒
[-805.0, -1460.0, -4600.0, -23000.0, -110.0, -154.0, -414.0, -379.0, -3370.0, -15.2, -121.0, -129.0, -157.0, -1030.0, -3.47, -6260.0, -1.38, -98.8, -100.0, -715.0, -2.41, -82.1, -1.03, -81.1, -79.1, -639.0, -1.71]
[[-1190.0], [-2370.0], [-4910.0], [-24100.0], [-112.0], [-369.0], [-1150.0], [-388.0], [-3660.0], [-15.8], [-313.0], [-182.0], [-159.0], [-2100.0], [-8.12], [-7120.0], [-1.42], [-155.0], [-104.0], [-721.0], [-2.58], [-83.7], [-1.09], [-82.4], [-82.7], [-648.0], [-1.79]]
[False, False, False, False, False, False, False, False, False, False, False, False, False, False, False, False, False, False, False, False, False, False, False, False, False, False, False]
[Stage 1]Gen 20:  1st stage Reward: 0, Best reward: [50030.6]
Generation 19 耗时: 4.821秒
[-805.0, -1460.0, -4600.0, -23000.0, -110.0, -154.0, -414.0, -379.0, -3370.0, -15.2, -121.0, -127.0, -157.0, -1030.0, -3.47, -6260.0, -1.38, -98.8, -100.0, -715.0, -2.41, -82.1, -1.03, -81.1, -79.1, -639.0, -1.71]
[[-1190.0], [-2370.0], [-4910.0], [-24100.0], [-112.0], [-369.0], [-1150.0], [-388.0], [-3660.0], [-15.8], [-313.0], [-182.0], [-159.0], [-2100.0], [-8.12], [-7120.0], [-1.42], [-155.0], [-104.0], [-721.0], [-2.58], [-83.7], [-1.09], [-82.4], [-82.7], [-648.0], [-1.79]]
[False, False, False, False, False, False, False, False, False, False, False, False, False, False, False, False, False, False, False, False, False, False, False, False, False, False, False]
[Stage 1]Gen 21:  1st stage Reward: 0, Best reward: [50030.6]
Generation 20 耗时: 4.764秒
[-805.0, -1460.0, -4600.0, -23000.0, -109.0, -154.0, -414.0, -379.0, -3370.0, -15.2, -121.0, -127.0, -155.0, -1030.0, -3.47, -6260.0, -1.38, -98.8, -100.0, -715.0, -2.38, -82.1, -1.03, -81.0, -79.1, -639.0, -1.71]
[[-1190.0], [-2370.0], [-4910.0], [-24100.0], [-112.0], [-369.0], [-1150.0], [-388.0], [-3660.0], [-15.8], [-313.0], [-182.0], [-159.0], [-2100.0], [-8.12], [-7120.0], [-1.42], [-155.0], [-104.0], [-721.0], [-2.58], [-83.7], [-1.09], [-82.4], [-82.7], [-648.0], [-1.79]]
[False, False, False, False, False, False, False, False, False, False, False, False, False, False, False, False, False, False, False, False, False, False, False, False, False, False, False]
[Stage 1]Gen 22:  1st stage Reward: 0, Best reward: [50030.6]
Generation 21 耗时: 4.906秒
[-805.0, -1460.0, -4600.0, -23000.0, -109.0, -154.0, -414.0, -379.0, -3370.0, -15.2, -121.0, -127.0, -155.0, -1030.0, -3.47, -6260.0, -1.38, -98.8, -100.0, -713.0, -2.38, -82.1, -1.03, -81.0, -79.1, -639.0, -1.71]
[[-1190.0], [-2370.0], [-4910.0], [-24100.0], [-112.0], [-369.0], [-1150.0], [-388.0], [-3660.0], [-15.8], [-313.0], [-182.0], [-159.0], [-2100.0], [-8.12], [-7120.0], [-1.42], [-155.0], [-104.0], [-721.0], [-2.58], [-83.7], [-1.09], [-82.4], [-82.7], [-648.0], [-1.79]]
[False, False, False, False, False, False, False, False, False, False, False, False, False, False, False, False, False, False, False, False, False, False, False, False, False, False, False]
[Stage 1]Gen 23:  1st stage Reward: 0, Best reward: [50030.6]
Generation 22 耗时: 4.777秒
[-805.0, -1450.0, -4600.0, -23000.0, -109.0, -154.0, -414.0, -379.0, -3370.0, -15.2, -121.0, -127.0, -155.0, -1030.0, -3.47, -6260.0, -1.38, -98.8, -100.0, -711.0, -2.38, -82.1, -1.03, -81.0, -79.1, -639.0, -1.71]
[[-1190.0], [-2370.0], [-4910.0], [-24100.0], [-112.0], [-369.0], [-1150.0], [-388.0], [-3660.0], [-15.8], [-313.0], [-182.0], [-159.0], [-2100.0], [-8.12], [-7120.0], [-1.42], [-155.0], [-104.0], [-721.0], [-2.58], [-83.7], [-1.09], [-82.4], [-82.7], [-648.0], [-1.79]]
[False, False, False, False, False, False, False, False, False, False, False, False, False, False, False, False, False, False, False, False, False, False, False, False, False, False, False]
[Stage 1]Gen 24:  1st stage Reward: 0, Best reward: [50030.6]
Generation 23 耗时: 4.906秒
[-805.0, -1450.0, -4600.0, -23000.0, -109.0, -154.0, -414.0, -379.0, -3370.0, -15.2, -121.0, -127.0, -155.0, -1030.0, -3.47, -6260.0, -1.38, -98.8, -100.0, -705.0, -2.38, -82.1, -1.03, -81.0, -79.1, -639.0, -1.71]
[[-1190.0], [-2370.0], [-4910.0], [-24100.0], [-112.0], [-369.0], [-1150.0], [-388.0], [-3660.0], [-15.8], [-313.0], [-182.0], [-159.0], [-2100.0], [-8.12], [-7120.0], [-1.42], [-155.0], [-104.0], [-721.0], [-2.58], [-83.7], [-1.09], [-82.4], [-82.7], [-648.0], [-1.79]]
[False, False, False, False, False, False, False, False, False, False, False, False, False, False, False, False, False, False, False, False, False, False, False, False, False, False, False]
[Stage 1]Gen 25:  1st stage Reward: 0, Best reward: [50030.6]
Generation 24 耗时: 4.850秒
[-805.0, -1450.0, -4600.0, -23000.0, -109.0, -154.0, -414.0, -379.0, -3370.0, -15.2, -121.0, -127.0, -155.0, -1030.0, -3.47, -6260.0, -1.38, -98.8, -100.0, -705.0, -2.38, -82.1, -1.03, -81.0, -79.1, -639.0, -1.71]
[[-1190.0], [-2370.0], [-4910.0], [-24100.0], [-112.0], [-369.0], [-1150.0], [-388.0], [-3660.0], [-15.8], [-313.0], [-182.0], [-159.0], [-2100.0], [-8.12], [-7120.0], [-1.42], [-155.0], [-104.0], [-721.0], [-2.58], [-83.7], [-1.09], [-82.4], [-82.7], [-648.0], [-1.79]]
[False, False, False, False, False, False, False, False, False, False, False, False, False, False, False, False, False, False, False, False, False, False, False, False, False, False, False]
[Stage 1]Gen 26:  1st stage Reward: 0, Best reward: [50030.6]
Generation 25 耗时: 4.753秒
[-805.0, -1450.0, -4600.0, -23000.0, -109.0, -154.0, -414.0, -379.0, -3370.0, -15.2, -121.0, -127.0, -155.0, -1030.0, -3.47, -6260.0, -1.38, -98.8, -100.0, -705.0, -2.38, -82.1, -1.03, -81.0, -79.1, -639.0, -1.71]
[[-1190.0], [-2370.0], [-4910.0], [-24100.0], [-112.0], [-369.0], [-1150.0], [-388.0], [-3660.0], [-15.8], [-313.0], [-182.0], [-159.0], [-2100.0], [-8.12], [-7120.0], [-1.42], [-155.0], [-104.0], [-721.0], [-2.58], [-83.7], [-1.09], [-82.4], [-82.7], [-648.0], [-1.79]]
[False, False, False, False, False, False, False, False, False, False, False, False, False, False, False, False, False, False, False, False, False, False, False, False, False, False, False]
[Stage 1]Gen 27:  1st stage Reward: 0, Best reward: [50030.6]
Generation 26 耗时: 4.770秒
[-805.0, -1450.0, -4600.0, -23000.0, -109.0, -154.0, -414.0, -379.0, -3370.0, -15.2, -121.0, -127.0, -155.0, -1030.0, -3.47, -6260.0, -1.38, -98.8, -100.0, -705.0, -2.38, -82.1, -1.03, -81.0, -79.1, -633.0, -1.71]
[[-1190.0], [-2370.0], [-4910.0], [-24100.0], [-112.0], [-369.0], [-1150.0], [-388.0], [-3660.0], [-15.8], [-313.0], [-182.0], [-159.0], [-2100.0], [-8.12], [-7120.0], [-1.42], [-155.0], [-104.0], [-721.0], [-2.58], [-83.7], [-1.09], [-82.4], [-82.7], [-648.0], [-1.79]]
[False, False, False, False, False, False, False, False, False, False, False, False, False, False, False, False, False, False, False, False, False, False, False, False, False, False, False]
[Stage 1]Gen 28:  1st stage Reward: 0, Best reward: [50030.6]
Generation 27 耗时: 5.087秒
[-805.0, -1450.0, -4600.0, -23000.0, -109.0, -154.0, -414.0, -379.0, -3370.0, -15.2, -121.0, -127.0, -155.0, -1030.0, -3.47, -6260.0, -1.38, -98.8, -100.0, -705.0, -2.38, -82.1, -1.03, -81.0, -79.1, -633.0, -1.71]
[[-1190.0], [-2370.0], [-4910.0], [-24100.0], [-112.0], [-369.0], [-1150.0], [-388.0], [-3660.0], [-15.8], [-313.0], [-182.0], [-159.0], [-2100.0], [-8.12], [-7120.0], [-1.42], [-155.0], [-104.0], [-721.0], [-2.58], [-83.7], [-1.09], [-82.4], [-82.7], [-648.0], [-1.79]]
[False, False, False, False, False, False, False, False, False, False, False, False, False, False, False, False, False, False, False, False, False, False, False, False, False, False, False]
[Stage 1]Gen 29:  1st stage Reward: 0, Best reward: [50030.6]
Generation 28 耗时: 4.925秒
[-805.0, -1450.0, -4600.0, -23000.0, -109.0, -154.0, -414.0, -379.0, -3370.0, -15.2, -121.0, -127.0, -155.0, -1030.0, -3.47, -6260.0, -1.38, -98.8, -100.0, -705.0, -2.38, -82.1, -1.03, -81.0, -79.1, -633.0, -1.71]
[[-1190.0], [-2370.0], [-4910.0], [-24100.0], [-112.0], [-369.0], [-1150.0], [-388.0], [-3660.0], [-15.8], [-313.0], [-182.0], [-159.0], [-2100.0], [-8.12], [-7120.0], [-1.42], [-155.0], [-104.0], [-721.0], [-2.58], [-83.7], [-1.09], [-82.4], [-82.7], [-648.0], [-1.79]]
[False, False, False, False, False, False, False, False, False, False, False, False, False, False, False, False, False, False, False, False, False, False, False, False, False, False, False]
[Stage 1]Gen 30:  1st stage Reward: 0, Best reward: [50030.6]
Generation 29 耗时: 4.832秒
[-805.0, -1450.0, -4600.0, -23000.0, -109.0, -154.0, -414.0, -379.0, -3300.0, -14.9, -121.0, -127.0, -155.0, -1030.0, -3.47, -6260.0, -1.38, -98.8, -100.0, -705.0, -2.36, -80.5, -1.03, -81.0, -79.1, -633.0, -1.71]
[[-1190.0], [-2370.0], [-4910.0], [-24100.0], [-112.0], [-369.0], [-1150.0], [-388.0], [-3660.0], [-15.8], [-313.0], [-182.0], [-159.0], [-2100.0], [-8.12], [-7120.0], [-1.42], [-155.0], [-104.0], [-721.0], [-2.58], [-83.7], [-1.09], [-82.4], [-82.7], [-648.0], [-1.79]]
[False, False, False, False, False, False, False, False, False, False, False, False, False, False, False, False, False, False, False, False, False, False, False, False, False, False, False]
[Stage 1]Gen 31:  1st stage Reward: 0, Best reward: [50030.6]
Generation 30 耗时: 4.765秒
[-805.0, -1450.0, -4600.0, -23000.0, -109.0, -154.0, -414.0, -379.0, -3300.0, -13.1, -121.0, -127.0, -155.0, -1030.0, -3.47, -6260.0, -1.38, -98.8, -100.0, -702.0, -2.36, -80.5, -1.03, -80.5, -79.1, -633.0, -1.71]
[[-1190.0], [-2370.0], [-4910.0], [-24100.0], [-112.0], [-369.0], [-1150.0], [-388.0], [-3660.0], [-15.8], [-313.0], [-182.0], [-159.0], [-2100.0], [-8.12], [-7120.0], [-1.42], [-155.0], [-104.0], [-721.0], [-2.58], [-83.7], [-1.09], [-82.4], [-82.7], [-648.0], [-1.79]]
[False, False, False, False, False, False, False, False, False, False, False, False, False, False, False, False, False, False, False, False, False, False, False, False, False, False, False]
[Stage 1]Gen 32:  1st stage Reward: 0, Best reward: [50030.6]
Generation 31 耗时: 4.812秒
[-805.0, -1450.0, -4600.0, -23000.0, -109.0, -154.0, -414.0, -379.0, -3300.0, -12.8, -121.0, -124.0, -155.0, -1030.0, -3.44, -6210.0, -1.37, -98.8, -100.0, -702.0, -2.36, -80.5, -1.02, -80.5, -79.1, -633.0, -1.71]
[[-1190.0], [-2370.0], [-4910.0], [-24100.0], [-112.0], [-369.0], [-1150.0], [-388.0], [-3660.0], [-15.8], [-313.0], [-182.0], [-159.0], [-2100.0], [-8.12], [-7120.0], [-1.42], [-155.0], [-104.0], [-721.0], [-2.58], [-83.7], [-1.09], [-82.4], [-82.7], [-648.0], [-1.79]]
[False, False, True, True, False, False, False, False, False, False, False, False, False, False, False, False, False, False, False, False, False, False, False, False, False, False, False]
[Stage 1]Gen 33:  1st stage Reward: 0, Best reward: [50030.6]
Generation 32 耗时: 4.720秒
[-805.0, -1450.0, -4600.0, -23000.0, -109.0, -154.0, -414.0, -379.0, -3300.0, -12.8, -121.0, -124.0, -155.0, -1030.0, -3.44, -6210.0, -1.37, -98.8, -100.0, -702.0, -2.36, -80.5, -1.02, -80.5, -79.1, -633.0, -1.71]
[[-1190.0], [-2370.0], [-4910.0], [-24100.0], [-112.0], [-369.0], [-1150.0], [-388.0], [-3660.0], [-15.8], [-313.0], [-182.0], [-159.0], [-2100.0], [-8.12], [-7120.0], [-1.42], [-155.0], [-104.0], [-721.0], [-2.58], [-83.7], [-1.09], [-82.4], [-82.7], [-648.0], [-1.79]]
[False, False, True, True, False, False, False, False, False, False, False, False, False, False, False, False, False, False, False, False, False, False, False, False, False, False, False]
[Stage 1]Gen 34:  1st stage Reward: 0, Best reward: [50030.6]
Generation 33 耗时: 4.846秒
[-805.0, -1450.0, -4600.0, -23000.0, -109.0, -154.0, -414.0, -379.0, -3300.0, -12.8, -121.0, -124.0, -155.0, -1030.0, -3.44, -6210.0, -1.37, -98.8, -100.0, -701.0, -2.36, -80.5, -1.02, -80.5, -79.1, -633.0, -1.71]
[[-1190.0], [-2370.0], [-4910.0], [-24100.0], [-112.0], [-369.0], [-1150.0], [-388.0], [-3660.0], [-15.8], [-313.0], [-182.0], [-159.0], [-2100.0], [-8.12], [-7120.0], [-1.42], [-155.0], [-104.0], [-721.0], [-2.58], [-83.7], [-1.09], [-82.4], [-82.7], [-648.0], [-1.79]]
[False, False, True, True, False, False, False, False, False, False, False, False, False, False, False, False, False, False, False, False, False, False, False, False, False, False, False]
[Stage 1]Gen 35:  1st stage Reward: 0, Best reward: [50030.6]
Generation 34 耗时: 5.080秒
[-805.0, -1450.0, -4600.0, -23000.0, -109.0, -154.0, -414.0, -379.0, -3300.0, -12.8, -120.0, -124.0, -155.0, -1030.0, -3.44, -6210.0, -1.37, -98.8, -100.0, -701.0, -2.36, -80.5, -1.02, -80.5, -79.1, -632.0, -1.71]
[[-886.0], [-1460.0], [-5170.0], [-24600.0], [-111.0], [-165.0], [-455.0], [-394.0], [-3600.0], [-19.0], [-138.0], [-127.0], [-157.0], [-1100.0], [-3.52], [-7130.0], [-17.5], [-102.0], [-102.0], [-709.0], [-3.45], [-83.2], [-1.08], [-82.1], [-82.1], [-643.0], [-1.77]]
[False, False, True, True, False, False, False, False, False, False, False, False, False, False, False, False, False, False, False, False, False, False, False, False, False, False, False]
[Stage 1]Gen 36:  1st stage Reward: 0, Best reward: [47342.72]
Generation 35 耗时: 4.975秒
[-805.0, -1450.0, -4600.0, -23000.0, -109.0, -154.0, -414.0, -379.0, -3300.0, -12.8, -120.0, -124.0, -155.0, -1030.0, -3.44, -6210.0, -1.37, -98.8, -100.0, -701.0, -2.36, -80.5, -1.02, -79.2, -79.1, -632.0, -1.71]
[[-886.0], [-1460.0], [-5170.0], [-24600.0], [-111.0], [-165.0], [-455.0], [-394.0], [-3600.0], [-19.0], [-138.0], [-127.0], [-157.0], [-1100.0], [-3.52], [-7130.0], [-17.5], [-102.0], [-102.0], [-709.0], [-3.45], [-83.2], [-1.08], [-82.1], [-82.1], [-643.0], [-1.77]]
[False, False, True, True, False, False, False, False, True, False, False, False, False, False, False, False, False, False, False, False, False, False, False, False, False, False, False]
[Stage 1]Gen 37:  1st stage Reward: 0, Best reward: [47342.72]
Generation 36 耗时: 4.805秒
[-737.0, -1450.0, -4600.0, -23000.0, -109.0, -154.0, -401.0, -379.0, -3230.0, -12.2, -119.0, -124.0, -155.0, -1020.0, -3.44, -6210.0, -1.37, -98.4, -100.0, -701.0, -2.35, -80.5, -1.02, -79.2, -78.8, -632.0, -1.71]
[[-886.0], [-1460.0], [-5170.0], [-24600.0], [-111.0], [-165.0], [-455.0], [-394.0], [-3600.0], [-19.0], [-138.0], [-127.0], [-157.0], [-1100.0], [-3.52], [-7130.0], [-17.5], [-102.0], [-102.0], [-709.0], [-3.45], [-83.2], [-1.08], [-82.1], [-82.1], [-643.0], [-1.77]]
[False, False, True, True, False, False, False, False, True, False, False, False, False, False, False, False, False, False, False, False, False, False, False, False, False, False, False]
[Stage 1]Gen 38:  1st stage Reward: 0, Best reward: [47342.72]
Generation 37 耗时: 4.922秒
[-702.0, -1450.0, -4600.0, -23000.0, -109.0, -154.0, -401.0, -379.0, -3230.0, -12.2, -119.0, -124.0, -155.0, -1020.0, -3.44, -6210.0, -1.37, -98.4, -100.0, -701.0, -2.35, -80.5, -1.02, -79.2, -78.8, -632.0, -1.71]
[[-886.0], [-1460.0], [-5170.0], [-24600.0], [-111.0], [-165.0], [-455.0], [-394.0], [-3600.0], [-19.0], [-138.0], [-127.0], [-157.0], [-1100.0], [-3.52], [-7130.0], [-17.5], [-102.0], [-102.0], [-709.0], [-3.45], [-83.2], [-1.08], [-82.1], [-82.1], [-643.0], [-1.77]]
[False, False, True, True, False, False, False, False, True, False, False, False, False, False, False, False, False, False, False, False, False, False, False, False, False, False, False]
[Stage 1]Gen 39:  1st stage Reward: 0, Best reward: [47342.72]
Generation 38 耗时: 4.800秒
[-418.0, -1450.0, -4600.0, -23000.0, -109.0, -154.0, -401.0, -379.0, -3230.0, -12.2, -119.0, -124.0, -155.0, -1020.0, -3.44, -6210.0, -1.37, -98.4, -100.0, -698.0, -2.35, -80.5, -1.02, -79.2, -78.8, -632.0, -1.71]
[[-886.0], [-1460.0], [-5170.0], [-24600.0], [-111.0], [-165.0], [-455.0], [-394.0], [-3600.0], [-19.0], [-138.0], [-127.0], [-157.0], [-1100.0], [-3.52], [-7130.0], [-17.5], [-102.0], [-102.0], [-709.0], [-3.45], [-83.2], [-1.08], [-82.1], [-82.1], [-643.0], [-1.77]]
[False, False, True, True, False, False, False, False, True, False, False, False, False, False, False, False, False, False, False, False, False, False, False, False, False, False, False]
[Stage 1]Gen 40:  1st stage Reward: 0, Best reward: [47342.72]
Generation 39 耗时: 4.746秒
[-347.0, -1450.0, -4600.0, -23000.0, -109.0, -154.0, -401.0, -379.0, -3230.0, -12.2, -119.0, -124.0, -155.0, -1020.0, -3.44, -6210.0, -1.37, -98.4, -100.0, -698.0, -2.35, -80.5, -1.02, -79.2, -78.8, -632.0, -1.71]
[[-886.0], [-1460.0], [-5170.0], [-24600.0], [-111.0], [-165.0], [-455.0], [-394.0], [-3600.0], [-19.0], [-138.0], [-127.0], [-157.0], [-1100.0], [-3.52], [-7130.0], [-17.5], [-102.0], [-102.0], [-709.0], [-3.45], [-83.2], [-1.08], [-82.1], [-82.1], [-643.0], [-1.77]]
[False, False, True, True, False, False, False, False, True, False, False, False, False, False, False, False, False, False, False, False, False, False, False, False, False, False, False]
[Stage 1]Gen 41:  1st stage Reward: 0, Best reward: [47342.72]
Generation 40 耗时: 5.040秒
[-346.0, -1450.0, -4340.0, -22800.0, -109.0, -154.0, -398.0, -375.0, -3230.0, -12.2, -119.0, -124.0, -155.0, -1020.0, -3.44, -6210.0, -1.37, -98.4, -100.0, -698.0, -2.35, -80.5, -1.02, -79.2, -78.8, -632.0, -1.71]
[[-886.0], [-1460.0], [-5170.0], [-24600.0], [-111.0], [-165.0], [-455.0], [-394.0], [-3600.0], [-19.0], [-138.0], [-127.0], [-157.0], [-1100.0], [-3.52], [-7130.0], [-17.5], [-102.0], [-102.0], [-709.0], [-3.45], [-83.2], [-1.08], [-82.1], [-82.1], [-643.0], [-1.77]]
[False, False, True, True, False, False, False, False, True, False, False, False, False, False, False, False, False, False, False, False, False, False, False, False, False, False, False]
[Stage 1]Gen 42:  1st stage Reward: 0, Best reward: [47342.72]
Generation 41 耗时: 5.010秒
[-346.0, -1450.0, -4340.0, -22800.0, -109.0, -154.0, -398.0, -375.0, -3230.0, -12.2, -119.0, -124.0, -155.0, -1020.0, -3.44, -6210.0, -1.37, -98.4, -100.0, -691.0, -2.35, -80.5, -1.02, -79.2, -78.8, -632.0, -1.71]
[[-886.0], [-1460.0], [-5170.0], [-24600.0], [-111.0], [-165.0], [-455.0], [-394.0], [-3600.0], [-19.0], [-138.0], [-127.0], [-157.0], [-1100.0], [-3.52], [-7130.0], [-17.5], [-102.0], [-102.0], [-709.0], [-3.45], [-83.2], [-1.08], [-82.1], [-82.1], [-643.0], [-1.77]]
[False, False, True, True, False, False, False, False, True, False, False, False, False, False, False, False, False, False, False, False, False, False, False, False, False, False, False]
[Stage 1]Gen 43:  1st stage Reward: 0, Best reward: [47342.72]
Generation 42 耗时: 4.899秒
[-346.0, -1450.0, -4340.0, -22800.0, -109.0, -154.0, -398.0, -375.0, -3230.0, -12.2, -119.0, -124.0, -152.0, -1020.0, -3.44, -6210.0, -1.37, -98.4, -100.0, -691.0, -2.35, -80.5, -1.02, -79.2, -78.8, -632.0, -1.71]
[[-886.0], [-1460.0], [-5170.0], [-24600.0], [-111.0], [-165.0], [-455.0], [-394.0], [-3600.0], [-19.0], [-138.0], [-127.0], [-157.0], [-1100.0], [-3.52], [-7130.0], [-17.5], [-102.0], [-102.0], [-709.0], [-3.45], [-83.2], [-1.08], [-82.1], [-82.1], [-643.0], [-1.77]]
[False, False, True, True, False, False, False, False, True, False, False, False, False, False, False, False, False, False, False, False, False, False, False, False, False, False, False]
[Stage 1]Gen 44:  1st stage Reward: 0, Best reward: [47342.72]
Generation 43 耗时: 4.860秒
[-346.0, -1450.0, -4340.0, -22800.0, -109.0, -154.0, -398.0, -375.0, -3230.0, -12.2, -119.0, -124.0, -152.0, -1020.0, -3.44, -6210.0, -1.37, -98.4, -100.0, -691.0, -2.35, -80.5, -1.02, -79.2, -78.8, -632.0, -1.71]
[[-886.0], [-1460.0], [-5170.0], [-24600.0], [-111.0], [-165.0], [-455.0], [-394.0], [-3600.0], [-19.0], [-138.0], [-127.0], [-157.0], [-1100.0], [-3.52], [-7130.0], [-17.5], [-102.0], [-102.0], [-709.0], [-3.45], [-83.2], [-1.08], [-82.1], [-82.1], [-643.0], [-1.77]]
[False, False, True, True, False, False, False, False, True, False, False, False, False, False, False, False, False, False, False, False, False, False, False, False, False, False, False]
[Stage 1]Gen 45:  1st stage Reward: 0, Best reward: [47342.72]
Generation 44 耗时: 4.779秒
[-336.0, -1450.0, -4340.0, -22800.0, -109.0, -154.0, -320.0, -359.0, -3230.0, -12.2, -119.0, -124.0, -152.0, -1020.0, -3.44, -6210.0, -1.37, -98.4, -100.0, -691.0, -2.35, -80.5, -1.02, -79.2, -78.8, -632.0, -1.71]
[[-886.0], [-1460.0], [-5170.0], [-24600.0], [-111.0], [-165.0], [-455.0], [-394.0], [-3600.0], [-19.0], [-138.0], [-127.0], [-157.0], [-1100.0], [-3.52], [-7130.0], [-17.5], [-102.0], [-102.0], [-709.0], [-3.45], [-83.2], [-1.08], [-82.1], [-82.1], [-643.0], [-1.77]]
[False, False, True, True, False, False, False, False, True, False, False, False, False, False, False, False, False, False, False, False, False, False, False, False, False, False, False]
[Stage 1]Gen 46:  1st stage Reward: 0, Best reward: [47342.72]
Generation 45 耗时: 4.758秒
[-336.0, -1450.0, -4340.0, -22800.0, -109.0, -154.0, -318.0, -345.0, -3230.0, -12.2, -119.0, -124.0, -152.0, -1020.0, -3.44, -6210.0, -1.37, -98.4, -100.0, -691.0, -2.35, -80.5, -1.02, -79.2, -78.8, -632.0, -1.71]
[[-886.0], [-1460.0], [-5170.0], [-24600.0], [-111.0], [-165.0], [-455.0], [-394.0], [-3600.0], [-19.0], [-138.0], [-127.0], [-157.0], [-1100.0], [-3.52], [-7130.0], [-17.5], [-102.0], [-102.0], [-709.0], [-3.45], [-83.2], [-1.08], [-82.1], [-82.1], [-643.0], [-1.77]]
[False, False, True, True, False, False, False, False, True, False, False, False, False, False, False, False, False, False, False, False, False, False, False, False, False, False, False]
[Stage 1]Gen 47:  1st stage Reward: 0, Best reward: [47342.72]
Generation 46 耗时: 4.811秒
[-336.0, -1450.0, -4340.0, -22800.0, -109.0, -154.0, -318.0, -345.0, -3230.0, -12.2, -119.0, -124.0, -152.0, -1020.0, -3.44, -6210.0, -1.37, -98.4, -100.0, -691.0, -2.35, -80.5, -1.02, -79.2, -78.8, -632.0, -1.71]
[[-886.0], [-1460.0], [-5170.0], [-24600.0], [-111.0], [-165.0], [-455.0], [-394.0], [-3600.0], [-19.0], [-138.0], [-127.0], [-157.0], [-1100.0], [-3.52], [-7130.0], [-17.5], [-102.0], [-102.0], [-709.0], [-3.45], [-83.2], [-1.08], [-82.1], [-82.1], [-643.0], [-1.77]]
[False, False, True, True, False, False, False, False, True, False, False, False, False, False, False, False, False, False, False, False, False, False, False, False, False, False, False]
[Stage 1]Gen 48:  1st stage Reward: 0, Best reward: [47342.72]
Generation 47 耗时: 5.100秒
[-336.0, -1450.0, -4340.0, -22800.0, -109.0, -154.0, -318.0, -345.0, -3230.0, -12.2, -119.0, -124.0, -152.0, -1020.0, -3.44, -6210.0, -1.37, -98.4, -100.0, -691.0, -2.35, -80.5, -1.02, -79.2, -78.8, -632.0, -1.71]
[[-886.0], [-1460.0], [-5170.0], [-24600.0], [-111.0], [-165.0], [-455.0], [-394.0], [-3600.0], [-19.0], [-138.0], [-127.0], [-157.0], [-1100.0], [-3.52], [-7130.0], [-17.5], [-102.0], [-102.0], [-709.0], [-3.45], [-83.2], [-1.08], [-82.1], [-82.1], [-643.0], [-1.77]]
[False, False, True, True, False, False, False, False, True, False, False, False, False, False, False, False, False, False, False, False, False, False, False, False, False, False, False]
[Stage 1]Gen 49:  1st stage Reward: 0, Best reward: [47342.72]
Generation 48 耗时: 4.140秒
[-331.0, -1450.0, -4340.0, -22800.0, -109.0, -154.0, -318.0, -345.0, -3230.0, -12.2, -119.0, -124.0, -152.0, -1020.0, -3.44, -6210.0, -1.37, -98.4, -100.0, -691.0, -2.35, -80.5, -1.02, -79.2, -78.8, -632.0, -1.71]
[[-886.0], [-1460.0], [-5170.0], [-24600.0], [-111.0], [-165.0], [-455.0], [-394.0], [-3600.0], [-19.0], [-138.0], [-127.0], [-157.0], [-1100.0], [-3.52], [-7130.0], [-17.5], [-102.0], [-102.0], [-709.0], [-3.45], [-83.2], [-1.08], [-82.1], [-82.1], [-643.0], [-1.77]]
[False, False, True, True, False, False, False, False, True, False, False, False, False, False, False, False, False, False, False, False, False, False, False, False, False, False, False]
[Stage 1]Gen 50:  1st stage Reward: 0, Best reward: [47342.72]
Generation 49 耗时: 4.394秒
[-331.0, -1450.0, -4340.0, -22800.0, -109.0, -154.0, -316.0, -342.0, -3230.0, -12.2, -119.0, -124.0, -152.0, -1020.0, -3.44, -6210.0, -1.37, -98.4, -100.0, -691.0, -2.35, -80.5, -1.02, -79.2, -78.8, -632.0, -1.71]
[[-886.0], [-1460.0], [-5170.0], [-24600.0], [-111.0], [-165.0], [-455.0], [-394.0], [-3600.0], [-19.0], [-138.0], [-127.0], [-157.0], [-1100.0], [-3.52], [-7130.0], [-17.5], [-102.0], [-102.0], [-709.0], [-3.45], [-83.2], [-1.08], [-82.1], [-82.1], [-643.0], [-1.77]]
[False, False, True, True, False, False, False, False, True, False, False, False, False, False, False, False, False, False, False, False, False, False, False, False, False, False, False]
[Stage 1]Gen 51:  1st stage Reward: 0, Best reward: [47342.72]
Generation 50 耗时: 3.912秒
[-330.0, -1450.0, -4340.0, -22800.0, -109.0, -154.0, -315.0, -342.0, -3230.0, -12.1, -119.0, -124.0, -152.0, -1020.0, -3.44, -6210.0, -1.37, -98.4, -100.0, -691.0, -2.35, -80.5, -1.02, -79.2, -78.8, -632.0, -1.71]
[[-886.0], [-1460.0], [-5170.0], [-24600.0], [-111.0], [-165.0], [-455.0], [-394.0], [-3600.0], [-19.0], [-138.0], [-127.0], [-157.0], [-1100.0], [-3.52], [-7130.0], [-17.5], [-102.0], [-102.0], [-709.0], [-3.45], [-83.2], [-1.08], [-82.1], [-82.1], [-643.0], [-1.77]]
[False, False, True, True, False, False, False, False, True, False, False, False, False, False, False, False, False, False, False, False, False, False, False, False, False, False, False]
[Stage 1]Gen 52:  1st stage Reward: 0, Best reward: [47342.72]
Generation 51 耗时: 4.018秒
[-330.0, -1450.0, -4340.0, -22800.0, -109.0, -154.0, -315.0, -342.0, -3230.0, -12.1, -119.0, -124.0, -152.0, -1020.0, -3.44, -6100.0, -1.37, -98.4, -100.0, -691.0, -2.35, -80.5, -1.02, -79.2, -78.8, -632.0, -1.71]
[[-886.0], [-1460.0], [-5170.0], [-24600.0], [-111.0], [-165.0], [-455.0], [-394.0], [-3600.0], [-19.0], [-138.0], [-127.0], [-157.0], [-1100.0], [-3.52], [-7130.0], [-17.5], [-102.0], [-102.0], [-709.0], [-3.45], [-83.2], [-1.08], [-82.1], [-82.1], [-643.0], [-1.77]]
[False, False, True, True, False, False, False, False, True, False, False, False, False, False, False, False, False, False, False, False, False, False, False, False, False, False, False]
[Stage 1]Gen 53:  1st stage Reward: 0, Best reward: [47342.72]
Generation 52 耗时: 4.119秒
[-330.0, -1450.0, -4340.0, -22800.0, -109.0, -154.0, -315.0, -342.0, -3230.0, -12.1, -119.0, -124.0, -152.0, -1020.0, -3.44, -6090.0, -1.37, -98.4, -100.0, -691.0, -2.35, -80.5, -1.02, -79.2, -78.8, -632.0, -1.71]
[[-331.0], [-1460.0], [-5170.0], [-24600.0], [-111.0], [-162.0], [-344.0], [-354.0], [-3600.0], [-12.8], [-121.0], [-127.0], [-152.0], [-1100.0], [-3.52], [-6090.0], [-1.42], [-150.0], [-103.0], [-709.0], [-2.42], [-83.2], [-1.5], [-82.1], [-186.0], [-643.0], [-1.77]]
[False, False, True, True, False, False, False, False, True, False, False, False, False, False, False, False, False, False, False, False, False, False, False, False, False, False, False]
[Stage 1]Gen 54:  1st stage Reward: 0, Best reward: [45701.73]
Generation 53 耗时: 4.256秒
[-330.0, -1450.0, -4340.0, -22800.0, -109.0, -154.0, -290.0, -342.0, -3230.0, -12.1, -119.0, -124.0, -152.0, -1020.0, -3.44, -6090.0, -1.37, -98.4, -100.0, -691.0, -2.35, -80.5, -1.02, -79.2, -78.8, -632.0, -1.71]
[[-331.0], [-1460.0], [-5170.0], [-24600.0], [-111.0], [-162.0], [-344.0], [-354.0], [-3600.0], [-12.8], [-121.0], [-127.0], [-152.0], [-1100.0], [-3.52], [-6090.0], [-1.42], [-150.0], [-103.0], [-709.0], [-2.42], [-83.2], [-1.5], [-82.1], [-186.0], [-643.0], [-1.77]]
[False, False, True, True, False, False, False, False, True, False, False, False, False, False, False, True, False, False, False, False, False, False, False, False, False, False, False]
[Stage 1]Gen 55:  1st stage Reward: 0, Best reward: [45701.73]
Generation 54 耗时: 4.314秒
[-330.0, -1450.0, -4340.0, -22800.0, -109.0, -154.0, -280.0, -342.0, -3230.0, -12.1, -119.0, -124.0, -152.0, -1020.0, -3.44, -6090.0, -1.37, -98.4, -100.0, -691.0, -2.35, -80.5, -1.02, -79.2, -78.8, -632.0, -1.71]
[[-331.0], [-1460.0], [-5170.0], [-24600.0], [-111.0], [-162.0], [-344.0], [-354.0], [-3600.0], [-12.8], [-121.0], [-127.0], [-152.0], [-1100.0], [-3.52], [-6090.0], [-1.42], [-150.0], [-103.0], [-709.0], [-2.42], [-83.2], [-1.5], [-82.1], [-186.0], [-643.0], [-1.77]]
[False, False, True, True, False, False, False, False, True, False, False, False, False, False, False, True, False, False, False, False, False, False, False, False, False, False, False]
[Stage 1]Gen 56:  1st stage Reward: 0, Best reward: [45701.73]
Generation 55 耗时: 4.186秒
[-330.0, -1450.0, -4340.0, -22800.0, -109.0, -154.0, -280.0, -342.0, -3230.0, -12.1, -119.0, -124.0, -152.0, -1020.0, -3.44, -6090.0, -1.37, -98.4, -100.0, -691.0, -2.35, -80.5, -1.02, -79.2, -78.8, -632.0, -1.71]
[[-331.0], [-1460.0], [-5170.0], [-24600.0], [-111.0], [-162.0], [-344.0], [-354.0], [-3600.0], [-12.8], [-121.0], [-127.0], [-152.0], [-1100.0], [-3.52], [-6090.0], [-1.42], [-150.0], [-103.0], [-709.0], [-2.42], [-83.2], [-1.5], [-82.1], [-186.0], [-643.0], [-1.77]]
[False, False, True, True, False, False, False, False, True, False, False, False, False, False, False, True, False, False, False, False, False, False, False, False, False, False, False]
[Stage 1]Gen 57:  1st stage Reward: 0, Best reward: [45701.73]
Generation 56 耗时: 4.362秒
[-330.0, -1450.0, -4340.0, -22800.0, -109.0, -154.0, -280.0, -342.0, -3230.0, -12.1, -119.0, -124.0, -152.0, -1020.0, -3.44, -6010.0, -1.37, -98.4, -100.0, -691.0, -2.35, -80.5, -1.02, -79.2, -78.8, -632.0, -1.71]
[[-331.0], [-1460.0], [-5170.0], [-24600.0], [-111.0], [-162.0], [-344.0], [-354.0], [-3600.0], [-12.8], [-121.0], [-127.0], [-152.0], [-1100.0], [-3.52], [-6090.0], [-1.42], [-150.0], [-103.0], [-709.0], [-2.42], [-83.2], [-1.5], [-82.1], [-186.0], [-643.0], [-1.77]]
[False, False, True, True, False, False, False, False, True, False, False, False, False, False, False, True, False, False, False, False, False, False, False, False, False, False, False]
[Stage 1]Gen 58:  1st stage Reward: 0, Best reward: [45701.73]
Generation 57 耗时: 4.314秒
[-330.0, -1450.0, -4340.0, -22800.0, -109.0, -154.0, -280.0, -342.0, -3230.0, -12.1, -119.0, -124.0, -152.0, -1020.0, -3.44, -6010.0, -1.37, -98.4, -100.0, -691.0, -2.35, -80.5, -1.02, -79.2, -78.8, -632.0, -1.71]
[[-331.0], [-1460.0], [-5170.0], [-24600.0], [-111.0], [-162.0], [-344.0], [-354.0], [-3600.0], [-12.8], [-121.0], [-127.0], [-152.0], [-1100.0], [-3.52], [-6090.0], [-1.42], [-150.0], [-103.0], [-709.0], [-2.42], [-83.2], [-1.5], [-82.1], [-186.0], [-643.0], [-1.77]]
[False, False, True, True, False, False, False, False, True, False, False, False, False, False, False, True, False, False, False, False, False, False, False, False, False, False, False]
[Stage 1]Gen 59:  1st stage Reward: 0, Best reward: [45701.73]
Generation 58 耗时: 4.425秒
[-330.0, -1450.0, -4340.0, -22800.0, -109.0, -154.0, -280.0, -342.0, -3230.0, -12.1, -119.0, -124.0, -152.0, -1020.0, -3.44, -6010.0, -1.37, -98.4, -100.0, -691.0, -2.35, -80.5, -1.02, -79.2, -78.8, -632.0, -1.71]
[[-331.0], [-1460.0], [-5170.0], [-24600.0], [-111.0], [-162.0], [-344.0], [-354.0], [-3600.0], [-12.8], [-121.0], [-127.0], [-152.0], [-1100.0], [-3.52], [-6090.0], [-1.42], [-150.0], [-103.0], [-709.0], [-2.42], [-83.2], [-1.5], [-82.1], [-186.0], [-643.0], [-1.77]]
[False, False, True, True, False, False, False, False, True, False, False, False, False, False, False, True, False, False, False, False, False, False, False, False, False, False, False]
[Stage 1]Gen 60:  1st stage Reward: 0, Best reward: [45701.73]
Generation 59 耗时: 4.625秒
[-330.0, -1450.0, -4340.0, -22800.0, -109.0, -154.0, -280.0, -331.0, -3230.0, -12.1, -119.0, -124.0, -152.0, -1020.0, -3.43, -5980.0, -1.37, -98.4, -100.0, -691.0, -2.35, -80.5, -1.02, -79.2, -78.8, -632.0, -1.71]
[[-331.0], [-1460.0], [-5170.0], [-24600.0], [-111.0], [-162.0], [-344.0], [-354.0], [-3600.0], [-12.8], [-121.0], [-127.0], [-152.0], [-1100.0], [-3.52], [-6090.0], [-1.42], [-150.0], [-103.0], [-709.0], [-2.42], [-83.2], [-1.5], [-82.1], [-186.0], [-643.0], [-1.77]]
[False, False, True, True, False, False, False, False, True, False, False, False, False, False, False, True, False, False, False, False, False, False, False, False, False, False, False]
[Stage 1]Gen 61:  1st stage Reward: 0, Best reward: [45701.73]
Generation 60 耗时: 4.826秒
[-330.0, -1450.0, -4340.0, -22800.0, -109.0, -154.0, -280.0, -331.0, -3230.0, -12.1, -119.0, -124.0, -152.0, -1020.0, -3.43, -5980.0, -1.37, -98.4, -100.0, -691.0, -2.35, -80.5, -1.02, -79.2, -78.8, -632.0, -1.71]
[[-331.0], [-1460.0], [-5170.0], [-24600.0], [-111.0], [-162.0], [-344.0], [-354.0], [-3600.0], [-12.8], [-121.0], [-127.0], [-152.0], [-1100.0], [-3.52], [-6090.0], [-1.42], [-150.0], [-103.0], [-709.0], [-2.42], [-83.2], [-1.5], [-82.1], [-186.0], [-643.0], [-1.77]]
[False, False, True, True, False, False, False, False, True, False, False, False, False, False, False, True, False, False, False, False, False, False, False, False, False, False, False]
[Stage 1]Gen 62:  1st stage Reward: 0, Best reward: [45701.73]
Generation 61 耗时: 4.904秒
[-330.0, -1450.0, -4340.0, -22800.0, -109.0, -154.0, -280.0, -331.0, -3230.0, -12.1, -119.0, -124.0, -152.0, -1020.0, -3.43, -5980.0, -1.37, -98.4, -100.0, -691.0, -2.35, -80.5, -1.02, -79.2, -78.8, -632.0, -1.71]
[[-331.0], [-1460.0], [-5170.0], [-24600.0], [-111.0], [-162.0], [-344.0], [-354.0], [-3600.0], [-12.8], [-121.0], [-127.0], [-152.0], [-1100.0], [-3.52], [-6090.0], [-1.42], [-150.0], [-103.0], [-709.0], [-2.42], [-83.2], [-1.5], [-82.1], [-186.0], [-643.0], [-1.77]]
[False, False, True, True, False, False, False, False, True, False, False, False, False, False, False, True, False, False, False, False, False, False, False, False, False, False, False]
[Stage 1]Gen 63:  1st stage Reward: 0, Best reward: [45701.73]
Generation 62 耗时: 4.748秒
[-330.0, -1450.0, -4340.0, -22800.0, -109.0, -154.0, -280.0, -331.0, -3230.0, -12.1, -119.0, -124.0, -152.0, -1020.0, -3.43, -5980.0, -1.37, -98.4, -100.0, -691.0, -2.35, -80.5, -1.02, -79.2, -78.8, -632.0, -1.71]
[[-331.0], [-1460.0], [-5170.0], [-24600.0], [-111.0], [-162.0], [-344.0], [-354.0], [-3600.0], [-12.8], [-121.0], [-127.0], [-152.0], [-1100.0], [-3.52], [-6090.0], [-1.42], [-150.0], [-103.0], [-709.0], [-2.42], [-83.2], [-1.5], [-82.1], [-186.0], [-643.0], [-1.77]]
[False, False, True, True, False, False, False, False, True, False, False, False, False, False, False, True, False, False, False, False, False, False, False, False, False, False, False]
[Stage 1]Gen 64:  1st stage Reward: 0, Best reward: [45701.73]
Generation 63 耗时: 4.964秒
[-330.0, -1450.0, -4340.0, -22800.0, -109.0, -154.0, -280.0, -331.0, -3230.0, -12.1, -119.0, -124.0, -152.0, -1020.0, -3.43, -5980.0, -1.37, -98.4, -100.0, -691.0, -2.35, -80.5, -1.02, -79.2, -78.8, -632.0, -1.71]
[[-331.0], [-1460.0], [-5170.0], [-24600.0], [-111.0], [-162.0], [-344.0], [-354.0], [-3600.0], [-12.8], [-121.0], [-127.0], [-152.0], [-1100.0], [-3.52], [-6090.0], [-1.42], [-150.0], [-103.0], [-709.0], [-2.42], [-83.2], [-1.5], [-82.1], [-186.0], [-643.0], [-1.77]]
[False, False, True, True, False, False, False, False, True, False, False, False, False, False, False, True, False, False, False, False, False, False, False, False, False, False, False]
[Stage 1]Gen 65:  1st stage Reward: 0, Best reward: [45701.73]
Generation 64 耗时: 4.839秒
[-330.0, -1450.0, -4340.0, -22800.0, -109.0, -154.0, -280.0, -331.0, -3230.0, -12.1, -119.0, -124.0, -144.0, -1020.0, -3.43, -5980.0, -1.37, -98.4, -100.0, -691.0, -2.35, -80.5, -1.02, -78.9, -78.8, -632.0, -1.71]
[[-331.0], [-1460.0], [-5170.0], [-24600.0], [-111.0], [-162.0], [-344.0], [-354.0], [-3600.0], [-12.8], [-121.0], [-127.0], [-152.0], [-1100.0], [-3.52], [-6090.0], [-1.42], [-150.0], [-103.0], [-709.0], [-2.42], [-83.2], [-1.5], [-82.1], [-186.0], [-643.0], [-1.77]]
[False, False, True, True, False, False, False, False, True, False, False, False, False, False, False, True, False, False, False, False, False, False, False, False, False, False, False]
[Stage 1]Gen 66:  1st stage Reward: 0, Best reward: [45701.73]
Generation 65 耗时: 4.771秒
[-330.0, -1450.0, -4340.0, -22800.0, -109.0, -154.0, -274.0, -331.0, -3230.0, -12.0, -119.0, -124.0, -143.0, -1020.0, -3.43, -5980.0, -1.37, -98.4, -100.0, -691.0, -2.35, -80.5, -1.02, -78.9, -78.8, -632.0, -1.71]
[[-331.0], [-1460.0], [-5170.0], [-24600.0], [-111.0], [-162.0], [-344.0], [-354.0], [-3600.0], [-12.8], [-121.0], [-127.0], [-152.0], [-1100.0], [-3.52], [-6090.0], [-1.42], [-150.0], [-103.0], [-709.0], [-2.42], [-83.2], [-1.5], [-82.1], [-186.0], [-643.0], [-1.77]]
[False, False, True, True, False, False, False, False, True, False, False, False, False, False, False, True, False, False, False, False, False, False, False, False, False, False, False]
[Stage 1]Gen 67:  1st stage Reward: 0, Best reward: [45701.73]
Generation 66 耗时: 4.876秒
[-330.0, -1450.0, -4340.0, -22800.0, -109.0, -154.0, -274.0, -331.0, -3230.0, -12.0, -119.0, -124.0, -143.0, -1020.0, -3.43, -5980.0, -1.37, -98.4, -100.0, -691.0, -2.35, -80.5, -1.02, -78.9, -78.8, -632.0, -1.71]
[[-331.0], [-1460.0], [-5170.0], [-24600.0], [-111.0], [-162.0], [-344.0], [-354.0], [-3600.0], [-12.8], [-121.0], [-127.0], [-152.0], [-1100.0], [-3.52], [-6090.0], [-1.42], [-150.0], [-103.0], [-709.0], [-2.42], [-83.2], [-1.5], [-82.1], [-186.0], [-643.0], [-1.77]]
[False, False, True, True, False, False, False, False, True, False, False, False, False, False, False, True, False, False, False, False, False, False, False, False, False, False, False]
[Stage 1]Gen 68:  1st stage Reward: 0, Best reward: [45701.73]
Generation 67 耗时: 4.834秒
[-330.0, -1450.0, -4340.0, -22800.0, -109.0, -154.0, -274.0, -331.0, -3230.0, -12.0, -119.0, -124.0, -143.0, -1020.0, -3.43, -5980.0, -1.37, -98.4, -100.0, -691.0, -2.35, -80.5, -1.02, -78.9, -78.8, -632.0, -1.71]
[[-331.0], [-1460.0], [-5170.0], [-24600.0], [-111.0], [-162.0], [-344.0], [-354.0], [-3600.0], [-12.8], [-121.0], [-127.0], [-152.0], [-1100.0], [-3.52], [-6090.0], [-1.42], [-150.0], [-103.0], [-709.0], [-2.42], [-83.2], [-1.5], [-82.1], [-186.0], [-643.0], [-1.77]]
[False, False, True, True, False, False, False, False, True, False, False, False, False, False, False, True, False, False, False, False, False, False, False, False, False, False, False]
[Stage 1]Gen 69:  1st stage Reward: 0, Best reward: [45701.73]
Generation 68 耗时: 5.102秒
[-330.0, -1050.0, -4340.0, -22800.0, -109.0, -154.0, -274.0, -331.0, -3230.0, -12.0, -119.0, -124.0, -143.0, -1020.0, -3.43, -5980.0, -1.37, -98.4, -100.0, -691.0, -2.35, -80.5, -1.02, -78.9, -78.8, -632.0, -1.71]
[[-331.0], [-1460.0], [-5170.0], [-24600.0], [-111.0], [-162.0], [-344.0], [-354.0], [-3600.0], [-12.8], [-121.0], [-127.0], [-152.0], [-1100.0], [-3.52], [-6090.0], [-1.42], [-150.0], [-103.0], [-709.0], [-2.42], [-83.2], [-1.5], [-82.1], [-186.0], [-643.0], [-1.77]]
[False, False, True, True, False, False, False, False, True, False, False, False, False, False, False, True, False, False, False, False, False, False, False, False, False, False, False]
[Stage 1]Gen 70:  1st stage Reward: 0, Best reward: [45701.73]
Generation 69 耗时: 4.754秒
[-330.0, -973.0, -4340.0, -22800.0, -109.0, -154.0, -274.0, -331.0, -3230.0, -12.0, -119.0, -124.0, -143.0, -1020.0, -3.43, -5980.0, -1.37, -98.4, -100.0, -691.0, -2.35, -80.5, -1.02, -78.9, -78.8, -632.0, -1.71]
[[-331.0], [-1460.0], [-5170.0], [-24600.0], [-111.0], [-162.0], [-344.0], [-354.0], [-3600.0], [-12.8], [-121.0], [-127.0], [-152.0], [-1100.0], [-3.52], [-6090.0], [-1.42], [-150.0], [-103.0], [-709.0], [-2.42], [-83.2], [-1.5], [-82.1], [-186.0], [-643.0], [-1.77]]
[False, False, True, True, False, False, False, False, True, False, False, False, False, False, False, True, False, False, False, False, False, False, False, False, False, False, False]
[Stage 1]Gen 71:  1st stage Reward: 0, Best reward: [45701.73]
Generation 70 耗时: 4.755秒
[-330.0, -973.0, -4340.0, -22800.0, -109.0, -154.0, -274.0, -331.0, -3230.0, -12.0, -119.0, -124.0, -143.0, -1020.0, -3.43, -5980.0, -1.37, -98.4, -100.0, -691.0, -2.35, -80.5, -1.02, -78.9, -78.8, -632.0, -1.71]
[[-331.0], [-1460.0], [-5170.0], [-24600.0], [-111.0], [-162.0], [-344.0], [-354.0], [-3600.0], [-12.8], [-121.0], [-127.0], [-152.0], [-1100.0], [-3.52], [-6090.0], [-1.42], [-150.0], [-103.0], [-709.0], [-2.42], [-83.2], [-1.5], [-82.1], [-186.0], [-643.0], [-1.77]]
[False, False, True, True, False, False, False, False, True, False, False, False, False, False, False, True, False, False, False, False, False, False, False, False, False, False, False]
[Stage 1]Gen 72:  1st stage Reward: 0, Best reward: [45701.73]
Generation 71 耗时: 4.707秒
[-330.0, -973.0, -4340.0, -22800.0, -109.0, -154.0, -274.0, -331.0, -3230.0, -12.0, -119.0, -124.0, -143.0, -1020.0, -3.43, -5980.0, -1.37, -98.4, -100.0, -691.0, -2.35, -80.5, -1.02, -78.9, -78.8, -632.0, -1.71]
[[-331.0], [-1460.0], [-5170.0], [-24600.0], [-111.0], [-162.0], [-344.0], [-354.0], [-3600.0], [-12.8], [-121.0], [-127.0], [-152.0], [-1100.0], [-3.52], [-6090.0], [-1.42], [-150.0], [-103.0], [-709.0], [-2.42], [-83.2], [-1.5], [-82.1], [-186.0], [-643.0], [-1.77]]
[False, False, True, True, False, False, False, False, True, False, False, False, False, False, False, True, False, False, False, False, False, False, False, False, False, False, False]
[Stage 1]Gen 73:  1st stage Reward: 0, Best reward: [45701.73]
Generation 72 耗时: 4.805秒
[-330.0, -963.0, -4340.0, -22800.0, -109.0, -154.0, -274.0, -331.0, -3230.0, -12.0, -119.0, -124.0, -143.0, -1020.0, -3.43, -5980.0, -1.37, -98.4, -100.0, -691.0, -2.35, -80.5, -1.02, -78.9, -78.8, -632.0, -1.71]
[[-331.0], [-1460.0], [-5170.0], [-24600.0], [-111.0], [-162.0], [-344.0], [-354.0], [-3600.0], [-12.8], [-121.0], [-127.0], [-152.0], [-1100.0], [-3.52], [-6090.0], [-1.42], [-150.0], [-103.0], [-709.0], [-2.42], [-83.2], [-1.5], [-82.1], [-186.0], [-643.0], [-1.77]]
[False, False, True, True, False, False, False, False, True, False, False, False, False, False, False, True, False, False, False, False, False, False, False, False, False, False, False]
[Stage 1]Gen 74:  1st stage Reward: 0, Best reward: [45701.73]
Generation 73 耗时: 4.847秒
[-330.0, -963.0, -4340.0, -22800.0, -109.0, -154.0, -274.0, -331.0, -3230.0, -12.0, -119.0, -124.0, -143.0, -1020.0, -3.43, -5980.0, -1.37, -98.4, -100.0, -691.0, -2.35, -80.5, -1.02, -78.9, -78.8, -632.0, -1.71]
[[-331.0], [-1460.0], [-5170.0], [-24600.0], [-111.0], [-162.0], [-344.0], [-354.0], [-3600.0], [-12.8], [-121.0], [-127.0], [-152.0], [-1100.0], [-3.52], [-6090.0], [-1.42], [-150.0], [-103.0], [-709.0], [-2.42], [-83.2], [-1.5], [-82.1], [-186.0], [-643.0], [-1.77]]
[False, False, True, True, False, False, False, False, True, False, False, False, False, False, False, True, False, False, False, False, False, False, False, False, False, False, False]
[Stage 1]Gen 75:  1st stage Reward: 0, Best reward: [45701.73]
Generation 74 耗时: 4.885秒
[-330.0, -963.0, -4340.0, -22800.0, -109.0, -154.0, -274.0, -331.0, -3230.0, -12.0, -119.0, -124.0, -143.0, -1020.0, -3.43, -5980.0, -1.37, -98.4, -100.0, -691.0, -2.35, -80.5, -1.02, -78.9, -78.8, -632.0, -1.71]
[[-331.0], [-1460.0], [-5170.0], [-24600.0], [-111.0], [-162.0], [-344.0], [-354.0], [-3600.0], [-12.8], [-121.0], [-127.0], [-152.0], [-1100.0], [-3.52], [-6090.0], [-1.42], [-150.0], [-103.0], [-709.0], [-2.42], [-83.2], [-1.5], [-82.1], [-186.0], [-643.0], [-1.77]]
[False, False, True, True, False, False, False, False, True, False, False, False, False, False, False, True, False, False, False, False, False, False, False, False, False, False, False]
[Stage 1]Gen 76:  1st stage Reward: 0, Best reward: [45701.73]
Generation 75 耗时: 4.956秒
[-330.0, -963.0, -4340.0, -22800.0, -109.0, -154.0, -274.0, -331.0, -3230.0, -12.0, -119.0, -124.0, -143.0, -1020.0, -3.43, -5980.0, -1.37, -98.4, -100.0, -691.0, -2.35, -80.5, -1.02, -78.9, -78.8, -632.0, -1.71]
[[-331.0], [-1460.0], [-5170.0], [-24600.0], [-111.0], [-162.0], [-344.0], [-354.0], [-3600.0], [-12.8], [-121.0], [-127.0], [-152.0], [-1100.0], [-3.52], [-6090.0], [-1.42], [-150.0], [-103.0], [-709.0], [-2.42], [-83.2], [-1.5], [-82.1], [-186.0], [-643.0], [-1.77]]
[False, False, True, True, False, False, False, False, True, False, False, False, False, False, False, True, False, False, False, False, False, False, False, False, False, False, False]
[Stage 1]Gen 77:  1st stage Reward: 0, Best reward: [45701.73]
Generation 76 耗时: 4.717秒
[-330.0, -963.0, -4340.0, -22800.0, -109.0, -154.0, -274.0, -331.0, -3230.0, -12.0, -119.0, -124.0, -143.0, -1020.0, -3.43, -5980.0, -1.37, -98.4, -100.0, -691.0, -2.35, -80.5, -1.02, -78.9, -78.8, -632.0, -1.71]
[[-331.0], [-1460.0], [-5170.0], [-24600.0], [-111.0], [-162.0], [-344.0], [-354.0], [-3600.0], [-12.8], [-121.0], [-127.0], [-152.0], [-1100.0], [-3.52], [-6090.0], [-1.42], [-150.0], [-103.0], [-709.0], [-2.42], [-83.2], [-1.5], [-82.1], [-186.0], [-643.0], [-1.77]]
[False, False, True, True, False, False, False, False, True, False, False, False, False, False, False, True, False, False, False, False, False, False, False, False, False, False, False]
[Stage 1]Gen 78:  1st stage Reward: 0, Best reward: [45701.73]
Generation 77 耗时: 4.694秒
[-330.0, -963.0, -4340.0, -22800.0, -109.0, -154.0, -274.0, -331.0, -3230.0, -12.0, -119.0, -124.0, -143.0, -1020.0, -3.43, -5980.0, -1.37, -98.4, -100.0, -691.0, -2.35, -80.5, -1.02, -78.9, -78.8, -632.0, -1.71]
[[-331.0], [-1460.0], [-5170.0], [-24600.0], [-111.0], [-162.0], [-344.0], [-354.0], [-3600.0], [-12.8], [-121.0], [-127.0], [-152.0], [-1100.0], [-3.52], [-6090.0], [-1.42], [-150.0], [-103.0], [-709.0], [-2.42], [-83.2], [-1.5], [-82.1], [-186.0], [-643.0], [-1.77]]
[False, False, True, True, False, False, False, False, True, False, False, False, False, False, False, True, False, False, False, False, False, False, False, False, False, False, False]
[Stage 1]Gen 79:  1st stage Reward: 0, Best reward: [45701.73]
Generation 78 耗时: 4.771秒
[-330.0, -963.0, -4340.0, -22800.0, -109.0, -154.0, -274.0, -331.0, -3230.0, -12.0, -119.0, -124.0, -143.0, -1020.0, -3.43, -5980.0, -1.37, -98.4, -100.0, -691.0, -2.35, -80.5, -1.02, -78.9, -78.8, -632.0, -1.71]
[[-331.0], [-1460.0], [-5170.0], [-24600.0], [-111.0], [-162.0], [-344.0], [-354.0], [-3600.0], [-12.8], [-121.0], [-127.0], [-152.0], [-1100.0], [-3.52], [-6090.0], [-1.42], [-150.0], [-103.0], [-709.0], [-2.42], [-83.2], [-1.5], [-82.1], [-186.0], [-643.0], [-1.77]]
[False, False, True, True, False, False, False, False, True, False, False, False, False, False, False, True, False, False, False, False, False, False, False, False, False, False, False]
[Stage 1]Gen 80:  1st stage Reward: 0, Best reward: [45701.73]
Generation 79 耗时: 4.813秒
[-330.0, -963.0, -4340.0, -22800.0, -109.0, -154.0, -274.0, -331.0, -3230.0, -12.0, -119.0, -124.0, -143.0, -1020.0, -3.43, -5980.0, -1.37, -98.4, -100.0, -691.0, -2.35, -80.5, -1.02, -78.9, -78.8, -632.0, -1.71]
[[-331.0], [-1460.0], [-5170.0], [-24600.0], [-111.0], [-162.0], [-344.0], [-354.0], [-3600.0], [-12.8], [-121.0], [-127.0], [-152.0], [-1100.0], [-3.52], [-6090.0], [-1.42], [-150.0], [-103.0], [-709.0], [-2.42], [-83.2], [-1.5], [-82.1], [-186.0], [-643.0], [-1.77]]
[False, False, True, True, False, False, False, False, True, False, False, False, False, False, False, True, False, False, False, False, False, False, False, False, False, False, False]
[Stage 1]Gen 81:  1st stage Reward: 0, Best reward: [45701.73]
Generation 80 耗时: 4.761秒
[-330.0, -963.0, -4340.0, -22800.0, -109.0, -154.0, -274.0, -331.0, -3230.0, -12.0, -119.0, -124.0, -143.0, -1020.0, -3.43, -5980.0, -1.37, -98.4, -100.0, -691.0, -2.35, -80.5, -1.02, -78.9, -78.8, -632.0, -1.71]
[[-331.0], [-1460.0], [-5170.0], [-24600.0], [-111.0], [-162.0], [-344.0], [-354.0], [-3600.0], [-12.8], [-121.0], [-127.0], [-152.0], [-1100.0], [-3.52], [-6090.0], [-1.42], [-150.0], [-103.0], [-709.0], [-2.42], [-83.2], [-1.5], [-82.1], [-186.0], [-643.0], [-1.77]]
[False, False, True, True, False, False, False, False, True, False, False, False, False, False, False, True, False, False, False, False, False, False, False, False, False, False, False]
[Stage 1]Gen 82:  1st stage Reward: 0, Best reward: [45701.73]
Generation 81 耗时: 4.887秒
[-330.0, -963.0, -4340.0, -22800.0, -109.0, -154.0, -274.0, -331.0, -3230.0, -12.0, -119.0, -124.0, -143.0, -1020.0, -3.43, -5980.0, -1.37, -98.4, -100.0, -691.0, -2.35, -80.5, -1.02, -78.9, -78.8, -632.0, -1.71]
[[-331.0], [-1460.0], [-5170.0], [-24600.0], [-111.0], [-162.0], [-344.0], [-354.0], [-3600.0], [-12.8], [-121.0], [-127.0], [-152.0], [-1100.0], [-3.52], [-6090.0], [-1.42], [-150.0], [-103.0], [-709.0], [-2.42], [-83.2], [-1.5], [-82.1], [-186.0], [-643.0], [-1.77]]
[False, False, True, True, False, False, False, False, True, False, False, False, False, False, False, True, False, False, False, False, False, False, False, False, False, False, False]
[Stage 1]Gen 83:  1st stage Reward: 0, Best reward: [45701.73]
Generation 82 耗时: 4.946秒
[-330.0, -963.0, -4340.0, -22800.0, -109.0, -154.0, -274.0, -331.0, -3230.0, -12.0, -119.0, -124.0, -143.0, -1020.0, -3.43, -5980.0, -1.37, -98.4, -100.0, -691.0, -2.35, -80.5, -1.02, -78.9, -78.8, -632.0, -1.71]
[[-331.0], [-1460.0], [-5170.0], [-24600.0], [-111.0], [-162.0], [-344.0], [-354.0], [-3600.0], [-12.8], [-121.0], [-127.0], [-152.0], [-1100.0], [-3.52], [-6090.0], [-1.42], [-150.0], [-103.0], [-709.0], [-2.42], [-83.2], [-1.5], [-82.1], [-186.0], [-643.0], [-1.77]]
[False, False, True, True, False, False, False, False, True, False, False, False, False, False, False, True, False, False, False, False, False, False, False, False, False, False, False]
[Stage 1]Gen 84:  1st stage Reward: 0, Best reward: [45701.73]
Generation 83 耗时: 4.627秒
[-330.0, -963.0, -4340.0, -22800.0, -109.0, -154.0, -274.0, -331.0, -3230.0, -12.0, -119.0, -124.0, -143.0, -1020.0, -3.43, -5980.0, -1.37, -98.4, -100.0, -691.0, -2.35, -80.5, -1.02, -78.9, -78.8, -632.0, -1.71]
[[-331.0], [-1460.0], [-5170.0], [-24600.0], [-111.0], [-162.0], [-344.0], [-354.0], [-3600.0], [-12.8], [-121.0], [-127.0], [-152.0], [-1100.0], [-3.52], [-6090.0], [-1.42], [-150.0], [-103.0], [-709.0], [-2.42], [-83.2], [-1.5], [-82.1], [-186.0], [-643.0], [-1.77]]
[False, False, True, True, False, False, False, False, True, False, False, False, False, False, False, True, False, False, False, False, False, False, False, False, False, False, False]
[Stage 1]Gen 85:  1st stage Reward: 0, Best reward: [45701.73]
Generation 84 耗时: 4.728秒
[-330.0, -963.0, -4340.0, -22800.0, -109.0, -154.0, -274.0, -331.0, -3230.0, -12.0, -119.0, -124.0, -143.0, -1020.0, -3.43, -5980.0, -1.37, -98.4, -100.0, -691.0, -2.35, -80.5, -1.02, -78.9, -78.8, -632.0, -1.71]
[[-331.0], [-1460.0], [-5170.0], [-24600.0], [-111.0], [-162.0], [-344.0], [-354.0], [-3600.0], [-12.8], [-121.0], [-127.0], [-152.0], [-1100.0], [-3.52], [-6090.0], [-1.42], [-150.0], [-103.0], [-709.0], [-2.42], [-83.2], [-1.5], [-82.1], [-186.0], [-643.0], [-1.77]]
[False, False, True, True, False, False, False, False, True, False, False, False, False, False, False, True, False, False, False, False, False, False, False, False, False, False, False]
[Stage 1]Gen 86:  1st stage Reward: 0, Best reward: [45701.73]
Generation 85 耗时: 4.773秒
[-330.0, -963.0, -4340.0, -22800.0, -109.0, -154.0, -274.0, -331.0, -3230.0, -12.0, -119.0, -124.0, -143.0, -1020.0, -3.43, -5980.0, -1.37, -98.4, -100.0, -691.0, -2.35, -80.5, -1.02, -78.9, -78.8, -632.0, -1.71]
[[-331.0], [-1460.0], [-5170.0], [-24600.0], [-111.0], [-162.0], [-344.0], [-354.0], [-3600.0], [-12.8], [-121.0], [-127.0], [-152.0], [-1100.0], [-3.52], [-6090.0], [-1.42], [-150.0], [-103.0], [-709.0], [-2.42], [-83.2], [-1.5], [-82.1], [-186.0], [-643.0], [-1.77]]
[False, False, True, True, False, False, False, False, True, False, False, False, False, False, False, True, False, False, False, False, False, False, False, False, False, False, False]
[Stage 1]Gen 87:  1st stage Reward: 0, Best reward: [45701.73]
Generation 86 耗时: 4.851秒
[-330.0, -963.0, -4340.0, -22800.0, -109.0, -154.0, -274.0, -331.0, -3230.0, -12.0, -119.0, -124.0, -143.0, -1020.0, -3.43, -5980.0, -1.37, -98.4, -100.0, -691.0, -2.35, -80.5, -1.02, -78.9, -78.8, -632.0, -1.71]
[[-331.0], [-1460.0], [-5170.0], [-24600.0], [-111.0], [-162.0], [-344.0], [-354.0], [-3600.0], [-12.8], [-121.0], [-127.0], [-152.0], [-1100.0], [-3.52], [-6090.0], [-1.42], [-150.0], [-103.0], [-709.0], [-2.42], [-83.2], [-1.5], [-82.1], [-186.0], [-643.0], [-1.77]]
[False, False, True, True, False, False, False, False, True, False, False, False, False, False, False, True, False, False, False, False, False, False, False, False, False, False, False]
[Stage 1]Gen 88:  1st stage Reward: 0, Best reward: [45701.73]
Generation 87 耗时: 4.729秒
[-330.0, -963.0, -4340.0, -22800.0, -109.0, -154.0, -274.0, -331.0, -3230.0, -12.0, -119.0, -124.0, -143.0, -1020.0, -3.43, -5980.0, -1.37, -98.4, -100.0, -691.0, -2.35, -80.5, -1.02, -78.9, -78.8, -632.0, -1.71]
[[-331.0], [-1460.0], [-5170.0], [-24600.0], [-111.0], [-162.0], [-344.0], [-354.0], [-3600.0], [-12.8], [-121.0], [-127.0], [-152.0], [-1100.0], [-3.52], [-6090.0], [-1.42], [-150.0], [-103.0], [-709.0], [-2.42], [-83.2], [-1.5], [-82.1], [-186.0], [-643.0], [-1.77]]
[False, False, True, True, False, False, False, False, True, False, False, False, False, False, False, True, False, False, False, False, False, False, False, False, False, False, False]
[Stage 1]Gen 89:  1st stage Reward: 0, Best reward: [45701.73]
Generation 88 耗时: 4.853秒
[-330.0, -963.0, -4340.0, -22800.0, -109.0, -154.0, -274.0, -331.0, -3230.0, -12.0, -119.0, -124.0, -143.0, -1020.0, -3.43, -5980.0, -1.37, -98.4, -100.0, -691.0, -2.35, -80.5, -1.02, -78.9, -78.8, -632.0, -1.71]
[[-331.0], [-1460.0], [-5170.0], [-24600.0], [-111.0], [-162.0], [-344.0], [-354.0], [-3600.0], [-12.8], [-121.0], [-127.0], [-152.0], [-1100.0], [-3.52], [-6090.0], [-1.42], [-150.0], [-103.0], [-709.0], [-2.42], [-83.2], [-1.5], [-82.1], [-186.0], [-643.0], [-1.77]]
[False, False, True, True, False, False, False, False, True, False, False, False, False, False, False, True, False, False, False, False, False, False, False, False, False, False, False]
[Stage 1]Gen 90:  1st stage Reward: 0, Best reward: [45701.73]
Generation 89 耗时: 4.631秒
[-330.0, -963.0, -4340.0, -22800.0, -109.0, -154.0, -274.0, -331.0, -3230.0, -12.0, -119.0, -124.0, -143.0, -1020.0, -3.43, -5980.0, -1.37, -98.4, -100.0, -691.0, -2.35, -80.5, -1.02, -78.9, -78.8, -632.0, -1.71]
[[-331.0], [-1460.0], [-5170.0], [-24600.0], [-111.0], [-162.0], [-344.0], [-354.0], [-3600.0], [-12.8], [-121.0], [-127.0], [-152.0], [-1100.0], [-3.52], [-6090.0], [-1.42], [-150.0], [-103.0], [-709.0], [-2.42], [-83.2], [-1.5], [-82.1], [-186.0], [-643.0], [-1.77]]
[False, False, True, True, False, False, False, False, True, False, False, False, False, False, False, True, False, False, False, False, False, False, False, False, False, False, False]
[Stage 1]Gen 91:  1st stage Reward: 0, Best reward: [45701.73]
Generation 90 耗时: 4.739秒
[-330.0, -963.0, -4340.0, -22800.0, -109.0, -154.0, -274.0, -331.0, -3230.0, -12.0, -119.0, -124.0, -143.0, -1020.0, -3.43, -5980.0, -1.37, -98.4, -100.0, -691.0, -2.35, -80.5, -1.02, -78.9, -78.8, -632.0, -1.71]
[[-331.0], [-1460.0], [-5170.0], [-24600.0], [-111.0], [-162.0], [-344.0], [-354.0], [-3600.0], [-12.8], [-121.0], [-127.0], [-152.0], [-1100.0], [-3.52], [-6090.0], [-1.42], [-150.0], [-103.0], [-709.0], [-2.42], [-83.2], [-1.5], [-82.1], [-186.0], [-643.0], [-1.77]]
[False, False, True, True, False, False, False, False, True, False, False, False, False, False, False, True, False, False, False, False, False, False, False, False, False, False, False]
[Stage 1]Gen 92:  1st stage Reward: 0, Best reward: [45701.73]
Generation 91 耗时: 4.711秒
[-330.0, -963.0, -4340.0, -22800.0, -109.0, -154.0, -274.0, -331.0, -3230.0, -12.0, -119.0, -124.0, -143.0, -1020.0, -3.43, -5980.0, -1.37, -98.4, -100.0, -691.0, -2.35, -80.5, -1.02, -78.9, -78.8, -632.0, -1.71]
[[-331.0], [-1460.0], [-5170.0], [-24600.0], [-111.0], [-162.0], [-344.0], [-354.0], [-3600.0], [-12.8], [-121.0], [-127.0], [-152.0], [-1100.0], [-3.52], [-6090.0], [-1.42], [-150.0], [-103.0], [-709.0], [-2.42], [-83.2], [-1.5], [-82.1], [-186.0], [-643.0], [-1.77]]
[False, False, True, True, False, False, False, False, True, False, False, False, False, False, False, True, False, False, False, False, False, False, False, False, False, False, False]
[Stage 1]Gen 93:  1st stage Reward: 0, Best reward: [45701.73]
Generation 92 耗时: 4.657秒
[-330.0, -963.0, -4340.0, -22800.0, -109.0, -154.0, -274.0, -331.0, -3230.0, -12.0, -119.0, -124.0, -143.0, -1020.0, -3.43, -5980.0, -1.37, -98.4, -100.0, -691.0, -2.35, -80.5, -1.02, -78.9, -78.8, -632.0, -1.71]
[[-331.0], [-1460.0], [-5170.0], [-24600.0], [-111.0], [-162.0], [-344.0], [-354.0], [-3600.0], [-12.8], [-121.0], [-127.0], [-152.0], [-1100.0], [-3.52], [-6090.0], [-1.42], [-150.0], [-103.0], [-709.0], [-2.42], [-83.2], [-1.5], [-82.1], [-186.0], [-643.0], [-1.77]]
[False, False, True, True, False, False, False, False, True, False, False, False, False, False, False, True, False, False, False, False, False, False, False, False, False, False, False]
[Stage 1]Gen 94:  1st stage Reward: 0, Best reward: [45701.73]
Generation 93 耗时: 4.646秒
[-330.0, -963.0, -4340.0, -22800.0, -109.0, -154.0, -274.0, -331.0, -3230.0, -12.0, -119.0, -124.0, -143.0, -1020.0, -3.43, -5980.0, -1.37, -98.4, -100.0, -691.0, -2.35, -80.5, -1.02, -78.9, -78.8, -632.0, -1.71]
[[-331.0], [-1460.0], [-5170.0], [-24600.0], [-111.0], [-162.0], [-344.0], [-354.0], [-3600.0], [-12.8], [-121.0], [-127.0], [-152.0], [-1100.0], [-3.52], [-6090.0], [-1.42], [-150.0], [-103.0], [-709.0], [-2.42], [-83.2], [-1.5], [-82.1], [-186.0], [-643.0], [-1.77]]
[False, False, True, True, False, False, False, False, True, False, False, False, False, False, False, True, False, False, False, False, False, False, False, False, False, False, False]
[Stage 1]Gen 95:  1st stage Reward: 0, Best reward: [45701.73]
Generation 94 耗时: 4.846秒
[-330.0, -963.0, -4340.0, -22800.0, -109.0, -154.0, -274.0, -331.0, -3230.0, -12.0, -119.0, -124.0, -143.0, -1020.0, -3.43, -5980.0, -1.37, -98.4, -100.0, -691.0, -2.35, -80.5, -1.02, -78.9, -78.8, -632.0, -1.71]
[[-331.0], [-1460.0], [-5170.0], [-24600.0], [-111.0], [-162.0], [-344.0], [-354.0], [-3600.0], [-12.8], [-121.0], [-127.0], [-152.0], [-1100.0], [-3.52], [-6090.0], [-1.42], [-150.0], [-103.0], [-709.0], [-2.42], [-83.2], [-1.5], [-82.1], [-186.0], [-643.0], [-1.77]]
[False, False, True, True, False, False, False, False, True, False, False, False, False, False, False, True, False, False, False, False, False, False, False, False, False, False, False]
[Stage 1]Gen 96:  1st stage Reward: 0, Best reward: [45701.73]
Generation 95 耗时: 4.945秒
[-330.0, -963.0, -4340.0, -22800.0, -109.0, -154.0, -274.0, -331.0, -3230.0, -12.0, -119.0, -124.0, -143.0, -1020.0, -3.43, -5980.0, -1.37, -98.4, -100.0, -691.0, -2.35, -80.5, -1.02, -78.9, -78.8, -632.0, -1.71]
[[-331.0], [-1460.0], [-5170.0], [-24600.0], [-111.0], [-162.0], [-344.0], [-354.0], [-3600.0], [-12.8], [-121.0], [-127.0], [-152.0], [-1100.0], [-3.52], [-6090.0], [-1.42], [-150.0], [-103.0], [-709.0], [-2.42], [-83.2], [-1.5], [-82.1], [-186.0], [-643.0], [-1.77]]
[False, False, True, True, False, False, False, False, True, False, False, False, False, False, False, True, False, False, False, False, False, False, False, False, False, False, False]
[Stage 1]Gen 97:  1st stage Reward: 0, Best reward: [45701.73]
Generation 96 耗时: 4.832秒
[-330.0, -963.0, -4340.0, -22800.0, -109.0, -154.0, -274.0, -331.0, -3230.0, -12.0, -119.0, -124.0, -143.0, -1020.0, -3.43, -5980.0, -1.37, -98.4, -100.0, -691.0, -2.35, -80.5, -1.02, -78.9, -78.8, -632.0, -1.71]
[[-331.0], [-1460.0], [-5170.0], [-24600.0], [-111.0], [-162.0], [-344.0], [-354.0], [-3600.0], [-12.8], [-121.0], [-127.0], [-152.0], [-1100.0], [-3.52], [-6090.0], [-1.42], [-150.0], [-103.0], [-709.0], [-2.42], [-83.2], [-1.5], [-82.1], [-186.0], [-643.0], [-1.77]]
[False, False, True, True, False, False, False, False, True, False, False, False, False, False, False, True, False, False, False, False, False, False, False, False, False, False, False]
[Stage 1]Gen 98:  1st stage Reward: 0, Best reward: [45701.73]
Generation 97 耗时: 4.714秒
[-330.0, -963.0, -4340.0, -22800.0, -109.0, -154.0, -274.0, -331.0, -3230.0, -12.0, -119.0, -124.0, -143.0, -976.0, -3.43, -5980.0, -1.37, -98.4, -100.0, -691.0, -2.35, -80.5, -1.02, -78.9, -78.8, -632.0, -1.71]
[[-331.0], [-1460.0], [-5170.0], [-24600.0], [-111.0], [-162.0], [-344.0], [-354.0], [-3600.0], [-12.8], [-121.0], [-127.0], [-152.0], [-1100.0], [-3.52], [-6090.0], [-1.42], [-150.0], [-103.0], [-709.0], [-2.42], [-83.2], [-1.5], [-82.1], [-186.0], [-643.0], [-1.77]]
[False, False, True, True, False, False, False, False, True, False, False, False, False, False, False, True, False, False, False, False, False, False, False, False, False, False, False]
[Stage 1]Gen 99:  1st stage Reward: 0, Best reward: [45701.73]
Generation 98 耗时: 4.701秒
[-330.0, -963.0, -4340.0, -22800.0, -109.0, -154.0, -274.0, -331.0, -3230.0, -12.0, -119.0, -124.0, -143.0, -974.0, -3.43, -5980.0, -1.37, -98.4, -100.0, -691.0, -2.35, -80.5, -1.02, -78.9, -78.8, -632.0, -1.71]
[[-331.0], [-1460.0], [-5170.0], [-24600.0], [-111.0], [-162.0], [-344.0], [-354.0], [-3600.0], [-12.8], [-121.0], [-127.0], [-152.0], [-1100.0], [-3.52], [-6090.0], [-1.42], [-150.0], [-103.0], [-709.0], [-2.42], [-83.2], [-1.5], [-82.1], [-186.0], [-643.0], [-1.77]]
[False, False, True, True, False, False, False, False, True, False, False, False, False, False, False, True, False, False, False, False, False, False, False, False, False, False, False]
[Stage 1]Gen 100:  1st stage Reward: 0, Best reward: [45701.73]
Generation 99 耗时: 4.659秒
耗时:  476.4004428386688
{'arch': {'arithmetic': {'instances': 1024, 'word-bits': 8}, 'storage': [{'name': 'Registers', 'entries': 1, 'instances': 1024, 'word-bits': 8, 'cluster-size': 1, 'num-ports': 2, 'num-banks': 8}, {'name': 'AccumulationBuffer', 'entries': 3072, 'instances': 16, 'word-bits': 24, 'cluster-size': 1, 'network-word-bits': 16, 'num-ports': 2, 'num-banks': 2}, {'name': 'WeightBuffer', 'entries': 32768, 'instances': 16, 'word-bits': 8, 'block-size': 4, 'num-ports': 1, 'num-banks': 8}, {'name': 'InputBuffer', 'entries': 8192, 'instances': 16, 'word-bits': 8, 'block-size': 4, 'num-ports': 2, 'num-banks': 1}, {'name': 'GlobalBuffer', 'entries': 65536, 'instances': 1, 'word-bits': 8, 'block-size': 8, 'num-ports': 2, 'num-banks': 256}, {'name': 'DRAM', 'technology': 'DRAM', 'instances': 1, 'word-bits': 8, 'block-size': 64, 'bandwidth': 1}]}}
['DRAM', 'GlobalBuffer', 'InputBuffer', 'WeightBuffer', 'AccumulationBuffer', 'Registers'] [1, 1, 16, 16, 16, 1024, 1024] [inf, 65536, 8192, 32768, 3072, 1]
[1, 16, 1, 1, 64, 1]
20
[-46200000.0, -395000000.0, -236000000000.0, -96700.0, -569000.0, -697000.0]
[[-210000000000.0], [-3610000000.0], [-2130000000000.0], [-96700.0], [-569000.0], [-697000.0]]
[False, False, False, False, False, False]
[Stage 1]Gen 1:  1st stage Reward: 0, Best reward: [2.34361136e+12]
Generation 0 耗时: 1.134秒
[-35800000.0, -283000000.0, -236000000000.0, -78900.0, -503000.0, -498000.0]
[[-45500000.0], [-283000000.0], [-247000000000.0], [-78900.0], [-503000.0], [-498000.0]]
[False, False, False, False, False, False]
[Stage 1]Gen 2:  1st stage Reward: 0, Best reward: [2.4732958e+11]
Generation 1 耗时: 1.114秒
[-27400000.0, -283000000.0, -11900000000.0, -71500.0, -476000.0, -497000.0]
[[-27900000.0], [-310000000.0], [-14700000000.0], [-186000.0], [-894000.0], [-952000.0]]
[False, False, False, False, False, False]
[Stage 1]Gen 3:  1st stage Reward: 0, Best reward: [1.5039932e+10]
Generation 2 耗时: 1.094秒
[-20200000.0, -283000000.0, -3620000000.0, -71500.0, -476000.0, -497000.0]
[[-2660000000.0], [-287000000.0], [-3620000000.0], [-95000.0], [-561000.0], [-566000.0]]
[False, False, False, False, False, False]
[Stage 1]Gen 4:  1st stage Reward: 0, Best reward: [6.568222e+09]
Generation 3 耗时: 1.069秒
[-20200000.0, -283000000.0, -3600000000.0, -71500.0, -476000.0, -497000.0]
[[-27400000.0], [-287000000.0], [-3620000000.0], [-95000.0], [-561000.0], [-566000.0]]
[False, False, False, False, False, False]
[Stage 1]Gen 5:  1st stage Reward: 0, Best reward: [3.935622e+09]
Generation 4 耗时: 1.112秒
[-20200000.0, -211000000.0, -2940000000.0, -71500.0, -476000.0, -497000.0]
[[-409000000.0], [-301000000.0], [-2940000000.0], [-150000.0], [-758000.0], [-1090000.0]]
[False, False, False, False, False, False]
[Stage 1]Gen 6:  1st stage Reward: 0, Best reward: [3.651998e+09]
Generation 5 耗时: 1.036秒
[-20200000.0, -211000000.0, -2840000000.0, -71500.0, -476000.0, -497000.0]
[[-35800000.0], [-388000000.0], [-2840000000.0], [-125000.0], [-670000.0], [-686000.0]]
[False, False, False, False, False, False]
[Stage 1]Gen 7:  1st stage Reward: 0, Best reward: [3.265281e+09]
Generation 6 耗时: 1.036秒
[-20200000.0, -211000000.0, -2670000000.0, -71500.0, -476000.0, -497000.0]
[[-35800000.0], [-388000000.0], [-2830000000.0], [-125000.0], [-670000.0], [-900000.0]]
[False, False, False, False, False, False]
[Stage 1]Gen 8:  1st stage Reward: 0, Best reward: [3.255495e+09]
Generation 7 耗时: 1.043秒
[-20200000.0, -211000000.0, -2670000000.0, -71500.0, -476000.0, -497000.0]
[[-35800000.0], [-388000000.0], [-2830000000.0], [-125000.0], [-670000.0], [-900000.0]]
[False, False, False, False, False, False]
[Stage 1]Gen 9:  1st stage Reward: 0, Best reward: [3.255495e+09]
Generation 8 耗时: 1.021秒
[-20200000.0, -211000000.0, -1450000000.0, -71500.0, -476000.0, -497000.0]
[[-35800000.0], [-388000000.0], [-1450000000.0], [-125000.0], [-670000.0], [-686000.0]]
[False, False, False, False, False, False]
[Stage 1]Gen 10:  1st stage Reward: 0, Best reward: [1.875281e+09]
Generation 9 耗时: 1.050秒
[-20100000.0, -116000000.0, -1450000000.0, -71500.0, -476000.0, -497000.0]
[[-35800000.0], [-388000000.0], [-1450000000.0], [-125000.0], [-670000.0], [-686000.0]]
[False, False, False, False, False, False]
[Stage 1]Gen 11:  1st stage Reward: 0, Best reward: [1.875281e+09]
Generation 10 耗时: 1.030秒
[-20100000.0, -110000000.0, -1450000000.0, -69600.0, -476000.0, -497000.0]
[[-35800000.0], [-388000000.0], [-1450000000.0], [-125000.0], [-670000.0], [-686000.0]]
[False, False, False, False, False, False]
[Stage 1]Gen 12:  1st stage Reward: 0, Best reward: [1.875281e+09]
Generation 11 耗时: 0.973秒
[-20100000.0, -110000000.0, -1450000000.0, -69600.0, -476000.0, -497000.0]
[[-35800000.0], [-112000000.0], [-1450000000.0], [-92800.0], [-670000.0], [-686000.0]]
[False, False, False, False, False, False]
[Stage 1]Gen 13:  1st stage Reward: 0, Best reward: [1.5992488e+09]
Generation 12 耗时: 1.079秒
[-20100000.0, -110000000.0, -1450000000.0, -69600.0, -476000.0, -497000.0]
[[-35800000.0], [-112000000.0], [-1450000000.0], [-92800.0], [-670000.0], [-686000.0]]
[False, False, False, False, False, False]
[Stage 1]Gen 14:  1st stage Reward: 0, Best reward: [1.5992488e+09]
Generation 13 耗时: 0.994秒
[-20100000.0, -110000000.0, -1450000000.0, -69600.0, -476000.0, -497000.0]
[[-35800000.0], [-112000000.0], [-1450000000.0], [-92800.0], [-670000.0], [-686000.0]]
[False, False, False, False, False, False]
[Stage 1]Gen 15:  1st stage Reward: 0, Best reward: [1.5992488e+09]
Generation 14 耗时: 1.015秒
[-20100000.0, -64100000.0, -1200000000.0, -69600.0, -476000.0, -497000.0]
[[-35800000.0], [-112000000.0], [-1450000000.0], [-92800.0], [-670000.0], [-686000.0]]
[False, False, False, False, False, False]
[Stage 1]Gen 16:  1st stage Reward: 0, Best reward: [1.5992488e+09]
Generation 15 耗时: 0.992秒
[-20100000.0, -64100000.0, -1200000000.0, -69600.0, -476000.0, -497000.0]
[[-35800000.0], [-112000000.0], [-1450000000.0], [-92800.0], [-670000.0], [-686000.0]]
[False, False, False, False, False, False]
[Stage 1]Gen 17:  1st stage Reward: 0, Best reward: [1.5992488e+09]
Generation 16 耗时: 0.947秒
[-20100000.0, -64100000.0, -1200000000.0, -69600.0, -476000.0, -497000.0]
[[-35800000.0], [-112000000.0], [-1450000000.0], [-92800.0], [-670000.0], [-686000.0]]
[False, False, False, False, False, False]
[Stage 1]Gen 18:  1st stage Reward: 0, Best reward: [1.5992488e+09]
Generation 17 耗时: 0.981秒
[-20100000.0, -64100000.0, -1200000000.0, -69600.0, -476000.0, -497000.0]
[[-35800000.0], [-112000000.0], [-1450000000.0], [-92800.0], [-670000.0], [-673000.0]]
[False, False, False, False, False, False]
[Stage 1]Gen 19:  1st stage Reward: 0, Best reward: [1.5992358e+09]
Generation 18 耗时: 0.983秒
[-20100000.0, -64100000.0, -1200000000.0, -69600.0, -476000.0, -497000.0]
[[-35800000.0], [-112000000.0], [-1450000000.0], [-92800.0], [-670000.0], [-673000.0]]
[False, False, False, False, False, False]
[Stage 1]Gen 20:  1st stage Reward: 0, Best reward: [1.5992358e+09]
Generation 19 耗时: 1.161秒
[-20100000.0, -64100000.0, -1130000000.0, -69600.0, -476000.0, -497000.0]
[[-53600000.0], [-69400000.0], [-1130000000.0], [-105000.0], [-762000.0], [-788000.0]]
[False, False, False, False, False, False]
[Stage 1]Gen 21:  1st stage Reward: 0, Best reward: [1.254655e+09]
Generation 20 耗时: 0.980秒
[-20100000.0, -64100000.0, -1130000000.0, -69600.0, -476000.0, -497000.0]
[[-53600000.0], [-69400000.0], [-1130000000.0], [-105000.0], [-762000.0], [-788000.0]]
[False, False, False, False, False, False]
[Stage 1]Gen 22:  1st stage Reward: 0, Best reward: [1.254655e+09]
Generation 21 耗时: 0.980秒
[-20100000.0, -64100000.0, -1120000000.0, -69600.0, -476000.0, -497000.0]
[[-53600000.0], [-69400000.0], [-1130000000.0], [-105000.0], [-762000.0], [-788000.0]]
[False, False, False, False, False, False]
[Stage 1]Gen 23:  1st stage Reward: 0, Best reward: [1.254655e+09]
Generation 22 耗时: 1.007秒
[-20100000.0, -64100000.0, -1120000000.0, -69600.0, -476000.0, -497000.0]
[[-53600000.0], [-69400000.0], [-1130000000.0], [-105000.0], [-762000.0], [-788000.0]]
[False, False, False, False, False, False]
[Stage 1]Gen 24:  1st stage Reward: 0, Best reward: [1.254655e+09]
Generation 23 耗时: 0.978秒
[-20100000.0, -64100000.0, -1120000000.0, -69600.0, -476000.0, -497000.0]
[[-53600000.0], [-69400000.0], [-1130000000.0], [-105000.0], [-762000.0], [-788000.0]]
[False, False, False, False, False, False]
[Stage 1]Gen 25:  1st stage Reward: 0, Best reward: [1.254655e+09]
Generation 24 耗时: 0.984秒
[-20100000.0, -64100000.0, -1120000000.0, -69600.0, -476000.0, -497000.0]
[[-53600000.0], [-69400000.0], [-1130000000.0], [-105000.0], [-762000.0], [-788000.0]]
[False, False, False, False, False, False]
[Stage 1]Gen 26:  1st stage Reward: 0, Best reward: [1.254655e+09]
Generation 25 耗时: 1.035秒
[-20100000.0, -64100000.0, -1120000000.0, -69600.0, -476000.0, -497000.0]
[[-53600000.0], [-69400000.0], [-1130000000.0], [-105000.0], [-762000.0], [-788000.0]]
[False, False, False, False, False, False]
[Stage 1]Gen 27:  1st stage Reward: 0, Best reward: [1.254655e+09]
Generation 26 耗时: 1.106秒
[-20100000.0, -64100000.0, -1120000000.0, -69600.0, -476000.0, -497000.0]
[[-53600000.0], [-69400000.0], [-1130000000.0], [-105000.0], [-762000.0], [-788000.0]]
[False, False, False, False, False, False]
[Stage 1]Gen 28:  1st stage Reward: 0, Best reward: [1.254655e+09]
Generation 27 耗时: 1.041秒
[-20100000.0, -64100000.0, -1120000000.0, -69600.0, -476000.0, -497000.0]
[[-53600000.0], [-69400000.0], [-1130000000.0], [-105000.0], [-762000.0], [-788000.0]]
[False, False, False, False, False, False]
[Stage 1]Gen 29:  1st stage Reward: 0, Best reward: [1.254655e+09]
Generation 28 耗时: 1.051秒
[-20100000.0, -64100000.0, -1100000000.0, -69600.0, -476000.0, -497000.0]
[[-53600000.0], [-69400000.0], [-1130000000.0], [-105000.0], [-762000.0], [-788000.0]]
[False, False, False, False, False, False]
[Stage 1]Gen 30:  1st stage Reward: 0, Best reward: [1.254655e+09]
Generation 29 耗时: 0.984秒
[-20100000.0, -64100000.0, -1100000000.0, -69600.0, -476000.0, -497000.0]
[[-53600000.0], [-69400000.0], [-1130000000.0], [-105000.0], [-762000.0], [-788000.0]]
[False, False, False, False, False, False]
[Stage 1]Gen 31:  1st stage Reward: 0, Best reward: [1.254655e+09]
Generation 30 耗时: 0.960秒
[-20100000.0, -64100000.0, -1100000000.0, -69600.0, -476000.0, -497000.0]
[[-53600000.0], [-69400000.0], [-1130000000.0], [-105000.0], [-762000.0], [-788000.0]]
[False, False, False, False, False, False]
[Stage 1]Gen 32:  1st stage Reward: 0, Best reward: [1.254655e+09]
Generation 31 耗时: 1.026秒
[-20100000.0, -64100000.0, -1100000000.0, -69600.0, -476000.0, -497000.0]
[[-53600000.0], [-69400000.0], [-1130000000.0], [-105000.0], [-762000.0], [-788000.0]]
[False, False, True, False, False, False]
[Stage 1]Gen 33:  1st stage Reward: 0, Best reward: [1.254655e+09]
Generation 32 耗时: 1.001秒
[-20100000.0, -64100000.0, -1100000000.0, -69600.0, -476000.0, -497000.0]
[[-53600000.0], [-69400000.0], [-1130000000.0], [-105000.0], [-762000.0], [-788000.0]]
[False, False, True, False, False, False]
[Stage 1]Gen 34:  1st stage Reward: 0, Best reward: [1.254655e+09]
Generation 33 耗时: 1.007秒
[-20100000.0, -64100000.0, -1100000000.0, -69600.0, -476000.0, -497000.0]
[[-53600000.0], [-69400000.0], [-1130000000.0], [-105000.0], [-762000.0], [-788000.0]]
[False, False, True, False, False, False]
[Stage 1]Gen 35:  1st stage Reward: 0, Best reward: [1.254655e+09]
Generation 34 耗时: 0.992秒
[-20100000.0, -64100000.0, -1100000000.0, -69600.0, -476000.0, -497000.0]
[[-53600000.0], [-69400000.0], [-1130000000.0], [-105000.0], [-762000.0], [-788000.0]]
[False, False, True, False, False, False]
[Stage 1]Gen 36:  1st stage Reward: 0, Best reward: [1.254655e+09]
Generation 35 耗时: 1.001秒
[-20100000.0, -64100000.0, -1100000000.0, -69600.0, -476000.0, -497000.0]
[[-53600000.0], [-69400000.0], [-1130000000.0], [-105000.0], [-762000.0], [-788000.0]]
[False, False, True, False, False, False]
[Stage 1]Gen 37:  1st stage Reward: 0, Best reward: [1.254655e+09]
Generation 36 耗时: 1.004秒
[-20100000.0, -64100000.0, -1100000000.0, -69600.0, -476000.0, -497000.0]
[[-53600000.0], [-69400000.0], [-1130000000.0], [-105000.0], [-762000.0], [-788000.0]]
[False, False, True, False, False, False]
[Stage 1]Gen 38:  1st stage Reward: 0, Best reward: [1.254655e+09]
Generation 37 耗时: 1.065秒
[-20100000.0, -64100000.0, -1100000000.0, -69600.0, -476000.0, -497000.0]
[[-53600000.0], [-69400000.0], [-1130000000.0], [-105000.0], [-762000.0], [-788000.0]]
[False, False, True, False, False, False]
[Stage 1]Gen 39:  1st stage Reward: 0, Best reward: [1.254655e+09]
Generation 38 耗时: 1.071秒
[-20100000.0, -64100000.0, -1100000000.0, -69600.0, -476000.0, -497000.0]
[[-53600000.0], [-69400000.0], [-1130000000.0], [-105000.0], [-762000.0], [-788000.0]]
[False, False, True, False, False, False]
[Stage 1]Gen 40:  1st stage Reward: 0, Best reward: [1.254655e+09]
Generation 39 耗时: 1.021秒
[-20100000.0, -64100000.0, -1100000000.0, -69600.0, -476000.0, -497000.0]
[[-53600000.0], [-69400000.0], [-1130000000.0], [-105000.0], [-762000.0], [-788000.0]]
[False, False, True, False, False, False]
[Stage 1]Gen 41:  1st stage Reward: 0, Best reward: [1.254655e+09]
Generation 40 耗时: 0.983秒
[-20100000.0, -64100000.0, -1100000000.0, -69600.0, -476000.0, -497000.0]
[[-53600000.0], [-69400000.0], [-1130000000.0], [-105000.0], [-762000.0], [-788000.0]]
[False, False, True, False, False, False]
[Stage 1]Gen 42:  1st stage Reward: 0, Best reward: [1.254655e+09]
Generation 41 耗时: 0.968秒
[-20100000.0, -64100000.0, -1100000000.0, -69600.0, -476000.0, -497000.0]
[[-53600000.0], [-69400000.0], [-1130000000.0], [-105000.0], [-762000.0], [-788000.0]]
[False, False, True, False, False, False]
[Stage 1]Gen 43:  1st stage Reward: 0, Best reward: [1.254655e+09]
Generation 42 耗时: 1.043秒
[-20100000.0, -64100000.0, -1100000000.0, -69600.0, -476000.0, -497000.0]
[[-53600000.0], [-69400000.0], [-1130000000.0], [-105000.0], [-762000.0], [-788000.0]]
[False, False, True, False, False, False]
[Stage 1]Gen 44:  1st stage Reward: 0, Best reward: [1.254655e+09]
Generation 43 耗时: 0.958秒
[-20100000.0, -64100000.0, -1100000000.0, -69600.0, -476000.0, -497000.0]
[[-53600000.0], [-69400000.0], [-1130000000.0], [-105000.0], [-762000.0], [-788000.0]]
[False, False, True, False, False, False]
[Stage 1]Gen 45:  1st stage Reward: 0, Best reward: [1.254655e+09]
Generation 44 耗时: 1.009秒
[-20100000.0, -64100000.0, -1100000000.0, -69600.0, -476000.0, -497000.0]
[[-53600000.0], [-69400000.0], [-1130000000.0], [-105000.0], [-762000.0], [-788000.0]]
[False, False, True, False, False, False]
[Stage 1]Gen 46:  1st stage Reward: 0, Best reward: [1.254655e+09]
Generation 45 耗时: 0.978秒
[-20100000.0, -64100000.0, -1100000000.0, -69600.0, -476000.0, -497000.0]
[[-53600000.0], [-69400000.0], [-1130000000.0], [-105000.0], [-762000.0], [-788000.0]]
[False, False, True, False, False, False]
[Stage 1]Gen 47:  1st stage Reward: 0, Best reward: [1.254655e+09]
Generation 46 耗时: 0.988秒
[-20100000.0, -64100000.0, -1100000000.0, -69600.0, -476000.0, -497000.0]
[[-53600000.0], [-69400000.0], [-1130000000.0], [-105000.0], [-762000.0], [-788000.0]]
[False, False, True, False, False, False]
[Stage 1]Gen 48:  1st stage Reward: 0, Best reward: [1.254655e+09]
Generation 47 耗时: 0.971秒
[-20100000.0, -64100000.0, -1100000000.0, -69600.0, -476000.0, -497000.0]
[[-53600000.0], [-69400000.0], [-1130000000.0], [-105000.0], [-762000.0], [-788000.0]]
[False, False, True, False, False, False]
[Stage 1]Gen 49:  1st stage Reward: 0, Best reward: [1.254655e+09]
Generation 48 耗时: 1.006秒
[-20100000.0, -64100000.0, -1100000000.0, -69600.0, -476000.0, -497000.0]
[[-53600000.0], [-69400000.0], [-1130000000.0], [-105000.0], [-762000.0], [-788000.0]]
[False, False, True, False, False, False]
[Stage 1]Gen 50:  1st stage Reward: 0, Best reward: [1.254655e+09]
Generation 49 耗时: 1.020秒
[-20100000.0, -64100000.0, -1100000000.0, -69600.0, -476000.0, -497000.0]
[[-53600000.0], [-69400000.0], [-1130000000.0], [-105000.0], [-762000.0], [-788000.0]]
[False, False, True, False, False, False]
[Stage 1]Gen 51:  1st stage Reward: 0, Best reward: [1.254655e+09]
Generation 50 耗时: 0.978秒
[-20100000.0, -64100000.0, -1100000000.0, -69600.0, -476000.0, -497000.0]
[[-53600000.0], [-69400000.0], [-1130000000.0], [-105000.0], [-762000.0], [-788000.0]]
[False, False, True, False, False, False]
[Stage 1]Gen 52:  1st stage Reward: 0, Best reward: [1.254655e+09]
Generation 51 耗时: 0.950秒
[-20100000.0, -64100000.0, -1100000000.0, -69600.0, -476000.0, -497000.0]
[[-53600000.0], [-69400000.0], [-1130000000.0], [-105000.0], [-762000.0], [-788000.0]]
[False, False, True, False, False, False]
[Stage 1]Gen 53:  1st stage Reward: 0, Best reward: [1.254655e+09]
Generation 52 耗时: 1.005秒
[-20100000.0, -64100000.0, -1100000000.0, -69600.0, -476000.0, -497000.0]
[[-53600000.0], [-69400000.0], [-1130000000.0], [-105000.0], [-762000.0], [-788000.0]]
[False, False, True, False, False, False]
[Stage 1]Gen 54:  1st stage Reward: 0, Best reward: [1.254655e+09]
Generation 53 耗时: 0.982秒
[-20100000.0, -64100000.0, -1100000000.0, -69600.0, -476000.0, -497000.0]
[[-53600000.0], [-69400000.0], [-1130000000.0], [-105000.0], [-762000.0], [-788000.0]]
[False, False, True, False, False, False]
[Stage 1]Gen 55:  1st stage Reward: 0, Best reward: [1.254655e+09]
Generation 54 耗时: 1.011秒
[-20100000.0, -64100000.0, -1100000000.0, -69600.0, -476000.0, -497000.0]
[[-53600000.0], [-69400000.0], [-1130000000.0], [-105000.0], [-762000.0], [-788000.0]]
[False, False, True, False, False, False]
[Stage 1]Gen 56:  1st stage Reward: 0, Best reward: [1.254655e+09]
Generation 55 耗时: 1.082秒
[-20100000.0, -64100000.0, -1100000000.0, -69600.0, -476000.0, -497000.0]
[[-53600000.0], [-69400000.0], [-1130000000.0], [-105000.0], [-762000.0], [-788000.0]]
[False, False, True, False, False, False]
[Stage 1]Gen 57:  1st stage Reward: 0, Best reward: [1.254655e+09]
Generation 56 耗时: 0.985秒
[-20100000.0, -64100000.0, -1100000000.0, -69600.0, -476000.0, -497000.0]
[[-53600000.0], [-69400000.0], [-1130000000.0], [-105000.0], [-762000.0], [-788000.0]]
[False, False, True, False, False, False]
[Stage 1]Gen 58:  1st stage Reward: 0, Best reward: [1.254655e+09]
Generation 57 耗时: 0.967秒
[-20100000.0, -64100000.0, -1100000000.0, -69600.0, -476000.0, -497000.0]
[[-53600000.0], [-69400000.0], [-1130000000.0], [-105000.0], [-762000.0], [-788000.0]]
[False, False, True, False, False, False]
[Stage 1]Gen 59:  1st stage Reward: 0, Best reward: [1.254655e+09]
Generation 58 耗时: 0.983秒
[-20100000.0, -64100000.0, -1100000000.0, -69600.0, -476000.0, -497000.0]
[[-53600000.0], [-69400000.0], [-1130000000.0], [-105000.0], [-762000.0], [-788000.0]]
[False, False, True, False, False, False]
[Stage 1]Gen 60:  1st stage Reward: 0, Best reward: [1.254655e+09]
Generation 59 耗时: 0.967秒
[-20100000.0, -64100000.0, -1100000000.0, -69600.0, -476000.0, -497000.0]
[[-53600000.0], [-69400000.0], [-1130000000.0], [-105000.0], [-762000.0], [-788000.0]]
[False, False, True, False, False, False]
[Stage 1]Gen 61:  1st stage Reward: 0, Best reward: [1.254655e+09]
Generation 60 耗时: 0.961秒
[-20100000.0, -64100000.0, -1100000000.0, -69600.0, -476000.0, -497000.0]
[[-53600000.0], [-69000000.0], [-1100000000.0], [-91400.0], [-660000.0], [-890000.0]]
[False, False, True, False, False, False]
[Stage 1]Gen 62:  1st stage Reward: 0, Best reward: [1.2242414e+09]
Generation 61 耗时: 1.027秒
[-20100000.0, -64100000.0, -1100000000.0, -69600.0, -476000.0, -497000.0]
[[-53600000.0], [-69000000.0], [-1100000000.0], [-91400.0], [-660000.0], [-890000.0]]
[False, False, True, False, False, False]
[Stage 1]Gen 63:  1st stage Reward: 0, Best reward: [1.2242414e+09]
Generation 62 耗时: 1.032秒
[-20100000.0, -64100000.0, -1100000000.0, -69600.0, -476000.0, -497000.0]
[[-53600000.0], [-69000000.0], [-1100000000.0], [-91400.0], [-660000.0], [-890000.0]]
[False, False, True, False, False, False]
[Stage 1]Gen 64:  1st stage Reward: 0, Best reward: [1.2242414e+09]
Generation 63 耗时: 0.983秒
[-20100000.0, -64100000.0, -1100000000.0, -69600.0, -476000.0, -497000.0]
[[-53600000.0], [-69000000.0], [-1100000000.0], [-91400.0], [-660000.0], [-890000.0]]
[False, False, True, False, False, False]
[Stage 1]Gen 65:  1st stage Reward: 0, Best reward: [1.2242414e+09]
Generation 64 耗时: 1.059秒
[-20100000.0, -64100000.0, -1100000000.0, -69600.0, -476000.0, -497000.0]
[[-53600000.0], [-69000000.0], [-1100000000.0], [-91400.0], [-660000.0], [-890000.0]]
[False, False, True, False, False, False]
[Stage 1]Gen 66:  1st stage Reward: 0, Best reward: [1.2242414e+09]
Generation 65 耗时: 1.012秒
[-20100000.0, -64100000.0, -1100000000.0, -69600.0, -476000.0, -497000.0]
[[-53600000.0], [-69000000.0], [-1100000000.0], [-91400.0], [-660000.0], [-890000.0]]
[False, False, True, False, False, False]
[Stage 1]Gen 67:  1st stage Reward: 0, Best reward: [1.2242414e+09]
Generation 66 耗时: 0.989秒
[-20100000.0, -64100000.0, -1100000000.0, -69600.0, -476000.0, -497000.0]
[[-53600000.0], [-69000000.0], [-1100000000.0], [-91400.0], [-660000.0], [-890000.0]]
[False, False, True, False, False, False]
[Stage 1]Gen 68:  1st stage Reward: 0, Best reward: [1.2242414e+09]
Generation 67 耗时: 0.998秒
[-20100000.0, -64100000.0, -1100000000.0, -69600.0, -476000.0, -497000.0]
[[-53600000.0], [-69000000.0], [-1100000000.0], [-91400.0], [-660000.0], [-890000.0]]
[False, False, True, False, False, False]
[Stage 1]Gen 69:  1st stage Reward: 0, Best reward: [1.2242414e+09]
Generation 68 耗时: 1.007秒
[-20100000.0, -64100000.0, -1100000000.0, -69600.0, -476000.0, -497000.0]
[[-53600000.0], [-69000000.0], [-1100000000.0], [-91400.0], [-660000.0], [-890000.0]]
[False, False, True, False, False, False]
[Stage 1]Gen 70:  1st stage Reward: 0, Best reward: [1.2242414e+09]
Generation 69 耗时: 0.978秒
[-20100000.0, -64100000.0, -1100000000.0, -69600.0, -476000.0, -497000.0]
[[-53600000.0], [-69000000.0], [-1100000000.0], [-91400.0], [-660000.0], [-890000.0]]
[False, False, True, False, False, False]
[Stage 1]Gen 71:  1st stage Reward: 0, Best reward: [1.2242414e+09]
Generation 70 耗时: 0.988秒
[-20100000.0, -64100000.0, -1100000000.0, -69600.0, -476000.0, -497000.0]
[[-53600000.0], [-69000000.0], [-1100000000.0], [-91400.0], [-660000.0], [-890000.0]]
[False, False, True, False, False, False]
[Stage 1]Gen 72:  1st stage Reward: 0, Best reward: [1.2242414e+09]
Generation 71 耗时: 0.963秒
[-20100000.0, -64100000.0, -1100000000.0, -69600.0, -476000.0, -497000.0]
[[-53600000.0], [-69000000.0], [-1100000000.0], [-91400.0], [-660000.0], [-890000.0]]
[False, False, True, False, False, False]
[Stage 1]Gen 73:  1st stage Reward: 0, Best reward: [1.2242414e+09]
Generation 72 耗时: 1.004秒
[-20100000.0, -64100000.0, -1100000000.0, -69600.0, -476000.0, -497000.0]
[[-53600000.0], [-69000000.0], [-1100000000.0], [-91400.0], [-660000.0], [-890000.0]]
[False, False, True, False, False, False]
[Stage 1]Gen 74:  1st stage Reward: 0, Best reward: [1.2242414e+09]
Generation 73 耗时: 0.974秒
[-20100000.0, -64100000.0, -1100000000.0, -69600.0, -476000.0, -497000.0]
[[-53600000.0], [-69000000.0], [-1100000000.0], [-91400.0], [-660000.0], [-890000.0]]
[False, False, True, False, False, False]
[Stage 1]Gen 75:  1st stage Reward: 0, Best reward: [1.2242414e+09]
Generation 74 耗时: 0.991秒
[-20100000.0, -64100000.0, -1100000000.0, -69600.0, -476000.0, -497000.0]
[[-53600000.0], [-69000000.0], [-1100000000.0], [-91400.0], [-660000.0], [-890000.0]]
[False, False, True, False, False, False]
[Stage 1]Gen 76:  1st stage Reward: 0, Best reward: [1.2242414e+09]
Generation 75 耗时: 0.991秒
[-20100000.0, -64100000.0, -1100000000.0, -69600.0, -476000.0, -497000.0]
[[-53600000.0], [-69000000.0], [-1100000000.0], [-91400.0], [-660000.0], [-890000.0]]
[False, False, True, False, False, False]
[Stage 1]Gen 77:  1st stage Reward: 0, Best reward: [1.2242414e+09]
Generation 76 耗时: 0.975秒
[-20100000.0, -64100000.0, -1100000000.0, -69600.0, -476000.0, -497000.0]
[[-53600000.0], [-69000000.0], [-1100000000.0], [-91400.0], [-660000.0], [-890000.0]]
[False, False, True, False, False, False]
[Stage 1]Gen 78:  1st stage Reward: 0, Best reward: [1.2242414e+09]
Generation 77 耗时: 0.968秒
[-20100000.0, -64100000.0, -1100000000.0, -69600.0, -476000.0, -497000.0]
[[-53600000.0], [-69000000.0], [-1100000000.0], [-91400.0], [-660000.0], [-890000.0]]
[False, False, True, False, False, False]
[Stage 1]Gen 79:  1st stage Reward: 0, Best reward: [1.2242414e+09]
Generation 78 耗时: 1.001秒
[-20100000.0, -64100000.0, -1100000000.0, -69600.0, -476000.0, -497000.0]
[[-53600000.0], [-69000000.0], [-1100000000.0], [-91400.0], [-660000.0], [-890000.0]]
[False, False, True, False, False, False]
[Stage 1]Gen 80:  1st stage Reward: 0, Best reward: [1.2242414e+09]
Generation 79 耗时: 1.035秒
[-20100000.0, -64100000.0, -1100000000.0, -69600.0, -476000.0, -497000.0]
[[-53600000.0], [-69000000.0], [-1100000000.0], [-91400.0], [-660000.0], [-890000.0]]
[False, False, True, False, False, False]
[Stage 1]Gen 81:  1st stage Reward: 0, Best reward: [1.2242414e+09]
Generation 80 耗时: 0.974秒
[-20100000.0, -64100000.0, -1100000000.0, -69600.0, -476000.0, -497000.0]
[[-53600000.0], [-69000000.0], [-1100000000.0], [-91400.0], [-660000.0], [-890000.0]]
[False, False, True, False, False, False]
[Stage 1]Gen 82:  1st stage Reward: 0, Best reward: [1.2242414e+09]
Generation 81 耗时: 0.979秒
[-20100000.0, -64100000.0, -1100000000.0, -69600.0, -476000.0, -497000.0]
[[-53600000.0], [-69000000.0], [-1100000000.0], [-91400.0], [-660000.0], [-890000.0]]
[False, False, True, False, False, False]
[Stage 1]Gen 83:  1st stage Reward: 0, Best reward: [1.2242414e+09]
Generation 82 耗时: 1.049秒
[-20100000.0, -64100000.0, -1100000000.0, -69600.0, -476000.0, -497000.0]
[[-53600000.0], [-69000000.0], [-1100000000.0], [-91400.0], [-660000.0], [-890000.0]]
[False, False, True, False, False, False]
[Stage 1]Gen 84:  1st stage Reward: 0, Best reward: [1.2242414e+09]
Generation 83 耗时: 0.990秒
[-20100000.0, -64100000.0, -1100000000.0, -69600.0, -476000.0, -497000.0]
[[-53600000.0], [-69000000.0], [-1100000000.0], [-91400.0], [-660000.0], [-890000.0]]
[False, False, True, False, False, False]
[Stage 1]Gen 85:  1st stage Reward: 0, Best reward: [1.2242414e+09]
Generation 84 耗时: 0.995秒
[-20100000.0, -64100000.0, -1100000000.0, -69600.0, -476000.0, -497000.0]
[[-53600000.0], [-69000000.0], [-1100000000.0], [-91400.0], [-660000.0], [-890000.0]]
[False, False, True, False, False, False]
[Stage 1]Gen 86:  1st stage Reward: 0, Best reward: [1.2242414e+09]
Generation 85 耗时: 0.975秒
[-20100000.0, -64100000.0, -1100000000.0, -69600.0, -476000.0, -497000.0]
[[-53600000.0], [-69000000.0], [-1100000000.0], [-91400.0], [-660000.0], [-890000.0]]
[False, False, True, False, False, False]
[Stage 1]Gen 87:  1st stage Reward: 0, Best reward: [1.2242414e+09]
Generation 86 耗时: 0.957秒
[-20100000.0, -64100000.0, -1100000000.0, -69600.0, -476000.0, -497000.0]
[[-53600000.0], [-69000000.0], [-1100000000.0], [-91400.0], [-660000.0], [-890000.0]]
[False, False, True, False, False, False]
[Stage 1]Gen 88:  1st stage Reward: 0, Best reward: [1.2242414e+09]
Generation 87 耗时: 0.984秒
[-20100000.0, -64100000.0, -1100000000.0, -69600.0, -476000.0, -497000.0]
[[-53600000.0], [-69000000.0], [-1100000000.0], [-91400.0], [-660000.0], [-890000.0]]
[False, False, True, False, False, False]
[Stage 1]Gen 89:  1st stage Reward: 0, Best reward: [1.2242414e+09]
Generation 88 耗时: 1.008秒
[-20100000.0, -64100000.0, -1100000000.0, -69600.0, -476000.0, -497000.0]
[[-53600000.0], [-69000000.0], [-1100000000.0], [-91400.0], [-660000.0], [-890000.0]]
[False, False, True, False, False, False]
[Stage 1]Gen 90:  1st stage Reward: 0, Best reward: [1.2242414e+09]
Generation 89 耗时: 0.979秒
[-20100000.0, -64100000.0, -1100000000.0, -69600.0, -476000.0, -497000.0]
[[-53600000.0], [-69000000.0], [-1100000000.0], [-91400.0], [-660000.0], [-890000.0]]
[False, False, True, False, False, False]
[Stage 1]Gen 91:  1st stage Reward: 0, Best reward: [1.2242414e+09]
Generation 90 耗时: 0.984秒
[-20100000.0, -64100000.0, -1100000000.0, -69600.0, -476000.0, -497000.0]
[[-53600000.0], [-69000000.0], [-1100000000.0], [-91400.0], [-660000.0], [-890000.0]]
[False, False, True, False, False, False]
[Stage 1]Gen 92:  1st stage Reward: 0, Best reward: [1.2242414e+09]
Generation 91 耗时: 0.984秒
[-20100000.0, -64100000.0, -1100000000.0, -69600.0, -476000.0, -497000.0]
[[-53600000.0], [-69000000.0], [-1100000000.0], [-91400.0], [-660000.0], [-890000.0]]
[False, False, True, False, False, False]
[Stage 1]Gen 93:  1st stage Reward: 0, Best reward: [1.2242414e+09]
Generation 92 耗时: 1.007秒
[-20100000.0, -64100000.0, -1100000000.0, -69600.0, -476000.0, -497000.0]
[[-53600000.0], [-69000000.0], [-1100000000.0], [-91400.0], [-660000.0], [-890000.0]]
[False, False, True, False, False, False]
[Stage 1]Gen 94:  1st stage Reward: 0, Best reward: [1.2242414e+09]
Generation 93 耗时: 0.974秒
[-20100000.0, -64100000.0, -1100000000.0, -69600.0, -476000.0, -497000.0]
[[-53600000.0], [-69000000.0], [-1100000000.0], [-91400.0], [-660000.0], [-890000.0]]
[False, False, True, False, False, False]
[Stage 1]Gen 95:  1st stage Reward: 0, Best reward: [1.2242414e+09]
Generation 94 耗时: 1.038秒
[-20100000.0, -64100000.0, -1100000000.0, -69600.0, -476000.0, -497000.0]
[[-53600000.0], [-69000000.0], [-1100000000.0], [-91400.0], [-660000.0], [-890000.0]]
[False, False, True, False, False, False]
[Stage 1]Gen 96:  1st stage Reward: 0, Best reward: [1.2242414e+09]
Generation 95 耗时: 1.140秒
[-20100000.0, -64100000.0, -1100000000.0, -69600.0, -476000.0, -497000.0]
[[-53600000.0], [-69000000.0], [-1100000000.0], [-91400.0], [-660000.0], [-890000.0]]
[False, False, True, False, False, False]
[Stage 1]Gen 97:  1st stage Reward: 0, Best reward: [1.2242414e+09]
Generation 96 耗时: 0.964秒
[-20100000.0, -64100000.0, -1100000000.0, -69600.0, -476000.0, -497000.0]
[[-53600000.0], [-69000000.0], [-1100000000.0], [-91400.0], [-660000.0], [-890000.0]]
[False, False, True, False, False, False]
[Stage 1]Gen 98:  1st stage Reward: 0, Best reward: [1.2242414e+09]
Generation 97 耗时: 0.997秒
[-20100000.0, -64100000.0, -1100000000.0, -69600.0, -476000.0, -497000.0]
[[-53600000.0], [-69000000.0], [-1100000000.0], [-91400.0], [-660000.0], [-890000.0]]
[False, False, True, False, False, False]
[Stage 1]Gen 99:  1st stage Reward: 0, Best reward: [1.2242414e+09]
Generation 98 耗时: 0.974秒
[-20100000.0, -64100000.0, -1100000000.0, -69600.0, -476000.0, -497000.0]
[[-53600000.0], [-69000000.0], [-1100000000.0], [-91400.0], [-660000.0], [-890000.0]]
[False, False, True, False, False, False]
[Stage 1]Gen 100:  1st stage Reward: 0, Best reward: [1.2242414e+09]
Generation 99 耗时: 0.990秒
耗时:  101.22876119613647
{'arch': {'arithmetic': {'instances': 1024, 'word-bits': 8}, 'storage': [{'name': 'Registers', 'entries': 1, 'instances': 1024, 'word-bits': 8, 'cluster-size': 1, 'num-ports': 2, 'num-banks': 8}, {'name': 'AccumulationBuffer', 'entries': 3072, 'instances': 16, 'word-bits': 24, 'cluster-size': 1, 'network-word-bits': 16, 'num-ports': 2, 'num-banks': 2}, {'name': 'WeightBuffer', 'entries': 32768, 'instances': 16, 'word-bits': 8, 'block-size': 4, 'num-ports': 1, 'num-banks': 8}, {'name': 'InputBuffer', 'entries': 8192, 'instances': 16, 'word-bits': 8, 'block-size': 4, 'num-ports': 2, 'num-banks': 1}, {'name': 'GlobalBuffer', 'entries': 65536, 'instances': 1, 'word-bits': 8, 'block-size': 8, 'num-ports': 2, 'num-banks': 256}, {'name': 'DRAM', 'technology': 'DRAM', 'instances': 1, 'word-bits': 8, 'block-size': 64, 'bandwidth': 1}]}}
['DRAM', 'GlobalBuffer', 'InputBuffer', 'WeightBuffer', 'AccumulationBuffer', 'Registers'] [1, 1, 16, 16, 16, 1024, 1024] [inf, 65536, 8192, 32768, 3072, 1]
[1, 16, 1, 1, 64, 1]
20
[-4370000000.0, -128000000000.0, -5010000000.0, -453000.0, -3010000.0, -3070000.0]
[[-23100000000.0], [-185000000000.0], [-340000000000.0], [-453000.0], [-3220000.0], [-3070000.0]]
[False, False, False, False, False, False]
[Stage 1]Gen 1:  1st stage Reward: 0, Best reward: [5.48106743e+11]
Generation 0 耗时: 1.215秒
[-3780000000.0, -30100000000.0, -714000000.0, -199000.0, -1280000.0, -1290000.0]
[[-3840000000.0], [-157000000000.0], [-4920000000.0], [-453000.0], [-3010000.0], [-3110000.0]]
[False, False, False, False, False, False]
[Stage 1]Gen 2:  1st stage Reward: 0, Best reward: [1.65766573e+11]
Generation 1 耗时: 1.126秒
[-2500000000.0, -13800000000.0, -714000000.0, -197000.0, -1280000.0, -1290000.0]
[[-2580000000.0], [-18600000000.0], [-726000000.0], [-331000.0], [-1720000.0], [-1770000.0]]
[False, False, False, False, False, False]
[Stage 1]Gen 3:  1st stage Reward: 0, Best reward: [2.1909821e+10]
Generation 2 耗时: 1.118秒
[-128000000.0, -13800000000.0, -714000000.0, -196000.0, -1280000.0, -1290000.0]
[[-2510000000.0], [-18400000000.0], [-720000000.0], [-247000.0], [-1470000.0], [-1460000.0]]
[False, False, False, False, False, False]
[Stage 1]Gen 4:  1st stage Reward: 0, Best reward: [2.1633177e+10]
Generation 3 耗时: 1.124秒
[-72500000.0, -13800000000.0, -714000000.0, -175000.0, -1280000.0, -1290000.0]
[[-2440000000.0], [-18400000000.0], [-720000000.0], [-197000.0], [-1490000.0], [-1460000.0]]
[False, False, False, False, False, False]
[Stage 1]Gen 5:  1st stage Reward: 0, Best reward: [2.1563147e+10]
Generation 4 耗时: 1.093秒
[-72500000.0, -13800000000.0, -714000000.0, -172000.0, -1280000.0, -1290000.0]
[[-544000000.0], [-18400000000.0], [-720000000.0], [-197000.0], [-1430000.0], [-1460000.0]]
[False, False, False, False, False, False]
[Stage 1]Gen 6:  1st stage Reward: 0, Best reward: [1.9667087e+10]
Generation 5 耗时: 1.078秒
[-72500000.0, -13800000000.0, -714000000.0, -172000.0, -1280000.0, -1290000.0]
[[-544000000.0], [-18400000000.0], [-720000000.0], [-197000.0], [-1430000.0], [-1460000.0]]
[False, False, False, False, False, False]
[Stage 1]Gen 7:  1st stage Reward: 0, Best reward: [1.9667087e+10]
Generation 6 耗时: 1.110秒
[-72500000.0, -13800000000.0, -714000000.0, -172000.0, -1280000.0, -1290000.0]
[[-544000000.0], [-18400000000.0], [-720000000.0], [-197000.0], [-1430000.0], [-1460000.0]]
[False, False, False, False, False, False]
[Stage 1]Gen 8:  1st stage Reward: 0, Best reward: [1.9667087e+10]
Generation 7 耗时: 1.179秒
[-72200000.0, -13800000000.0, -714000000.0, -172000.0, -1280000.0, -1290000.0]
[[-544000000.0], [-18400000000.0], [-720000000.0], [-197000.0], [-1430000.0], [-1460000.0]]
[False, False, False, False, False, False]
[Stage 1]Gen 9:  1st stage Reward: 0, Best reward: [1.9667087e+10]
Generation 8 耗时: 1.093秒
[-72200000.0, -13800000000.0, -714000000.0, -172000.0, -1280000.0, -1290000.0]
[[-544000000.0], [-18400000000.0], [-720000000.0], [-197000.0], [-1430000.0], [-1460000.0]]
[False, False, False, False, False, False]
[Stage 1]Gen 10:  1st stage Reward: 0, Best reward: [1.9667087e+10]
Generation 9 耗时: 1.105秒
[-72200000.0, -13800000000.0, -714000000.0, -171000.0, -1280000.0, -1290000.0]
[[-544000000.0], [-18400000000.0], [-720000000.0], [-197000.0], [-1430000.0], [-1460000.0]]
[False, False, False, False, False, False]
[Stage 1]Gen 11:  1st stage Reward: 0, Best reward: [1.9667087e+10]
Generation 10 耗时: 1.121秒
[-72200000.0, -13800000000.0, -714000000.0, -171000.0, -1280000.0, -1290000.0]
[[-544000000.0], [-18400000000.0], [-720000000.0], [-197000.0], [-1430000.0], [-1460000.0]]
[False, False, False, False, False, False]
[Stage 1]Gen 12:  1st stage Reward: 0, Best reward: [1.9667087e+10]
Generation 11 耗时: 1.152秒
[-72200000.0, -13800000000.0, -714000000.0, -171000.0, -1280000.0, -1290000.0]
[[-544000000.0], [-18400000000.0], [-720000000.0], [-197000.0], [-1430000.0], [-1460000.0]]
[False, False, False, False, False, False]
[Stage 1]Gen 13:  1st stage Reward: 0, Best reward: [1.9667087e+10]
Generation 12 耗时: 1.136秒
[-72200000.0, -13800000000.0, -714000000.0, -168000.0, -1270000.0, -1290000.0]
[[-544000000.0], [-18400000000.0], [-720000000.0], [-197000.0], [-1430000.0], [-1460000.0]]
[False, False, False, False, False, False]
[Stage 1]Gen 14:  1st stage Reward: 0, Best reward: [1.9667087e+10]
Generation 13 耗时: 1.124秒
[-71800000.0, -13800000000.0, -714000000.0, -168000.0, -1270000.0, -1290000.0]
[[-544000000.0], [-18400000000.0], [-720000000.0], [-197000.0], [-1430000.0], [-1460000.0]]
[False, False, False, False, False, False]
[Stage 1]Gen 15:  1st stage Reward: 0, Best reward: [1.9667087e+10]
Generation 14 耗时: 1.112秒
[-51100000.0, -13800000000.0, -714000000.0, -168000.0, -1270000.0, -1290000.0]
[[-544000000.0], [-18400000000.0], [-720000000.0], [-197000.0], [-1430000.0], [-1460000.0]]
[False, False, False, False, False, False]
[Stage 1]Gen 16:  1st stage Reward: 0, Best reward: [1.9667087e+10]
Generation 15 耗时: 1.113秒
[-45900000.0, -13800000000.0, -714000000.0, -168000.0, -1270000.0, -1290000.0]
[[-544000000.0], [-18400000000.0], [-720000000.0], [-197000.0], [-1430000.0], [-1460000.0]]
[False, False, False, False, False, False]
[Stage 1]Gen 17:  1st stage Reward: 0, Best reward: [1.9667087e+10]
Generation 16 耗时: 1.075秒
[-45900000.0, -13800000000.0, -714000000.0, -168000.0, -1270000.0, -1290000.0]
[[-544000000.0], [-18400000000.0], [-720000000.0], [-197000.0], [-1430000.0], [-1460000.0]]
[False, False, False, False, False, False]
[Stage 1]Gen 18:  1st stage Reward: 0, Best reward: [1.9667087e+10]
Generation 17 耗时: 1.102秒
[-45800000.0, -13800000000.0, -714000000.0, -168000.0, -1230000.0, -1290000.0]
[[-544000000.0], [-18400000000.0], [-720000000.0], [-197000.0], [-1430000.0], [-1460000.0]]
[False, False, False, False, False, False]
[Stage 1]Gen 19:  1st stage Reward: 0, Best reward: [1.9667087e+10]
Generation 18 耗时: 1.133秒
[-27800000.0, -13800000000.0, -714000000.0, -168000.0, -1230000.0, -1290000.0]
[[-544000000.0], [-18400000000.0], [-720000000.0], [-197000.0], [-1430000.0], [-1460000.0]]
[False, False, False, False, False, False]
[Stage 1]Gen 20:  1st stage Reward: 0, Best reward: [1.9667087e+10]
Generation 19 耗时: 1.148秒
[-23600000.0, -13800000000.0, -714000000.0, -168000.0, -1230000.0, -1290000.0]
[[-544000000.0], [-18400000000.0], [-720000000.0], [-197000.0], [-1430000.0], [-1460000.0]]
[False, False, False, False, False, False]
[Stage 1]Gen 21:  1st stage Reward: 0, Best reward: [1.9667087e+10]
Generation 20 耗时: 1.139秒
[-22900000.0, -13800000000.0, -714000000.0, -168000.0, -1230000.0, -1290000.0]
[[-544000000.0], [-18400000000.0], [-720000000.0], [-197000.0], [-1430000.0], [-1460000.0]]
[False, False, False, False, False, False]
[Stage 1]Gen 22:  1st stage Reward: 0, Best reward: [1.9667087e+10]
Generation 21 耗时: 1.112秒
[-22900000.0, -13800000000.0, -714000000.0, -168000.0, -1230000.0, -1290000.0]
[[-544000000.0], [-18400000000.0], [-720000000.0], [-197000.0], [-1430000.0], [-1460000.0]]
[False, False, False, False, False, False]
[Stage 1]Gen 23:  1st stage Reward: 0, Best reward: [1.9667087e+10]
Generation 22 耗时: 1.092秒
[-22900000.0, -13800000000.0, -714000000.0, -168000.0, -1230000.0, -1290000.0]
[[-544000000.0], [-18400000000.0], [-720000000.0], [-197000.0], [-1430000.0], [-1460000.0]]
[False, False, False, False, False, False]
[Stage 1]Gen 24:  1st stage Reward: 0, Best reward: [1.9667087e+10]
Generation 23 耗时: 1.206秒
[-22900000.0, -13800000000.0, -714000000.0, -168000.0, -1230000.0, -1290000.0]
[[-544000000.0], [-18400000000.0], [-720000000.0], [-197000.0], [-1430000.0], [-1460000.0]]
[False, False, False, False, False, False]
[Stage 1]Gen 25:  1st stage Reward: 0, Best reward: [1.9667087e+10]
Generation 24 耗时: 1.126秒
[-22900000.0, -13800000000.0, -714000000.0, -168000.0, -1230000.0, -1260000.0]
[[-544000000.0], [-18400000000.0], [-720000000.0], [-197000.0], [-1430000.0], [-1460000.0]]
[False, False, False, False, False, False]
[Stage 1]Gen 26:  1st stage Reward: 0, Best reward: [1.9667087e+10]
Generation 25 耗时: 1.124秒
[-22900000.0, -13800000000.0, -714000000.0, -168000.0, -1230000.0, -1260000.0]
[[-544000000.0], [-18400000000.0], [-720000000.0], [-197000.0], [-1430000.0], [-1460000.0]]
[False, False, False, False, False, False]
[Stage 1]Gen 27:  1st stage Reward: 0, Best reward: [1.9667087e+10]
Generation 26 耗时: 1.150秒
[-22900000.0, -13800000000.0, -714000000.0, -168000.0, -1230000.0, -1260000.0]
[[-544000000.0], [-18400000000.0], [-720000000.0], [-197000.0], [-1430000.0], [-1460000.0]]
[False, False, False, False, False, False]
[Stage 1]Gen 28:  1st stage Reward: 0, Best reward: [1.9667087e+10]
Generation 27 耗时: 1.139秒
[-22900000.0, -13800000000.0, -714000000.0, -168000.0, -1230000.0, -1240000.0]
[[-544000000.0], [-18400000000.0], [-720000000.0], [-197000.0], [-1430000.0], [-1460000.0]]
[False, False, False, False, False, False]
[Stage 1]Gen 29:  1st stage Reward: 0, Best reward: [1.9667087e+10]
Generation 28 耗时: 1.129秒
[-22900000.0, -13800000000.0, -714000000.0, -168000.0, -1230000.0, -1240000.0]
[[-544000000.0], [-18400000000.0], [-720000000.0], [-197000.0], [-1430000.0], [-1460000.0]]
[False, False, False, False, False, False]
[Stage 1]Gen 30:  1st stage Reward: 0, Best reward: [1.9667087e+10]
Generation 29 耗时: 1.145秒
[-22900000.0, -13800000000.0, -714000000.0, -168000.0, -1230000.0, -1240000.0]
[[-544000000.0], [-18400000000.0], [-720000000.0], [-197000.0], [-1430000.0], [-1460000.0]]
[False, False, False, False, False, False]
[Stage 1]Gen 31:  1st stage Reward: 0, Best reward: [1.9667087e+10]
Generation 30 耗时: 1.184秒
[-22900000.0, -13800000000.0, -714000000.0, -168000.0, -1230000.0, -1240000.0]
[[-544000000.0], [-18400000000.0], [-720000000.0], [-197000.0], [-1430000.0], [-1460000.0]]
[False, False, False, False, False, False]
[Stage 1]Gen 32:  1st stage Reward: 0, Best reward: [1.9667087e+10]
Generation 31 耗时: 1.174秒
[-22900000.0, -13800000000.0, -714000000.0, -168000.0, -1230000.0, -1240000.0]
[[-544000000.0], [-18400000000.0], [-720000000.0], [-197000.0], [-1430000.0], [-1460000.0]]
[False, False, False, False, False, False]
[Stage 1]Gen 33:  1st stage Reward: 0, Best reward: [1.9667087e+10]
Generation 32 耗时: 1.093秒
[-22700000.0, -13500000000.0, -714000000.0, -168000.0, -1230000.0, -1210000.0]
[[-544000000.0], [-18400000000.0], [-720000000.0], [-197000.0], [-1430000.0], [-1460000.0]]
[False, False, False, False, False, False]
[Stage 1]Gen 34:  1st stage Reward: 0, Best reward: [1.9667087e+10]
Generation 33 耗时: 1.150秒
[-22700000.0, -985000000.0, -714000000.0, -168000.0, -1230000.0, -1210000.0]
[[-51400000.0], [-985000000.0], [-10200000000.0], [-456000.0], [-8410000.0], [-3040000.0]]
[False, False, False, False, False, False]
[Stage 1]Gen 35:  1st stage Reward: 0, Best reward: [1.1248306e+10]
Generation 34 耗时: 1.184秒
[-22700000.0, -327000000.0, -714000000.0, -168000.0, -1230000.0, -1210000.0]
[[-24100000.0], [-1000000000.0], [-1320000000.0], [-176000.0], [-1310000.0], [-1280000.0]]
[False, False, False, False, False, False]
[Stage 1]Gen 36:  1st stage Reward: 0, Best reward: [2.346866e+09]
Generation 35 耗时: 1.136秒
[-22700000.0, -317000000.0, -714000000.0, -168000.0, -1210000.0, -1200000.0]
[[-118000000.0], [-333000000.0], [-1060000000.0], [-199000.0], [-1250000.0], [-1250000.0]]
[False, False, False, False, False, False]
[Stage 1]Gen 37:  1st stage Reward: 0, Best reward: [1.513699e+09]
Generation 36 耗时: 1.097秒
[-22700000.0, -317000000.0, -714000000.0, -168000.0, -1210000.0, -1200000.0]
[[-63600000.0], [-359000000.0], [-1030000000.0], [-173000.0], [-1260000.0], [-1250000.0]]
[False, True, False, False, False, False]
[Stage 1]Gen 38:  1st stage Reward: 0, Best reward: [1.455283e+09]
Generation 37 耗时: 1.098秒
[-22700000.0, -317000000.0, -714000000.0, -168000.0, -1210000.0, -1200000.0]
[[-52100000.0], [-359000000.0], [-1030000000.0], [-173000.0], [-1260000.0], [-1460000.0]]
[False, True, False, False, False, False]
[Stage 1]Gen 39:  1st stage Reward: 0, Best reward: [1.443993e+09]
Generation 38 耗时: 1.139秒
[-22700000.0, -317000000.0, -714000000.0, -168000.0, -1210000.0, -1200000.0]
[[-52100000.0], [-359000000.0], [-1030000000.0], [-173000.0], [-1260000.0], [-1460000.0]]
[False, True, False, False, False, False]
[Stage 1]Gen 40:  1st stage Reward: 0, Best reward: [1.443993e+09]
Generation 39 耗时: 1.065秒
[-22700000.0, -317000000.0, -714000000.0, -168000.0, -1210000.0, -1200000.0]
[[-52100000.0], [-359000000.0], [-1030000000.0], [-173000.0], [-1260000.0], [-1460000.0]]
[False, True, False, False, False, False]
[Stage 1]Gen 41:  1st stage Reward: 0, Best reward: [1.443993e+09]
Generation 40 耗时: 1.069秒
[-22700000.0, -317000000.0, -714000000.0, -168000.0, -1210000.0, -1200000.0]
[[-52100000.0], [-359000000.0], [-1030000000.0], [-173000.0], [-1260000.0], [-1460000.0]]
[False, True, False, False, False, False]
[Stage 1]Gen 42:  1st stage Reward: 0, Best reward: [1.443993e+09]
Generation 41 耗时: 1.060秒
[-22700000.0, -317000000.0, -714000000.0, -168000.0, -1210000.0, -1200000.0]
[[-22700000.0], [-320000000.0], [-996000000.0], [-168000.0], [-1220000.0], [-1210000.0]]
[False, True, False, False, False, False]
[Stage 1]Gen 43:  1st stage Reward: 0, Best reward: [1.341298e+09]
Generation 42 耗时: 1.094秒
[-22700000.0, -317000000.0, -714000000.0, -165000.0, -1210000.0, -1200000.0]
[[-22700000.0], [-320000000.0], [-996000000.0], [-168000.0], [-1220000.0], [-1210000.0]]
[False, True, False, False, False, False]
[Stage 1]Gen 44:  1st stage Reward: 0, Best reward: [1.341298e+09]
Generation 43 耗时: 1.125秒
[-22700000.0, -317000000.0, -714000000.0, -165000.0, -1210000.0, -1200000.0]
[[-22700000.0], [-320000000.0], [-896000000.0], [-166000.0], [-1220000.0], [-1240000.0]]
[False, True, False, False, False, False]
[Stage 1]Gen 45:  1st stage Reward: 0, Best reward: [1.241326e+09]
Generation 44 耗时: 1.076秒
[-22700000.0, -317000000.0, -714000000.0, -165000.0, -1210000.0, -1200000.0]
[[-22700000.0], [-320000000.0], [-896000000.0], [-166000.0], [-1220000.0], [-1240000.0]]
[False, True, False, False, False, False]
[Stage 1]Gen 46:  1st stage Reward: 0, Best reward: [1.241326e+09]
Generation 45 耗时: 1.101秒
[-22700000.0, -317000000.0, -714000000.0, -165000.0, -1210000.0, -1200000.0]
[[-22700000.0], [-320000000.0], [-896000000.0], [-166000.0], [-1220000.0], [-1210000.0]]
[False, True, False, False, False, False]
[Stage 1]Gen 47:  1st stage Reward: 0, Best reward: [1.241296e+09]
Generation 46 耗时: 1.134秒
[-22700000.0, -317000000.0, -714000000.0, -165000.0, -1210000.0, -1200000.0]
[[-22700000.0], [-320000000.0], [-896000000.0], [-166000.0], [-1220000.0], [-1210000.0]]
[False, True, False, False, False, False]
[Stage 1]Gen 48:  1st stage Reward: 0, Best reward: [1.241296e+09]
Generation 47 耗时: 1.141秒
[-22700000.0, -317000000.0, -714000000.0, -165000.0, -1210000.0, -1200000.0]
[[-22700000.0], [-320000000.0], [-896000000.0], [-166000.0], [-1220000.0], [-1210000.0]]
[False, True, False, False, False, False]
[Stage 1]Gen 49:  1st stage Reward: 0, Best reward: [1.241296e+09]
Generation 48 耗时: 1.115秒
[-22700000.0, -317000000.0, -714000000.0, -165000.0, -1210000.0, -1200000.0]
[[-22700000.0], [-320000000.0], [-896000000.0], [-166000.0], [-1220000.0], [-1210000.0]]
[False, True, False, False, False, False]
[Stage 1]Gen 50:  1st stage Reward: 0, Best reward: [1.241296e+09]
Generation 49 耗时: 1.096秒
[-22700000.0, -317000000.0, -464000000.0, -165000.0, -1210000.0, -1200000.0]
[[-22800000.0], [-320000000.0], [-464000000.0], [-181000.0], [-1340000.0], [-1320000.0]]
[False, True, False, False, False, False]
[Stage 1]Gen 51:  1st stage Reward: 0, Best reward: [8.09641e+08]
Generation 50 耗时: 1.082秒
[-22700000.0, -317000000.0, -461000000.0, -165000.0, -1210000.0, -1200000.0]
[[-22800000.0], [-320000000.0], [-464000000.0], [-181000.0], [-1340000.0], [-1320000.0]]
[False, True, True, False, False, False]
[Stage 1]Gen 52:  1st stage Reward: 0, Best reward: [8.09641e+08]
Generation 51 耗时: 1.096秒
[-22700000.0, -317000000.0, -461000000.0, -165000.0, -1210000.0, -1200000.0]
[[-22800000.0], [-320000000.0], [-464000000.0], [-181000.0], [-1340000.0], [-1320000.0]]
[False, True, True, False, False, False]
[Stage 1]Gen 53:  1st stage Reward: 0, Best reward: [8.09641e+08]
Generation 52 耗时: 1.057秒
[-20400000.0, -317000000.0, -461000000.0, -165000.0, -1210000.0, -1200000.0]
[[-20400000.0], [-319000000.0], [-462000000.0], [-181000.0], [-1620000.0], [-1320000.0]]
[False, True, True, False, False, False]
[Stage 1]Gen 54:  1st stage Reward: 0, Best reward: [8.04521e+08]
Generation 53 耗时: 1.186秒
[-20300000.0, -317000000.0, -461000000.0, -165000.0, -1210000.0, -1200000.0]
[[-20300000.0], [-319000000.0], [-462000000.0], [-181000.0], [-1340000.0], [-1320000.0]]
[False, True, True, False, False, False]
[Stage 1]Gen 55:  1st stage Reward: 0, Best reward: [8.04141e+08]
Generation 54 耗时: 1.111秒
[-20300000.0, -317000000.0, -461000000.0, -165000.0, -1210000.0, -1200000.0]
[[-20300000.0], [-319000000.0], [-462000000.0], [-181000.0], [-1340000.0], [-1320000.0]]
[False, True, True, False, False, False]
[Stage 1]Gen 56:  1st stage Reward: 0, Best reward: [8.04141e+08]
Generation 55 耗时: 1.160秒
[-20300000.0, -317000000.0, -461000000.0, -165000.0, -1210000.0, -1200000.0]
[[-20300000.0], [-319000000.0], [-462000000.0], [-181000.0], [-1340000.0], [-1320000.0]]
[False, True, True, False, False, False]
[Stage 1]Gen 57:  1st stage Reward: 0, Best reward: [8.04141e+08]
Generation 56 耗时: 1.188秒
[-20300000.0, -317000000.0, -461000000.0, -165000.0, -1210000.0, -1200000.0]
[[-20300000.0], [-319000000.0], [-462000000.0], [-181000.0], [-1340000.0], [-1320000.0]]
[False, True, True, False, False, False]
[Stage 1]Gen 58:  1st stage Reward: 0, Best reward: [8.04141e+08]
Generation 57 耗时: 1.126秒
[-20300000.0, -317000000.0, -461000000.0, -165000.0, -1210000.0, -1200000.0]
[[-20300000.0], [-319000000.0], [-462000000.0], [-181000.0], [-1340000.0], [-1320000.0]]
[False, True, True, False, False, False]
[Stage 1]Gen 59:  1st stage Reward: 0, Best reward: [8.04141e+08]
Generation 58 耗时: 1.060秒
[-20300000.0, -317000000.0, -461000000.0, -165000.0, -1210000.0, -1200000.0]
[[-20300000.0], [-319000000.0], [-462000000.0], [-181000.0], [-1340000.0], [-1320000.0]]
[False, True, True, False, False, False]
[Stage 1]Gen 60:  1st stage Reward: 0, Best reward: [8.04141e+08]
Generation 59 耗时: 1.073秒
[-20300000.0, -317000000.0, -461000000.0, -165000.0, -1210000.0, -1200000.0]
[[-20300000.0], [-319000000.0], [-462000000.0], [-181000.0], [-1340000.0], [-1320000.0]]
[False, True, True, False, False, False]
[Stage 1]Gen 61:  1st stage Reward: 0, Best reward: [8.04141e+08]
Generation 60 耗时: 1.104秒
[-20300000.0, -317000000.0, -461000000.0, -165000.0, -1210000.0, -1200000.0]
[[-20300000.0], [-319000000.0], [-462000000.0], [-181000.0], [-1340000.0], [-1320000.0]]
[False, True, True, False, False, False]
[Stage 1]Gen 62:  1st stage Reward: 0, Best reward: [8.04141e+08]
Generation 61 耗时: 1.138秒
[-20300000.0, -317000000.0, -461000000.0, -165000.0, -1210000.0, -1200000.0]
[[-20300000.0], [-319000000.0], [-462000000.0], [-181000.0], [-1340000.0], [-1320000.0]]
[False, True, True, False, False, False]
[Stage 1]Gen 63:  1st stage Reward: 0, Best reward: [8.04141e+08]
Generation 62 耗时: 1.066秒
[-20300000.0, -317000000.0, -461000000.0, -165000.0, -1210000.0, -1200000.0]
[[-20300000.0], [-319000000.0], [-462000000.0], [-181000.0], [-1340000.0], [-1320000.0]]
[False, True, True, False, False, False]
[Stage 1]Gen 64:  1st stage Reward: 0, Best reward: [8.04141e+08]
Generation 63 耗时: 1.097秒
[-17500000.0, -167000000.0, -243000000.0, -165000.0, -1210000.0, -1200000.0]
[[-17500000.0], [-167000000.0], [-243000000.0], [-759000.0], [-1680000.0], [-5530000.0]]
[False, True, True, False, False, False]
[Stage 1]Gen 65:  1st stage Reward: 0, Best reward: [4.35469e+08]
Generation 64 耗时: 1.119秒
[-17500000.0, -167000000.0, -243000000.0, -165000.0, -1210000.0, -1200000.0]
[[-17500000.0], [-167000000.0], [-243000000.0], [-759000.0], [-1680000.0], [-5530000.0]]
[False, True, True, False, False, False]
[Stage 1]Gen 66:  1st stage Reward: 0, Best reward: [4.35469e+08]
Generation 65 耗时: 1.118秒
[-17500000.0, -167000000.0, -243000000.0, -165000.0, -1210000.0, -1200000.0]
[[-17500000.0], [-167000000.0], [-243000000.0], [-759000.0], [-1680000.0], [-5530000.0]]
[False, True, True, False, False, False]
[Stage 1]Gen 67:  1st stage Reward: 0, Best reward: [4.35469e+08]
Generation 66 耗时: 1.093秒
[-17500000.0, -167000000.0, -243000000.0, -165000.0, -1210000.0, -1200000.0]
[[-17500000.0], [-167000000.0], [-243000000.0], [-759000.0], [-1680000.0], [-5530000.0]]
[False, True, True, False, False, False]
[Stage 1]Gen 68:  1st stage Reward: 0, Best reward: [4.35469e+08]
Generation 67 耗时: 1.068秒
[-17500000.0, -167000000.0, -243000000.0, -165000.0, -1210000.0, -1200000.0]
[[-17500000.0], [-167000000.0], [-243000000.0], [-759000.0], [-1680000.0], [-5530000.0]]
[False, True, True, False, False, False]
[Stage 1]Gen 69:  1st stage Reward: 0, Best reward: [4.35469e+08]
Generation 68 耗时: 1.077秒
[-17500000.0, -167000000.0, -243000000.0, -165000.0, -1210000.0, -1200000.0]
[[-17500000.0], [-167000000.0], [-243000000.0], [-759000.0], [-1680000.0], [-5530000.0]]
[False, True, True, False, False, False]
[Stage 1]Gen 70:  1st stage Reward: 0, Best reward: [4.35469e+08]
Generation 69 耗时: 1.066秒
[-17500000.0, -167000000.0, -243000000.0, -165000.0, -1210000.0, -1200000.0]
[[-17500000.0], [-167000000.0], [-243000000.0], [-759000.0], [-1680000.0], [-5530000.0]]
[False, True, True, False, False, False]
[Stage 1]Gen 71:  1st stage Reward: 0, Best reward: [4.35469e+08]
Generation 70 耗时: 1.060秒
[-17500000.0, -167000000.0, -243000000.0, -165000.0, -1210000.0, -1200000.0]
[[-17500000.0], [-167000000.0], [-243000000.0], [-759000.0], [-1680000.0], [-5530000.0]]
[False, True, True, False, False, False]
[Stage 1]Gen 72:  1st stage Reward: 0, Best reward: [4.35469e+08]
Generation 71 耗时: 1.080秒
[-17500000.0, -167000000.0, -243000000.0, -165000.0, -1210000.0, -1200000.0]
[[-17500000.0], [-167000000.0], [-243000000.0], [-759000.0], [-1680000.0], [-5530000.0]]
[False, True, True, False, False, False]
[Stage 1]Gen 73:  1st stage Reward: 0, Best reward: [4.35469e+08]
Generation 72 耗时: 1.079秒
[-17500000.0, -167000000.0, -243000000.0, -165000.0, -1210000.0, -1200000.0]
[[-17500000.0], [-167000000.0], [-243000000.0], [-759000.0], [-1680000.0], [-5530000.0]]
[False, True, True, False, False, False]
[Stage 1]Gen 74:  1st stage Reward: 0, Best reward: [4.35469e+08]
Generation 73 耗时: 1.096秒
[-17500000.0, -167000000.0, -243000000.0, -165000.0, -1210000.0, -1200000.0]
[[-17500000.0], [-167000000.0], [-243000000.0], [-759000.0], [-1680000.0], [-5530000.0]]
[False, True, True, False, False, False]
[Stage 1]Gen 75:  1st stage Reward: 0, Best reward: [4.35469e+08]
Generation 74 耗时: 1.122秒
[-17500000.0, -167000000.0, -243000000.0, -165000.0, -1210000.0, -1200000.0]
[[-17500000.0], [-167000000.0], [-243000000.0], [-759000.0], [-1680000.0], [-5530000.0]]
[False, True, True, False, False, False]
[Stage 1]Gen 76:  1st stage Reward: 0, Best reward: [4.35469e+08]
Generation 75 耗时: 1.122秒
[-17500000.0, -167000000.0, -243000000.0, -165000.0, -1210000.0, -1200000.0]
[[-17500000.0], [-167000000.0], [-243000000.0], [-759000.0], [-1680000.0], [-5530000.0]]
[False, True, True, False, False, False]
[Stage 1]Gen 77:  1st stage Reward: 0, Best reward: [4.35469e+08]
Generation 76 耗时: 1.086秒
[-17500000.0, -167000000.0, -243000000.0, -165000.0, -1210000.0, -1200000.0]
[[-17500000.0], [-167000000.0], [-243000000.0], [-759000.0], [-1680000.0], [-5530000.0]]
[False, True, True, False, False, False]
[Stage 1]Gen 78:  1st stage Reward: 0, Best reward: [4.35469e+08]
Generation 77 耗时: 1.084秒
[-17500000.0, -167000000.0, -243000000.0, -165000.0, -1210000.0, -1200000.0]
[[-17500000.0], [-167000000.0], [-243000000.0], [-759000.0], [-1680000.0], [-5530000.0]]
[False, True, True, False, False, False]
[Stage 1]Gen 79:  1st stage Reward: 0, Best reward: [4.35469e+08]
Generation 78 耗时: 1.074秒
[-17500000.0, -167000000.0, -243000000.0, -165000.0, -1210000.0, -1200000.0]
[[-17500000.0], [-167000000.0], [-243000000.0], [-759000.0], [-1680000.0], [-5530000.0]]
[False, True, True, False, False, False]
[Stage 1]Gen 80:  1st stage Reward: 0, Best reward: [4.35469e+08]
Generation 79 耗时: 1.084秒
[-17500000.0, -167000000.0, -243000000.0, -165000.0, -1210000.0, -1200000.0]
[[-17500000.0], [-167000000.0], [-243000000.0], [-759000.0], [-1680000.0], [-5530000.0]]
[False, True, True, False, False, False]
[Stage 1]Gen 81:  1st stage Reward: 0, Best reward: [4.35469e+08]
Generation 80 耗时: 1.087秒
[-17500000.0, -167000000.0, -243000000.0, -165000.0, -1210000.0, -1200000.0]
[[-17500000.0], [-167000000.0], [-243000000.0], [-759000.0], [-1680000.0], [-5530000.0]]
[False, True, True, False, False, False]
[Stage 1]Gen 82:  1st stage Reward: 0, Best reward: [4.35469e+08]
Generation 81 耗时: 1.136秒
[-17500000.0, -167000000.0, -243000000.0, -165000.0, -1210000.0, -1200000.0]
[[-17500000.0], [-167000000.0], [-243000000.0], [-759000.0], [-1680000.0], [-5530000.0]]
[False, True, True, False, False, False]
[Stage 1]Gen 83:  1st stage Reward: 0, Best reward: [4.35469e+08]
Generation 82 耗时: 1.066秒
[-17500000.0, -167000000.0, -243000000.0, -165000.0, -1210000.0, -1200000.0]
[[-17500000.0], [-167000000.0], [-243000000.0], [-759000.0], [-1680000.0], [-5530000.0]]
[False, True, True, False, False, False]
[Stage 1]Gen 84:  1st stage Reward: 0, Best reward: [4.35469e+08]
Generation 83 耗时: 1.068秒
[-17500000.0, -167000000.0, -243000000.0, -165000.0, -1210000.0, -1200000.0]
[[-17500000.0], [-167000000.0], [-243000000.0], [-759000.0], [-1680000.0], [-5530000.0]]
[False, True, True, False, False, False]
[Stage 1]Gen 85:  1st stage Reward: 0, Best reward: [4.35469e+08]
Generation 84 耗时: 1.080秒
[-17500000.0, -167000000.0, -243000000.0, -165000.0, -1210000.0, -1200000.0]
[[-17500000.0], [-167000000.0], [-243000000.0], [-759000.0], [-1680000.0], [-5530000.0]]
[False, True, True, False, False, False]
[Stage 1]Gen 86:  1st stage Reward: 0, Best reward: [4.35469e+08]
Generation 85 耗时: 1.044秒
[-17500000.0, -167000000.0, -243000000.0, -165000.0, -1210000.0, -1200000.0]
[[-17500000.0], [-167000000.0], [-243000000.0], [-759000.0], [-1680000.0], [-5530000.0]]
[False, True, True, False, False, False]
[Stage 1]Gen 87:  1st stage Reward: 0, Best reward: [4.35469e+08]
Generation 86 耗时: 1.076秒
[-17500000.0, -167000000.0, -243000000.0, -165000.0, -1210000.0, -1200000.0]
[[-17500000.0], [-167000000.0], [-243000000.0], [-759000.0], [-1680000.0], [-5530000.0]]
[False, True, True, False, False, False]
[Stage 1]Gen 88:  1st stage Reward: 0, Best reward: [4.35469e+08]
Generation 87 耗时: 1.152秒
[-17500000.0, -167000000.0, -243000000.0, -165000.0, -1210000.0, -1200000.0]
[[-17500000.0], [-167000000.0], [-243000000.0], [-759000.0], [-1680000.0], [-5530000.0]]
[False, True, True, False, False, False]
[Stage 1]Gen 89:  1st stage Reward: 0, Best reward: [4.35469e+08]
Generation 88 耗时: 1.097秒
[-17500000.0, -167000000.0, -243000000.0, -165000.0, -1210000.0, -1200000.0]
[[-17500000.0], [-167000000.0], [-243000000.0], [-759000.0], [-1680000.0], [-5530000.0]]
[False, True, True, False, False, False]
[Stage 1]Gen 90:  1st stage Reward: 0, Best reward: [4.35469e+08]
Generation 89 耗时: 1.138秒
[-17500000.0, -167000000.0, -243000000.0, -165000.0, -1210000.0, -1200000.0]
[[-17500000.0], [-167000000.0], [-243000000.0], [-759000.0], [-1680000.0], [-5530000.0]]
[False, True, True, False, False, False]
[Stage 1]Gen 91:  1st stage Reward: 0, Best reward: [4.35469e+08]
Generation 90 耗时: 1.086秒
[-17500000.0, -167000000.0, -243000000.0, -165000.0, -1210000.0, -1200000.0]
[[-17500000.0], [-167000000.0], [-243000000.0], [-759000.0], [-1680000.0], [-5530000.0]]
[False, True, True, False, False, False]
[Stage 1]Gen 92:  1st stage Reward: 0, Best reward: [4.35469e+08]
Generation 91 耗时: 1.108秒
[-17500000.0, -167000000.0, -243000000.0, -165000.0, -1210000.0, -1200000.0]
[[-17500000.0], [-167000000.0], [-243000000.0], [-759000.0], [-1680000.0], [-5530000.0]]
[False, True, True, False, False, False]
[Stage 1]Gen 93:  1st stage Reward: 0, Best reward: [4.35469e+08]
Generation 92 耗时: 1.076秒
[-17500000.0, -167000000.0, -243000000.0, -165000.0, -1210000.0, -1200000.0]
[[-17500000.0], [-167000000.0], [-243000000.0], [-759000.0], [-1680000.0], [-5530000.0]]
[False, True, True, False, False, False]
[Stage 1]Gen 94:  1st stage Reward: 0, Best reward: [4.35469e+08]
Generation 93 耗时: 1.144秒
[-17500000.0, -167000000.0, -243000000.0, -165000.0, -1210000.0, -1200000.0]
[[-17500000.0], [-167000000.0], [-243000000.0], [-759000.0], [-1680000.0], [-5530000.0]]
[False, True, True, False, False, False]
[Stage 1]Gen 95:  1st stage Reward: 0, Best reward: [4.35469e+08]
Generation 94 耗时: 1.080秒
[-17500000.0, -167000000.0, -243000000.0, -165000.0, -1210000.0, -1200000.0]
[[-17500000.0], [-167000000.0], [-243000000.0], [-759000.0], [-1680000.0], [-5530000.0]]
[False, True, True, False, False, False]
[Stage 1]Gen 96:  1st stage Reward: 0, Best reward: [4.35469e+08]
Generation 95 耗时: 1.090秒
[-17500000.0, -167000000.0, -243000000.0, -165000.0, -1210000.0, -1200000.0]
[[-17500000.0], [-167000000.0], [-243000000.0], [-759000.0], [-1680000.0], [-5530000.0]]
[False, True, True, False, False, False]
[Stage 1]Gen 97:  1st stage Reward: 0, Best reward: [4.35469e+08]
Generation 96 耗时: 1.076秒
[-17500000.0, -167000000.0, -243000000.0, -165000.0, -1210000.0, -1200000.0]
[[-17500000.0], [-167000000.0], [-243000000.0], [-759000.0], [-1680000.0], [-5530000.0]]
[False, True, True, False, False, False]
[Stage 1]Gen 98:  1st stage Reward: 0, Best reward: [4.35469e+08]
Generation 97 耗时: 1.115秒
[-17500000.0, -167000000.0, -243000000.0, -165000.0, -1210000.0, -1200000.0]
[[-17500000.0], [-167000000.0], [-243000000.0], [-759000.0], [-1680000.0], [-5530000.0]]
[False, True, True, False, False, False]
[Stage 1]Gen 99:  1st stage Reward: 0, Best reward: [4.35469e+08]
Generation 98 耗时: 1.075秒
[-17500000.0, -167000000.0, -243000000.0, -165000.0, -1210000.0, -1200000.0]
[[-17500000.0], [-167000000.0], [-243000000.0], [-759000.0], [-1680000.0], [-5530000.0]]
[False, True, True, False, False, False]
[Stage 1]Gen 100:  1st stage Reward: 0, Best reward: [4.35469e+08]
Generation 99 耗时: 1.068秒
耗时:  111.35389351844788
{'arch': {'arithmetic': {'instances': 1024, 'word-bits': 8}, 'storage': [{'name': 'Registers', 'entries': 1, 'instances': 1024, 'word-bits': 8, 'cluster-size': 1, 'num-ports': 2, 'num-banks': 8}, {'name': 'AccumulationBuffer', 'entries': 3072, 'instances': 16, 'word-bits': 24, 'cluster-size': 1, 'network-word-bits': 16, 'num-ports': 2, 'num-banks': 2}, {'name': 'WeightBuffer', 'entries': 32768, 'instances': 16, 'word-bits': 8, 'block-size': 4, 'num-ports': 1, 'num-banks': 8}, {'name': 'InputBuffer', 'entries': 8192, 'instances': 16, 'word-bits': 8, 'block-size': 4, 'num-ports': 2, 'num-banks': 1}, {'name': 'GlobalBuffer', 'entries': 65536, 'instances': 1, 'word-bits': 8, 'block-size': 8, 'num-ports': 2, 'num-banks': 256}, {'name': 'DRAM', 'technology': 'DRAM', 'instances': 1, 'word-bits': 8, 'block-size': 64, 'bandwidth': 1}]}}
['DRAM', 'GlobalBuffer', 'InputBuffer', 'WeightBuffer', 'AccumulationBuffer', 'Registers'] [1, 1, 16, 16, 16, 1024, 1024] [inf, 65536, 8192, 32768, 3072, 1]
[1, 16, 1, 1, 64, 1]
20
[-44200000000.0, -5380000000.0, -160000000000.0, -116000000000.0, -2560000.0, -32300.0, -21300000.0, -20800000.0]
[[-240000000000.0], [-250000000000.0], [-304000000000.0], [-604000000000.0], [-7160000.0], [-59300.0], [-36300000.0], [-39100000.0]]
[False, False, False, False, False, False, False, False]
[Stage 1]Gen 1:  1st stage Reward: 0, Best reward: [1.39808262e+12]
Generation 0 耗时: 1.494秒
[-13700000000.0, -63300000.0, -122000000000.0, -61900000000.0, -2070000.0, -32100.0, -19800000.0, -19500000.0]
[[-47600000000.0], [-5510000000.0], [-127000000000.0], [-64700000000.0], [-2110000.0], [-32500.0], [-19900000.0], [-19500000.0]]
[False, False, False, False, False, False, False, False]
[Stage 1]Gen 2:  1st stage Reward: 0, Best reward: [2.44851542e+11]
Generation 1 耗时: 1.442秒
[-5930000000.0, -12600000.0, -106000000000.0, -52600000000.0, -1120000.0, -17100.0, -10500000.0, -10200000.0]
[[-10300000000.0], [-70800000.0], [-106000000000.0], [-52600000000.0], [-1240000.0], [-19100.0], [-11700000.0], [-30300000.0]]
[False, False, False, False, False, False, False, False]
[Stage 1]Gen 3:  1st stage Reward: 0, Best reward: [1.69014059e+11]
Generation 2 耗时: 1.375秒
[-639000000.0, -7780000.0, -106000000000.0, -52600000000.0, -1100000.0, -16900.0, -10400000.0, -10200000.0]
[[-10300000000.0], [-70800000.0], [-106000000000.0], [-52600000000.0], [-1240000.0], [-19100.0], [-11700000.0], [-30300000.0]]
[False, False, False, False, False, False, False, False]
[Stage 1]Gen 4:  1st stage Reward: 0, Best reward: [1.69014059e+11]
Generation 3 耗时: 1.407秒
[-607000000.0, -7780000.0, -11700000000.0, -25000000000.0, -1100000.0, -16800.0, -10400000.0, -10200000.0]
[[-8750000000.0], [-562000000.0], [-91800000000.0], [-44900000000.0], [-1240000.0], [-19100.0], [-11900000.0], [-11800000.0]]
[False, False, False, False, False, False, False, False]
[Stage 1]Gen 5:  1st stage Reward: 0, Best reward: [1.46036959e+11]
Generation 4 耗时: 1.418秒
[-502000000.0, -7780000.0, -10100000000.0, -2660000000.0, -613000.0, -9150.0, -5540000.0, -10200000.0]
[[-3290000000.0], [-71700000.0], [-10100000000.0], [-22400000000.0], [-613000.0], [-9150.0], [-5540000.0], [-19100000.0]]
[False, False, False, False, False, False, False, False]
[Stage 1]Gen 6:  1st stage Reward: 0, Best reward: [3.58869622e+10]
Generation 5 耗时: 1.422秒
[-372000000.0, -7750000.0, -2970000000.0, -2030000000.0, -604000.0, -9010.0, -5460000.0, -5600000.0]
[[-463000000.0], [-8270000.0], [-12800000000.0], [-3300000000.0], [-660000.0], [-9760.0], [-5920000.0], [-6130000.0]]
[False, False, False, False, False, False, False, False]
[Stage 1]Gen 7:  1st stage Reward: 0, Best reward: [1.65839898e+10]
Generation 6 耗时: 1.506秒
[-372000000.0, -7750000.0, -2170000000.0, -2030000000.0, -604000.0, -9010.0, -5460000.0, -5510000.0]
[[-617000000.0], [-91300000.0], [-3000000000.0], [-3340000000.0], [-715000.0], [-10800.0], [-6520000.0], [-6720000.0]]
[False, False, False, False, False, False, False, False]
[Stage 1]Gen 8:  1st stage Reward: 0, Best reward: [7.0622658e+09]
Generation 7 耗时: 1.393秒
[-372000000.0, -7750000.0, -2170000000.0, -1870000000.0, -580000.0, -8660.0, -5460000.0, -5380000.0]
[[-503000000.0], [-11600000.0], [-2860000000.0], [-1870000000.0], [-652000.0], [-10200.0], [-5810000.0], [-6020000.0]]
[False, False, False, False, False, False, False, False]
[Stage 1]Gen 9:  1st stage Reward: 0, Best reward: [5.2570922e+09]
Generation 8 耗时: 1.410秒
[-372000000.0, -5550000.0, -2170000000.0, -1870000000.0, -521000.0, -7880.0, -5460000.0, -5380000.0]
[[-518000000.0], [-13600000.0], [-2390000000.0], [-1870000000.0], [-4600000.0], [-57100.0], [-35000000.0], [-40600000.0]]
[False, False, False, False, False, False, False, False]
[Stage 1]Gen 10:  1st stage Reward: 0, Best reward: [4.8718571e+09]
Generation 9 耗时: 1.621秒
[-372000000.0, -4770000.0, -2170000000.0, -1660000000.0, -521000.0, -7880.0, -5460000.0, -5380000.0]
[[-417000000.0], [-4770000.0], [-2220000000.0], [-1660000000.0], [-600000.0], [-9600.0], [-5520000.0], [-5510000.0]]
[False, False, False, False, False, False, False, False]
[Stage 1]Gen 11:  1st stage Reward: 0, Best reward: [4.3134096e+09]
Generation 10 耗时: 1.542秒
[-372000000.0, -4770000.0, -2170000000.0, -1620000000.0, -521000.0, -7880.0, -5460000.0, -5380000.0]
[[-417000000.0], [-4770000.0], [-2220000000.0], [-1660000000.0], [-600000.0], [-9600.0], [-5520000.0], [-5510000.0]]
[False, False, False, False, False, False, False, False]
[Stage 1]Gen 12:  1st stage Reward: 0, Best reward: [4.3134096e+09]
Generation 11 耗时: 1.446秒
[-354000000.0, -4740000.0, -2110000000.0, -1460000000.0, -520000.0, -7800.0, -5410000.0, -4860000.0]
[[-499000000.0], [-4740000.0], [-2240000000.0], [-1460000000.0], [-520000.0], [-7800.0], [-5830000.0], [-4860000.0]]
[False, False, False, False, False, False, False, False]
[Stage 1]Gen 13:  1st stage Reward: 0, Best reward: [4.2149578e+09]
Generation 12 耗时: 1.426秒
[-354000000.0, -4740000.0, -2110000000.0, -1460000000.0, -520000.0, -7800.0, -5410000.0, -4860000.0]
[[-354000000.0], [-4740000.0], [-2240000000.0], [-1460000000.0], [-520000.0], [-7800.0], [-5830000.0], [-4860000.0]]
[False, False, False, False, False, False, False, False]
[Stage 1]Gen 14:  1st stage Reward: 0, Best reward: [4.0699578e+09]
Generation 13 耗时: 1.543秒
[-281000000.0, -4740000.0, -2110000000.0, -792000000.0, -518000.0, -7690.0, -4720000.0, -4780000.0]
[[-281000000.0], [-104000000.0], [-2110000000.0], [-792000000.0], [-520000.0], [-7690.0], [-4720000.0], [-4780000.0]]
[False, False, False, False, False, False, False, False]
[Stage 1]Gen 15:  1st stage Reward: 0, Best reward: [3.29702769e+09]
Generation 14 耗时: 1.449秒
[-154000000.0, -4730000.0, -2110000000.0, -792000000.0, -503000.0, -7560.0, -4720000.0, -4700000.0]
[[-281000000.0], [-104000000.0], [-2110000000.0], [-792000000.0], [-520000.0], [-7650.0], [-4720000.0], [-4780000.0]]
[False, False, False, False, False, False, False, False]
[Stage 1]Gen 16:  1st stage Reward: 0, Best reward: [3.29702765e+09]
Generation 15 耗时: 1.423秒
[-85900000.0, -3220000.0, -2110000000.0, -792000000.0, -503000.0, -7560.0, -4720000.0, -4700000.0]
[[-281000000.0], [-104000000.0], [-2110000000.0], [-792000000.0], [-520000.0], [-7650.0], [-4720000.0], [-4780000.0]]
[False, False, False, False, False, False, False, False]
[Stage 1]Gen 17:  1st stage Reward: 0, Best reward: [3.29702765e+09]
Generation 16 耗时: 1.378秒
[-78900000.0, -2620000.0, -2110000000.0, -792000000.0, -503000.0, -7560.0, -4720000.0, -4640000.0]
[[-78900000.0], [-2620000.0], [-2130000000.0], [-807000000.0], [-592000.0], [-51200.0], [-5510000.0], [-5550000.0]]
[False, False, False, False, False, False, False, False]
[Stage 1]Gen 18:  1st stage Reward: 0, Best reward: [3.0302232e+09]
Generation 17 耗时: 1.381秒
[-78900000.0, -2620000.0, -2110000000.0, -792000000.0, -503000.0, -7560.0, -4720000.0, -4640000.0]
[[-78900000.0], [-2620000.0], [-2130000000.0], [-807000000.0], [-592000.0], [-51200.0], [-5510000.0], [-5550000.0]]
[False, False, False, False, False, False, False, False]
[Stage 1]Gen 19:  1st stage Reward: 0, Best reward: [3.0302232e+09]
Generation 18 耗时: 1.387秒
[-78900000.0, -2620000.0, -2110000000.0, -792000000.0, -503000.0, -7560.0, -4720000.0, -4640000.0]
[[-78900000.0], [-2620000.0], [-2130000000.0], [-807000000.0], [-592000.0], [-51200.0], [-5510000.0], [-5550000.0]]
[False, False, False, False, False, False, False, False]
[Stage 1]Gen 20:  1st stage Reward: 0, Best reward: [3.0302232e+09]
Generation 19 耗时: 1.457秒
[-78900000.0, -2620000.0, -2110000000.0, -792000000.0, -503000.0, -7560.0, -4720000.0, -4640000.0]
[[-78900000.0], [-2620000.0], [-2130000000.0], [-807000000.0], [-592000.0], [-51200.0], [-5510000.0], [-5550000.0]]
[False, False, False, False, False, False, False, False]
[Stage 1]Gen 21:  1st stage Reward: 0, Best reward: [3.0302232e+09]
Generation 20 耗时: 1.457秒
[-78600000.0, -2580000.0, -2110000000.0, -792000000.0, -496000.0, -7450.0, -4580000.0, -4640000.0]
[[-78900000.0], [-2620000.0], [-2130000000.0], [-807000000.0], [-592000.0], [-51200.0], [-5510000.0], [-5550000.0]]
[False, False, False, False, False, False, False, False]
[Stage 1]Gen 22:  1st stage Reward: 0, Best reward: [3.0302232e+09]
Generation 21 耗时: 1.517秒
[-78600000.0, -2580000.0, -2110000000.0, -792000000.0, -496000.0, -7450.0, -4580000.0, -4640000.0]
[[-78900000.0], [-2620000.0], [-2130000000.0], [-807000000.0], [-592000.0], [-51200.0], [-5510000.0], [-5550000.0]]
[False, False, False, False, False, False, False, False]
[Stage 1]Gen 23:  1st stage Reward: 0, Best reward: [3.0302232e+09]
Generation 22 耗时: 1.528秒
[-78200000.0, -2580000.0, -2110000000.0, -792000000.0, -485000.0, -7270.0, -4470000.0, -4530000.0]
[[-78200000.0], [-11000000.0], [-2130000000.0], [-798000000.0], [-485000.0], [-7270.0], [-4470000.0], [-4530000.0]]
[False, False, False, False, False, False, False, False]
[Stage 1]Gen 24:  1st stage Reward: 0, Best reward: [3.02669227e+09]
Generation 23 耗时: 1.384秒
[-76900000.0, -2540000.0, -2110000000.0, -785000000.0, -480000.0, -7270.0, -4470000.0, -4430000.0]
[[-78300000.0], [-2580000.0], [-2130000000.0], [-800000000.0], [-509000.0], [-9460.0], [-4700000.0], [-4600000.0]]
[False, False, False, False, False, False, False, False]
[Stage 1]Gen 25:  1st stage Reward: 0, Best reward: [3.02069846e+09]
Generation 24 耗时: 1.357秒
[-76900000.0, -2540000.0, -2100000000.0, -785000000.0, -474000.0, -7260.0, -4470000.0, -4430000.0]
[[-77500000.0], [-2570000.0], [-2110000000.0], [-792000000.0], [-502000.0], [-7650.0], [-4700000.0], [-17200000.0]]
[False, False, False, False, False, False, False, False]
[Stage 1]Gen 26:  1st stage Reward: 0, Best reward: [3.00447965e+09]
Generation 25 耗时: 1.350秒
[-76000000.0, -2540000.0, -2100000000.0, -785000000.0, -474000.0, -7260.0, -4470000.0, -4430000.0]
[[-77500000.0], [-2570000.0], [-2110000000.0], [-792000000.0], [-502000.0], [-7650.0], [-4700000.0], [-17200000.0]]
[False, False, False, False, False, False, False, False]
[Stage 1]Gen 27:  1st stage Reward: 0, Best reward: [3.00447965e+09]
Generation 26 耗时: 1.389秒
[-76000000.0, -2540000.0, -2100000000.0, -785000000.0, -474000.0, -7260.0, -4470000.0, -4430000.0]
[[-77500000.0], [-2570000.0], [-2110000000.0], [-792000000.0], [-502000.0], [-7650.0], [-4700000.0], [-4760000.0]]
[False, False, False, False, False, False, False, False]
[Stage 1]Gen 28:  1st stage Reward: 0, Best reward: [2.99203965e+09]
Generation 27 耗时: 1.356秒
[-76000000.0, -2540000.0, -2100000000.0, -785000000.0, -474000.0, -7260.0, -4470000.0, -4430000.0]
[[-77500000.0], [-2570000.0], [-2110000000.0], [-792000000.0], [-502000.0], [-7650.0], [-4700000.0], [-4760000.0]]
[False, False, False, False, False, False, False, False]
[Stage 1]Gen 29:  1st stage Reward: 0, Best reward: [2.99203965e+09]
Generation 28 耗时: 1.373秒
[-76000000.0, -2540000.0, -2100000000.0, -785000000.0, -474000.0, -7260.0, -4470000.0, -4370000.0]
[[-77500000.0], [-2570000.0], [-2110000000.0], [-792000000.0], [-502000.0], [-7650.0], [-4700000.0], [-4760000.0]]
[False, False, False, False, False, False, False, False]
[Stage 1]Gen 30:  1st stage Reward: 0, Best reward: [2.99203965e+09]
Generation 29 耗时: 1.342秒
[-76000000.0, -2540000.0, -2100000000.0, -785000000.0, -474000.0, -7260.0, -4470000.0, -4370000.0]
[[-77500000.0], [-2570000.0], [-2110000000.0], [-792000000.0], [-502000.0], [-7650.0], [-4700000.0], [-4760000.0]]
[False, False, False, False, False, False, False, False]
[Stage 1]Gen 31:  1st stage Reward: 0, Best reward: [2.99203965e+09]
Generation 30 耗时: 1.390秒
[-76000000.0, -2530000.0, -2100000000.0, -785000000.0, -474000.0, -7260.0, -4470000.0, -4370000.0]
[[-77500000.0], [-2570000.0], [-2110000000.0], [-792000000.0], [-502000.0], [-7770.0], [-4700000.0], [-4600000.0]]
[False, False, False, False, False, False, False, False]
[Stage 1]Gen 32:  1st stage Reward: 0, Best reward: [2.99187977e+09]
Generation 31 耗时: 1.434秒
[-76000000.0, -2530000.0, -2100000000.0, -785000000.0, -474000.0, -7260.0, -4470000.0, -4370000.0]
[[-77500000.0], [-2570000.0], [-2110000000.0], [-792000000.0], [-502000.0], [-7770.0], [-4700000.0], [-4600000.0]]
[False, False, True, True, False, False, False, False]
[Stage 1]Gen 33:  1st stage Reward: 0, Best reward: [2.99187977e+09]
Generation 32 耗时: 1.368秒
[-76000000.0, -2530000.0, -2100000000.0, -785000000.0, -474000.0, -7260.0, -4470000.0, -4370000.0]
[[-77500000.0], [-2570000.0], [-2110000000.0], [-792000000.0], [-502000.0], [-7650.0], [-4700000.0], [-4600000.0]]
[False, False, True, True, False, False, False, False]
[Stage 1]Gen 34:  1st stage Reward: 0, Best reward: [2.99187965e+09]
Generation 33 耗时: 1.359秒
[-76000000.0, -2530000.0, -2100000000.0, -785000000.0, -474000.0, -7260.0, -4470000.0, -4370000.0]
[[-77500000.0], [-2570000.0], [-2110000000.0], [-792000000.0], [-502000.0], [-7650.0], [-4700000.0], [-4600000.0]]
[False, False, True, True, False, False, False, False]
[Stage 1]Gen 35:  1st stage Reward: 0, Best reward: [2.99187965e+09]
Generation 34 耗时: 1.401秒
[-76000000.0, -2530000.0, -2100000000.0, -785000000.0, -474000.0, -7260.0, -4470000.0, -4370000.0]
[[-77500000.0], [-2570000.0], [-2110000000.0], [-792000000.0], [-502000.0], [-7650.0], [-4700000.0], [-4600000.0]]
[False, False, True, True, False, False, False, False]
[Stage 1]Gen 36:  1st stage Reward: 0, Best reward: [2.99187965e+09]
Generation 35 耗时: 1.327秒
[-76000000.0, -2530000.0, -2100000000.0, -785000000.0, -474000.0, -7260.0, -4470000.0, -4370000.0]
[[-77500000.0], [-2570000.0], [-2110000000.0], [-792000000.0], [-502000.0], [-7650.0], [-4700000.0], [-4600000.0]]
[False, False, True, True, False, False, False, False]
[Stage 1]Gen 37:  1st stage Reward: 0, Best reward: [2.99187965e+09]
Generation 36 耗时: 1.415秒
[-76000000.0, -2270000.0, -2100000000.0, -785000000.0, -474000.0, -7260.0, -4470000.0, -4370000.0]
[[-77500000.0], [-2570000.0], [-2110000000.0], [-792000000.0], [-502000.0], [-7650.0], [-4700000.0], [-4600000.0]]
[False, False, True, True, False, False, False, False]
[Stage 1]Gen 38:  1st stage Reward: 0, Best reward: [2.99187965e+09]
Generation 37 耗时: 1.343秒
[-76000000.0, -1920000.0, -2100000000.0, -785000000.0, -474000.0, -7260.0, -4470000.0, -4370000.0]
[[-77600000.0], [-1920000.0], [-2110000000.0], [-792000000.0], [-504000.0], [-7690.0], [-4720000.0], [-4620000.0]]
[False, False, True, True, False, False, False, False]
[Stage 1]Gen 39:  1st stage Reward: 0, Best reward: [2.99137169e+09]
Generation 38 耗时: 1.368秒
[-76000000.0, -1920000.0, -2100000000.0, -785000000.0, -474000.0, -7260.0, -4470000.0, -4370000.0]
[[-77600000.0], [-1920000.0], [-2110000000.0], [-792000000.0], [-504000.0], [-7640.0], [-4720000.0], [-4620000.0]]
[False, False, True, True, False, False, False, False]
[Stage 1]Gen 40:  1st stage Reward: 0, Best reward: [2.99137164e+09]
Generation 39 耗时: 1.434秒
[-76000000.0, -1920000.0, -2100000000.0, -785000000.0, -474000.0, -7260.0, -4470000.0, -4370000.0]
[[-77600000.0], [-1920000.0], [-2110000000.0], [-792000000.0], [-504000.0], [-7640.0], [-4720000.0], [-4620000.0]]
[False, False, True, True, False, False, False, False]
[Stage 1]Gen 41:  1st stage Reward: 0, Best reward: [2.99137164e+09]
Generation 40 耗时: 1.328秒
[-76000000.0, -1920000.0, -2100000000.0, -785000000.0, -474000.0, -7260.0, -4470000.0, -4370000.0]
[[-77600000.0], [-1920000.0], [-2110000000.0], [-792000000.0], [-504000.0], [-7640.0], [-4720000.0], [-4620000.0]]
[False, False, True, True, False, False, False, False]
[Stage 1]Gen 42:  1st stage Reward: 0, Best reward: [2.99137164e+09]
Generation 41 耗时: 1.489秒
[-76000000.0, -1920000.0, -2100000000.0, -785000000.0, -474000.0, -7260.0, -4470000.0, -4370000.0]
[[-77600000.0], [-1920000.0], [-2110000000.0], [-792000000.0], [-504000.0], [-7640.0], [-4720000.0], [-4620000.0]]
[False, False, True, True, False, False, False, False]
[Stage 1]Gen 43:  1st stage Reward: 0, Best reward: [2.99137164e+09]
Generation 42 耗时: 1.322秒
[-76000000.0, -1920000.0, -2100000000.0, -785000000.0, -474000.0, -7260.0, -4470000.0, -4370000.0]
[[-77600000.0], [-1920000.0], [-2110000000.0], [-792000000.0], [-504000.0], [-7640.0], [-4720000.0], [-4620000.0]]
[False, False, True, True, False, False, False, False]
[Stage 1]Gen 44:  1st stage Reward: 0, Best reward: [2.99137164e+09]
Generation 43 耗时: 1.372秒
[-76000000.0, -1900000.0, -2100000000.0, -785000000.0, -474000.0, -7260.0, -4470000.0, -4370000.0]
[[-77500000.0], [-1900000.0], [-2110000000.0], [-792000000.0], [-502000.0], [-7660.0], [-4700000.0], [-4600000.0]]
[False, False, True, True, False, False, False, False]
[Stage 1]Gen 45:  1st stage Reward: 0, Best reward: [2.99120966e+09]
Generation 44 耗时: 1.444秒
[-76000000.0, -1900000.0, -2100000000.0, -785000000.0, -474000.0, -7260.0, -4470000.0, -4370000.0]
[[-77500000.0], [-1900000.0], [-2110000000.0], [-792000000.0], [-502000.0], [-7660.0], [-4700000.0], [-4600000.0]]
[False, False, True, True, False, False, False, False]
[Stage 1]Gen 46:  1st stage Reward: 0, Best reward: [2.99120966e+09]
Generation 45 耗时: 1.337秒
[-76000000.0, -1900000.0, -2100000000.0, -785000000.0, -474000.0, -7260.0, -4470000.0, -4370000.0]
[[-77500000.0], [-1900000.0], [-2110000000.0], [-792000000.0], [-502000.0], [-7660.0], [-4700000.0], [-4600000.0]]
[False, False, True, True, False, False, False, False]
[Stage 1]Gen 47:  1st stage Reward: 0, Best reward: [2.99120966e+09]
Generation 46 耗时: 1.374秒
[-76000000.0, -1900000.0, -2100000000.0, -785000000.0, -474000.0, -7260.0, -4470000.0, -4370000.0]
[[-77500000.0], [-1900000.0], [-2110000000.0], [-792000000.0], [-502000.0], [-7660.0], [-4700000.0], [-4600000.0]]
[False, False, True, True, False, False, False, False]
[Stage 1]Gen 48:  1st stage Reward: 0, Best reward: [2.99120966e+09]
Generation 47 耗时: 1.332秒
[-76000000.0, -1900000.0, -2100000000.0, -785000000.0, -474000.0, -7260.0, -4470000.0, -4370000.0]
[[-77500000.0], [-1900000.0], [-2110000000.0], [-792000000.0], [-502000.0], [-7660.0], [-4700000.0], [-4600000.0]]
[False, False, True, True, False, False, False, False]
[Stage 1]Gen 49:  1st stage Reward: 0, Best reward: [2.99120966e+09]
Generation 48 耗时: 1.388秒
[-76000000.0, -1900000.0, -2100000000.0, -785000000.0, -474000.0, -7260.0, -4470000.0, -4370000.0]
[[-77500000.0], [-1900000.0], [-2110000000.0], [-792000000.0], [-502000.0], [-7660.0], [-4700000.0], [-4600000.0]]
[False, False, True, True, False, False, False, False]
[Stage 1]Gen 50:  1st stage Reward: 0, Best reward: [2.99120966e+09]
Generation 49 耗时: 1.374秒
[-76000000.0, -1900000.0, -2100000000.0, -785000000.0, -474000.0, -7260.0, -4470000.0, -4370000.0]
[[-77500000.0], [-1900000.0], [-2110000000.0], [-792000000.0], [-502000.0], [-7660.0], [-4700000.0], [-4600000.0]]
[False, False, True, True, False, False, False, False]
[Stage 1]Gen 51:  1st stage Reward: 0, Best reward: [2.99120966e+09]
Generation 50 耗时: 1.355秒
[-76000000.0, -1900000.0, -2100000000.0, -785000000.0, -474000.0, -7250.0, -4470000.0, -4370000.0]
[[-77500000.0], [-1900000.0], [-2110000000.0], [-792000000.0], [-502000.0], [-7620.0], [-4700000.0], [-4600000.0]]
[False, False, True, True, False, False, False, False]
[Stage 1]Gen 52:  1st stage Reward: 0, Best reward: [2.99120962e+09]
Generation 51 耗时: 1.388秒
[-76000000.0, -1900000.0, -2100000000.0, -785000000.0, -474000.0, -7250.0, -4470000.0, -4370000.0]
[[-77500000.0], [-1900000.0], [-2110000000.0], [-792000000.0], [-502000.0], [-7620.0], [-4700000.0], [-4600000.0]]
[False, False, True, True, False, False, False, False]
[Stage 1]Gen 53:  1st stage Reward: 0, Best reward: [2.99120962e+09]
Generation 52 耗时: 1.491秒
[-76000000.0, -1900000.0, -2100000000.0, -785000000.0, -474000.0, -7250.0, -4470000.0, -4370000.0]
[[-77500000.0], [-1900000.0], [-2110000000.0], [-792000000.0], [-502000.0], [-7620.0], [-4700000.0], [-4600000.0]]
[False, False, True, True, False, False, False, False]
[Stage 1]Gen 54:  1st stage Reward: 0, Best reward: [2.99120962e+09]
Generation 53 耗时: 1.483秒
[-73500000.0, -1900000.0, -2100000000.0, -785000000.0, -474000.0, -7250.0, -4470000.0, -4370000.0]
[[-77500000.0], [-1900000.0], [-2110000000.0], [-792000000.0], [-502000.0], [-7620.0], [-4700000.0], [-4600000.0]]
[False, False, True, True, False, False, False, False]
[Stage 1]Gen 55:  1st stage Reward: 0, Best reward: [2.99120962e+09]
Generation 54 耗时: 1.483秒
[-73000000.0, -1900000.0, -2100000000.0, -785000000.0, -474000.0, -7250.0, -4470000.0, -4370000.0]
[[-77500000.0], [-1900000.0], [-2110000000.0], [-792000000.0], [-502000.0], [-7620.0], [-4700000.0], [-4600000.0]]
[False, False, True, True, False, False, False, False]
[Stage 1]Gen 56:  1st stage Reward: 0, Best reward: [2.99120962e+09]
Generation 55 耗时: 1.545秒
[-73000000.0, -1900000.0, -2100000000.0, -785000000.0, -474000.0, -7250.0, -4470000.0, -4370000.0]
[[-73100000.0], [-1900000.0], [-2110000000.0], [-792000000.0], [-502000.0], [-28600.0], [-4700000.0], [-4600000.0]]
[False, False, True, True, False, False, False, False]
[Stage 1]Gen 57:  1st stage Reward: 0, Best reward: [2.9868306e+09]
Generation 56 耗时: 1.407秒
[-73000000.0, -1900000.0, -2100000000.0, -785000000.0, -474000.0, -7250.0, -4470000.0, -4370000.0]
[[-73100000.0], [-1900000.0], [-2110000000.0], [-792000000.0], [-502000.0], [-7620.0], [-4650000.0], [-4600000.0]]
[False, False, True, True, False, False, False, False]
[Stage 1]Gen 58:  1st stage Reward: 0, Best reward: [2.98675962e+09]
Generation 57 耗时: 1.397秒
[-73000000.0, -1900000.0, -2100000000.0, -785000000.0, -474000.0, -7250.0, -4470000.0, -4370000.0]
[[-73100000.0], [-1900000.0], [-2110000000.0], [-792000000.0], [-502000.0], [-7620.0], [-4650000.0], [-4600000.0]]
[False, False, True, True, False, False, False, False]
[Stage 1]Gen 59:  1st stage Reward: 0, Best reward: [2.98675962e+09]
Generation 58 耗时: 1.364秒
[-73000000.0, -1900000.0, -2100000000.0, -785000000.0, -474000.0, -7250.0, -4470000.0, -4370000.0]
[[-73100000.0], [-1900000.0], [-2110000000.0], [-792000000.0], [-502000.0], [-7620.0], [-4650000.0], [-4600000.0]]
[False, False, True, True, False, False, False, False]
[Stage 1]Gen 60:  1st stage Reward: 0, Best reward: [2.98675962e+09]
Generation 59 耗时: 1.353秒
[-73000000.0, -1900000.0, -2100000000.0, -785000000.0, -474000.0, -7250.0, -4470000.0, -4370000.0]
[[-73100000.0], [-1900000.0], [-2110000000.0], [-792000000.0], [-502000.0], [-7620.0], [-4650000.0], [-4600000.0]]
[False, False, True, True, False, False, False, False]
[Stage 1]Gen 61:  1st stage Reward: 0, Best reward: [2.98675962e+09]
Generation 60 耗时: 1.365秒
[-73000000.0, -1900000.0, -2100000000.0, -785000000.0, -474000.0, -7250.0, -4470000.0, -4370000.0]
[[-73100000.0], [-1900000.0], [-2110000000.0], [-792000000.0], [-502000.0], [-7620.0], [-4650000.0], [-4600000.0]]
[False, False, True, True, False, False, False, False]
[Stage 1]Gen 62:  1st stage Reward: 0, Best reward: [2.98675962e+09]
Generation 61 耗时: 1.356秒
[-73000000.0, -1900000.0, -2100000000.0, -785000000.0, -474000.0, -7250.0, -4470000.0, -4370000.0]
[[-73100000.0], [-1900000.0], [-2110000000.0], [-792000000.0], [-502000.0], [-7620.0], [-4650000.0], [-4600000.0]]
[False, False, True, True, False, False, False, False]
[Stage 1]Gen 63:  1st stage Reward: 0, Best reward: [2.98675962e+09]
Generation 62 耗时: 1.367秒
[-73000000.0, -1900000.0, -2100000000.0, -785000000.0, -474000.0, -7250.0, -4470000.0, -4370000.0]
[[-73100000.0], [-1900000.0], [-2110000000.0], [-792000000.0], [-502000.0], [-7620.0], [-4650000.0], [-4600000.0]]
[False, False, True, True, False, False, False, False]
[Stage 1]Gen 64:  1st stage Reward: 0, Best reward: [2.98675962e+09]
Generation 63 耗时: 1.403秒
[-73000000.0, -1900000.0, -2100000000.0, -785000000.0, -474000.0, -7250.0, -4470000.0, -4370000.0]
[[-73100000.0], [-1900000.0], [-2110000000.0], [-792000000.0], [-502000.0], [-7620.0], [-4650000.0], [-4600000.0]]
[False, False, True, True, False, False, False, False]
[Stage 1]Gen 65:  1st stage Reward: 0, Best reward: [2.98675962e+09]
Generation 64 耗时: 1.418秒
[-73000000.0, -1900000.0, -2100000000.0, -785000000.0, -474000.0, -7250.0, -4470000.0, -4370000.0]
[[-73100000.0], [-1900000.0], [-2110000000.0], [-792000000.0], [-502000.0], [-7620.0], [-4650000.0], [-4600000.0]]
[False, False, True, True, False, False, False, False]
[Stage 1]Gen 66:  1st stage Reward: 0, Best reward: [2.98675962e+09]
Generation 65 耗时: 1.452秒
[-73000000.0, -1900000.0, -2100000000.0, -785000000.0, -474000.0, -7250.0, -4470000.0, -4370000.0]
[[-73100000.0], [-1900000.0], [-2110000000.0], [-792000000.0], [-502000.0], [-7620.0], [-4650000.0], [-4600000.0]]
[False, False, True, True, False, False, False, False]
[Stage 1]Gen 67:  1st stage Reward: 0, Best reward: [2.98675962e+09]
Generation 66 耗时: 1.432秒
[-73000000.0, -1900000.0, -2100000000.0, -785000000.0, -474000.0, -7250.0, -4470000.0, -4370000.0]
[[-73100000.0], [-1900000.0], [-2110000000.0], [-792000000.0], [-502000.0], [-7620.0], [-4650000.0], [-4600000.0]]
[False, False, True, True, False, False, False, False]
[Stage 1]Gen 68:  1st stage Reward: 0, Best reward: [2.98675962e+09]
Generation 67 耗时: 1.398秒
[-73000000.0, -1900000.0, -2100000000.0, -785000000.0, -474000.0, -7250.0, -4470000.0, -4370000.0]
[[-73100000.0], [-1900000.0], [-2110000000.0], [-792000000.0], [-502000.0], [-7620.0], [-4650000.0], [-4600000.0]]
[False, False, True, True, False, False, False, False]
[Stage 1]Gen 69:  1st stage Reward: 0, Best reward: [2.98675962e+09]
Generation 68 耗时: 1.355秒
[-73000000.0, -1900000.0, -2100000000.0, -785000000.0, -474000.0, -7250.0, -4470000.0, -4370000.0]
[[-73100000.0], [-1900000.0], [-2110000000.0], [-792000000.0], [-502000.0], [-7620.0], [-4650000.0], [-4600000.0]]
[False, False, True, True, False, False, False, False]
[Stage 1]Gen 70:  1st stage Reward: 0, Best reward: [2.98675962e+09]
Generation 69 耗时: 1.363秒
[-73000000.0, -1900000.0, -2100000000.0, -785000000.0, -474000.0, -7250.0, -4470000.0, -4370000.0]
[[-73100000.0], [-1900000.0], [-2110000000.0], [-792000000.0], [-502000.0], [-7620.0], [-4650000.0], [-4600000.0]]
[False, False, True, True, False, False, False, False]
[Stage 1]Gen 71:  1st stage Reward: 0, Best reward: [2.98675962e+09]
Generation 70 耗时: 1.387秒
[-73000000.0, -1900000.0, -2100000000.0, -785000000.0, -474000.0, -7250.0, -4470000.0, -4370000.0]
[[-73100000.0], [-1900000.0], [-2110000000.0], [-792000000.0], [-502000.0], [-7620.0], [-4650000.0], [-4600000.0]]
[False, False, True, True, False, False, False, False]
[Stage 1]Gen 72:  1st stage Reward: 0, Best reward: [2.98675962e+09]
Generation 71 耗时: 1.350秒
[-73000000.0, -1900000.0, -2100000000.0, -785000000.0, -474000.0, -7250.0, -4470000.0, -4370000.0]
[[-73100000.0], [-1900000.0], [-2110000000.0], [-792000000.0], [-502000.0], [-7620.0], [-4650000.0], [-4600000.0]]
[False, False, True, True, False, False, False, False]
[Stage 1]Gen 73:  1st stage Reward: 0, Best reward: [2.98675962e+09]
Generation 72 耗时: 1.422秒
[-73000000.0, -1900000.0, -2100000000.0, -785000000.0, -474000.0, -7250.0, -4470000.0, -4370000.0]
[[-73100000.0], [-1900000.0], [-2110000000.0], [-792000000.0], [-502000.0], [-7620.0], [-4650000.0], [-4600000.0]]
[False, False, True, True, False, False, False, False]
[Stage 1]Gen 74:  1st stage Reward: 0, Best reward: [2.98675962e+09]
Generation 73 耗时: 1.342秒
[-73000000.0, -1900000.0, -2100000000.0, -785000000.0, -474000.0, -7250.0, -4470000.0, -4370000.0]
[[-73100000.0], [-1900000.0], [-2110000000.0], [-792000000.0], [-502000.0], [-7620.0], [-4650000.0], [-4600000.0]]
[False, False, True, True, False, False, False, False]
[Stage 1]Gen 75:  1st stage Reward: 0, Best reward: [2.98675962e+09]
Generation 74 耗时: 1.366秒
[-73000000.0, -1900000.0, -2100000000.0, -785000000.0, -474000.0, -7250.0, -4470000.0, -4370000.0]
[[-73100000.0], [-1900000.0], [-2110000000.0], [-792000000.0], [-502000.0], [-7620.0], [-4650000.0], [-4600000.0]]
[False, False, True, True, False, False, False, False]
[Stage 1]Gen 76:  1st stage Reward: 0, Best reward: [2.98675962e+09]
Generation 75 耗时: 1.360秒
[-73000000.0, -1900000.0, -2100000000.0, -785000000.0, -474000.0, -7250.0, -4470000.0, -4370000.0]
[[-73100000.0], [-1900000.0], [-2110000000.0], [-792000000.0], [-502000.0], [-7620.0], [-4650000.0], [-4600000.0]]
[False, False, True, True, False, False, False, False]
[Stage 1]Gen 77:  1st stage Reward: 0, Best reward: [2.98675962e+09]
Generation 76 耗时: 1.409秒
[-73000000.0, -1900000.0, -2100000000.0, -785000000.0, -474000.0, -7250.0, -4470000.0, -4370000.0]
[[-73100000.0], [-1900000.0], [-2110000000.0], [-792000000.0], [-502000.0], [-7620.0], [-4650000.0], [-4600000.0]]
[False, False, True, True, False, False, False, False]
[Stage 1]Gen 78:  1st stage Reward: 0, Best reward: [2.98675962e+09]
Generation 77 耗时: 1.399秒
[-73000000.0, -1900000.0, -2100000000.0, -785000000.0, -474000.0, -7250.0, -4470000.0, -4370000.0]
[[-73100000.0], [-1900000.0], [-2110000000.0], [-792000000.0], [-502000.0], [-7620.0], [-4650000.0], [-4600000.0]]
[False, False, True, True, False, False, False, False]
[Stage 1]Gen 79:  1st stage Reward: 0, Best reward: [2.98675962e+09]
Generation 78 耗时: 1.384秒
[-73000000.0, -1900000.0, -2100000000.0, -785000000.0, -474000.0, -7250.0, -4470000.0, -4370000.0]
[[-73100000.0], [-1900000.0], [-2110000000.0], [-792000000.0], [-502000.0], [-7620.0], [-4650000.0], [-4600000.0]]
[False, False, True, True, False, False, False, False]
[Stage 1]Gen 80:  1st stage Reward: 0, Best reward: [2.98675962e+09]
Generation 79 耗时: 1.389秒
[-73000000.0, -1900000.0, -2100000000.0, -785000000.0, -474000.0, -7250.0, -4470000.0, -4370000.0]
[[-73100000.0], [-1900000.0], [-2110000000.0], [-792000000.0], [-502000.0], [-7620.0], [-4650000.0], [-4600000.0]]
[False, False, True, True, False, False, False, False]
[Stage 1]Gen 81:  1st stage Reward: 0, Best reward: [2.98675962e+09]
Generation 80 耗时: 1.345秒
[-73000000.0, -1900000.0, -2100000000.0, -785000000.0, -474000.0, -7250.0, -4470000.0, -4370000.0]
[[-73100000.0], [-1900000.0], [-2110000000.0], [-792000000.0], [-502000.0], [-7620.0], [-4650000.0], [-4600000.0]]
[False, False, True, True, False, False, False, False]
[Stage 1]Gen 82:  1st stage Reward: 0, Best reward: [2.98675962e+09]
Generation 81 耗时: 1.402秒
[-73000000.0, -1900000.0, -2100000000.0, -785000000.0, -474000.0, -7250.0, -4470000.0, -4370000.0]
[[-73100000.0], [-1900000.0], [-2110000000.0], [-792000000.0], [-502000.0], [-7620.0], [-4650000.0], [-4600000.0]]
[False, False, True, True, False, False, False, False]
[Stage 1]Gen 83:  1st stage Reward: 0, Best reward: [2.98675962e+09]
Generation 82 耗时: 1.379秒
[-73000000.0, -1900000.0, -2100000000.0, -785000000.0, -474000.0, -7250.0, -4470000.0, -4370000.0]
[[-73100000.0], [-1900000.0], [-2110000000.0], [-792000000.0], [-502000.0], [-7620.0], [-4650000.0], [-4600000.0]]
[False, False, True, True, False, False, False, False]
[Stage 1]Gen 84:  1st stage Reward: 0, Best reward: [2.98675962e+09]
Generation 83 耗时: 1.340秒
[-73000000.0, -1900000.0, -2100000000.0, -785000000.0, -474000.0, -7250.0, -4470000.0, -4370000.0]
[[-73100000.0], [-1900000.0], [-2110000000.0], [-792000000.0], [-502000.0], [-7620.0], [-4650000.0], [-4600000.0]]
[False, False, True, True, False, False, False, False]
[Stage 1]Gen 85:  1st stage Reward: 0, Best reward: [2.98675962e+09]
Generation 84 耗时: 1.355秒
[-73000000.0, -1900000.0, -2100000000.0, -785000000.0, -474000.0, -7250.0, -4470000.0, -4370000.0]
[[-73100000.0], [-1900000.0], [-2110000000.0], [-792000000.0], [-502000.0], [-7620.0], [-4650000.0], [-4600000.0]]
[False, False, True, True, False, False, False, False]
[Stage 1]Gen 86:  1st stage Reward: 0, Best reward: [2.98675962e+09]
Generation 85 耗时: 1.374秒
[-73000000.0, -1900000.0, -2100000000.0, -785000000.0, -474000.0, -7250.0, -4470000.0, -4370000.0]
[[-73100000.0], [-1900000.0], [-2110000000.0], [-792000000.0], [-502000.0], [-7620.0], [-4650000.0], [-4600000.0]]
[False, False, True, True, False, False, False, False]
[Stage 1]Gen 87:  1st stage Reward: 0, Best reward: [2.98675962e+09]
Generation 86 耗时: 1.389秒
[-73000000.0, -1900000.0, -2100000000.0, -785000000.0, -474000.0, -7250.0, -4470000.0, -4370000.0]
[[-73100000.0], [-1900000.0], [-2110000000.0], [-792000000.0], [-502000.0], [-7620.0], [-4650000.0], [-4600000.0]]
[False, False, True, True, False, False, False, False]
[Stage 1]Gen 88:  1st stage Reward: 0, Best reward: [2.98675962e+09]
Generation 87 耗时: 1.416秒
[-73000000.0, -1900000.0, -2100000000.0, -785000000.0, -474000.0, -7250.0, -4470000.0, -4370000.0]
[[-73100000.0], [-1900000.0], [-2110000000.0], [-792000000.0], [-502000.0], [-7620.0], [-4650000.0], [-4600000.0]]
[False, False, True, True, False, False, False, False]
[Stage 1]Gen 89:  1st stage Reward: 0, Best reward: [2.98675962e+09]
Generation 88 耗时: 1.378秒
[-73000000.0, -1900000.0, -2100000000.0, -785000000.0, -474000.0, -7250.0, -4470000.0, -4370000.0]
[[-73100000.0], [-1900000.0], [-2110000000.0], [-792000000.0], [-502000.0], [-7620.0], [-4650000.0], [-4600000.0]]
[False, False, True, True, False, False, False, False]
[Stage 1]Gen 90:  1st stage Reward: 0, Best reward: [2.98675962e+09]
Generation 89 耗时: 1.378秒
[-73000000.0, -1900000.0, -2100000000.0, -785000000.0, -474000.0, -7250.0, -4470000.0, -4370000.0]
[[-73100000.0], [-1900000.0], [-2110000000.0], [-792000000.0], [-502000.0], [-7620.0], [-4650000.0], [-4600000.0]]
[False, False, True, True, False, False, False, False]
[Stage 1]Gen 91:  1st stage Reward: 0, Best reward: [2.98675962e+09]
Generation 90 耗时: 1.356秒
[-73000000.0, -1900000.0, -2100000000.0, -785000000.0, -474000.0, -7250.0, -4470000.0, -4370000.0]
[[-73100000.0], [-1900000.0], [-2110000000.0], [-792000000.0], [-502000.0], [-7620.0], [-4650000.0], [-4600000.0]]
[False, False, True, True, False, False, False, False]
[Stage 1]Gen 92:  1st stage Reward: 0, Best reward: [2.98675962e+09]
Generation 91 耗时: 1.346秒
[-73000000.0, -1900000.0, -2100000000.0, -785000000.0, -474000.0, -7250.0, -4470000.0, -4370000.0]
[[-73100000.0], [-1900000.0], [-2110000000.0], [-792000000.0], [-502000.0], [-7620.0], [-4650000.0], [-4600000.0]]
[False, False, True, True, False, False, False, False]
[Stage 1]Gen 93:  1st stage Reward: 0, Best reward: [2.98675962e+09]
Generation 92 耗时: 1.376秒
[-73000000.0, -1900000.0, -2100000000.0, -785000000.0, -474000.0, -7250.0, -4470000.0, -4370000.0]
[[-73100000.0], [-1900000.0], [-2110000000.0], [-792000000.0], [-502000.0], [-7620.0], [-4650000.0], [-4600000.0]]
[False, False, True, True, False, False, False, False]
[Stage 1]Gen 94:  1st stage Reward: 0, Best reward: [2.98675962e+09]
Generation 93 耗时: 1.386秒
[-73000000.0, -1900000.0, -2100000000.0, -785000000.0, -474000.0, -7250.0, -4470000.0, -4370000.0]
[[-73100000.0], [-1900000.0], [-2110000000.0], [-792000000.0], [-502000.0], [-7620.0], [-4650000.0], [-4600000.0]]
[False, False, True, True, False, False, False, False]
[Stage 1]Gen 95:  1st stage Reward: 0, Best reward: [2.98675962e+09]
Generation 94 耗时: 1.347秒
[-73000000.0, -1900000.0, -2100000000.0, -785000000.0, -474000.0, -7250.0, -4470000.0, -4370000.0]
[[-73100000.0], [-1900000.0], [-2110000000.0], [-792000000.0], [-502000.0], [-7620.0], [-4650000.0], [-4600000.0]]
[False, False, True, True, False, False, False, False]
[Stage 1]Gen 96:  1st stage Reward: 0, Best reward: [2.98675962e+09]
Generation 95 耗时: 1.491秒
[-73000000.0, -1900000.0, -2100000000.0, -785000000.0, -474000.0, -7250.0, -4470000.0, -4370000.0]
[[-73100000.0], [-1900000.0], [-2110000000.0], [-792000000.0], [-502000.0], [-7620.0], [-4650000.0], [-4600000.0]]
[False, False, True, True, False, False, False, False]
[Stage 1]Gen 97:  1st stage Reward: 0, Best reward: [2.98675962e+09]
Generation 96 耗时: 1.356秒
[-73000000.0, -1900000.0, -2100000000.0, -785000000.0, -474000.0, -7250.0, -4470000.0, -4370000.0]
[[-73100000.0], [-1900000.0], [-2110000000.0], [-792000000.0], [-502000.0], [-7620.0], [-4650000.0], [-4600000.0]]
[False, False, True, True, False, False, False, False]
[Stage 1]Gen 98:  1st stage Reward: 0, Best reward: [2.98675962e+09]
Generation 97 耗时: 1.357秒
[-73000000.0, -1900000.0, -2100000000.0, -785000000.0, -474000.0, -7250.0, -4470000.0, -4370000.0]
[[-73100000.0], [-1900000.0], [-2110000000.0], [-792000000.0], [-502000.0], [-7620.0], [-4650000.0], [-4600000.0]]
[False, False, True, True, False, False, False, False]
[Stage 1]Gen 99:  1st stage Reward: 0, Best reward: [2.98675962e+09]
Generation 98 耗时: 1.418秒
[-73000000.0, -1900000.0, -2100000000.0, -785000000.0, -474000.0, -7250.0, -4470000.0, -4370000.0]
[[-73100000.0], [-1900000.0], [-2110000000.0], [-792000000.0], [-502000.0], [-7620.0], [-4650000.0], [-4600000.0]]
[False, False, True, True, False, False, False, False]
[Stage 1]Gen 100:  1st stage Reward: 0, Best reward: [2.98675962e+09]
Generation 99 耗时: 1.444秒
耗时:  140.64144444465637
