Random-llama2_34B.
{'arch': {'arithmetic': {'instances': 1024, 'word-bits': 8}, 'storage': [{'name': 'Registers', 'entries': 1, 'instances': 1024, 'word-bits': 8, 'cluster-size': 1, 'num-ports': 2, 'num-banks': 8}, {'name': 'AccumulationBuffer', 'entries': 3072, 'instances': 16, 'word-bits': 24, 'cluster-size': 1, 'network-word-bits': 16, 'num-ports': 2, 'num-banks': 2}, {'name': 'WeightBuffer', 'entries': 32768, 'instances': 16, 'word-bits': 8, 'block-size': 4, 'num-ports': 1, 'num-banks': 8}, {'name': 'InputBuffer', 'entries': 8192, 'instances': 16, 'word-bits': 8, 'block-size': 4, 'num-ports': 2, 'num-banks': 1}, {'name': 'GlobalBuffer', 'entries': 65536, 'instances': 1, 'word-bits': 8, 'block-size': 8, 'num-ports': 2, 'num-banks': 256}, {'name': 'DRAM', 'technology': 'DRAM', 'instances': 1, 'word-bits': 8, 'block-size': 64, 'bandwidth': 1}]}}
['DRAM', 'GlobalBuffer', 'InputBuffer', 'WeightBuffer', 'AccumulationBuffer', 'Registers'] [1, 1, 16, 16, 16, 1024, 1024] [inf, 65536, 8192, 32768, 3072, 1]
[1, 16, 1, 1, 64, 1]
20
[1, 8, 1, 1, 16, 1]
[1, 6096, 2048, 16384, 65536, 1]
[1, 8, 1, 1, 128, 1]
[1, 6096, 65536, 2048, 131072, 1]
[1, 16, 1, 1, 32, 1]
[1, 8096, 32768, 1024, 2048, 1]
[1, 32, 1, 1, 8, 1]
[1, 3072, 2048, 16384, 16384, 1]
[1, 8, 1, 1, 32, 1]
[1, 8096, 2048, 8096, 16384, 1]
[1, 16, 1, 1, 16, 1]
[1, 4096, 4096, 16384, 8096, 1]
[1, 64, 1, 1, 32, 1]
[1, 8096, 1024, 65536, 32768, 1]
[1, 8, 1, 1, 16, 1]
[2, 6096, 131072, 2048, 16384, 1]
[1, 128, 1, 1, 128, 1]
[2, 1536, 4096, 16384, 131072, 1]
[1, 8, 1, 1, 64, 1]
[2, 3072, 131072, 16384, 16384, 1]
[1, 128, 1, 1, 8, 1]
[2, 1536, 131072, 1024, 16384, 1]
[1, 32, 1, 1, 32, 1]
[1, 4096, 32768, 8096, 1024, 1]
[1, 32, 1, 1, 16, 1]
[1, 6096, 131072, 65536, 2048, 1]
[1, 64, 1, 1, 128, 1]
[1, 4096, 8096, 32768, 16384, 1]
[1, 64, 1, 1, 16, 1]
[1, 2048, 1024, 16384, 262144, 1]
[1, 8, 1, 1, 16, 1]
[1, 8096, 32768, 1024, 262144, 1]
[1, 64, 1, 1, 128, 1]
[1, 8096, 131072, 65536, 65536, 1]
[1, 8, 1, 1, 64, 1]
[2, 8096, 1024, 32768, 2048, 1]
[1, 32, 1, 1, 16, 1]
[2, 1536, 65536, 2048, 16384, 1]
[1, 8, 1, 1, 8, 1]
[1, 8096, 8096, 2048, 65536, 1]
[1, 16, 1, 1, 16, 1]
[1, 3072, 16384, 65536, 131072, 1]
[1, 128, 1, 1, 16, 1]
[1, 1024, 1024, 32768, 32768, 1]
[1, 128, 1, 1, 8, 1]
[1, 1024, 2048, 32768, 8096, 1]
[1, 128, 1, 1, 128, 1]
[2, 6096, 32768, 4096, 8096, 1]
[1, 32, 1, 1, 32, 1]
[2, 8096, 2048, 1024, 131072, 1]
[1, 128, 1, 1, 16, 1]
[1, 1536, 32768, 4096, 4096, 1]
[1, 128, 1, 1, 8, 1]
[2, 1024, 2048, 32768, 262144, 1]
[1, 32, 1, 1, 16, 1]
[2, 2048, 1024, 1024, 65536, 1]
[1, 8, 1, 1, 32, 1]
[2, 4096, 65536, 16384, 1024, 1]
[1, 16, 1, 1, 128, 1]
[2, 1536, 1024, 4096, 32768, 1]
[1, 16, 1, 1, 32, 1]
[1, 1536, 4096, 65536, 4096, 1]
[1, 16, 1, 1, 16, 1]
[1, 8096, 2048, 8096, 1024, 1]
[1, 16, 1, 1, 32, 1]
[1, 1024, 8096, 8096, 32768, 1]
[1, 32, 1, 1, 128, 1]
[1, 1024, 16384, 2048, 16384, 1]
[1, 128, 1, 1, 32, 1]
[1, 3072, 8096, 4096, 1024, 1]
[1, 128, 1, 1, 64, 1]
[2, 4096, 32768, 32768, 2048, 1]
[1, 64, 1, 1, 32, 1]
[1, 3072, 65536, 32768, 4096, 1]
[1, 128, 1, 1, 32, 1]
[2, 8096, 32768, 8096, 131072, 1]
[1, 128, 1, 1, 8, 1]
[2, 1024, 8096, 32768, 16384, 1]
[1, 16, 1, 1, 16, 1]
[1, 3072, 65536, 32768, 8096, 1]
[1, 64, 1, 1, 8, 1]
[2, 1536, 4096, 65536, 262144, 1]
[1, 128, 1, 1, 64, 1]
[2, 6096, 32768, 65536, 131072, 1]
[1, 16, 1, 1, 32, 1]
[2, 8096, 131072, 32768, 8096, 1]
[1, 8, 1, 1, 32, 1]
[2, 4096, 2048, 2048, 4096, 1]
[1, 16, 1, 1, 64, 1]
[2, 4096, 131072, 8096, 1024, 1]
[1, 64, 1, 1, 64, 1]
[2, 2048, 65536, 65536, 65536, 1]
[1, 16, 1, 1, 64, 1]
[2, 2048, 65536, 32768, 4096, 1]
[1, 128, 1, 1, 128, 1]
[1, 6096, 65536, 2048, 131072, 1]
[1, 32, 1, 1, 16, 1]
[2, 2048, 65536, 4096, 65536, 1]
[1, 64, 1, 1, 32, 1]
[1, 8096, 1024, 65536, 1024, 1]
最优损失：10960680770.00 | 最优参数：[1, 16, 1, 1, 64, 1, 2, 2048, 65536, 32768, 4096, 1]
耗时:  114.44978499412537
Random-llama2_13B.
{'arch': {'arithmetic': {'instances': 1024, 'word-bits': 8}, 'storage': [{'name': 'Registers', 'entries': 1, 'instances': 1024, 'word-bits': 8, 'cluster-size': 1, 'num-ports': 2, 'num-banks': 8}, {'name': 'AccumulationBuffer', 'entries': 3072, 'instances': 16, 'word-bits': 24, 'cluster-size': 1, 'network-word-bits': 16, 'num-ports': 2, 'num-banks': 2}, {'name': 'WeightBuffer', 'entries': 32768, 'instances': 16, 'word-bits': 8, 'block-size': 4, 'num-ports': 1, 'num-banks': 8}, {'name': 'InputBuffer', 'entries': 8192, 'instances': 16, 'word-bits': 8, 'block-size': 4, 'num-ports': 2, 'num-banks': 1}, {'name': 'GlobalBuffer', 'entries': 65536, 'instances': 1, 'word-bits': 8, 'block-size': 8, 'num-ports': 2, 'num-banks': 256}, {'name': 'DRAM', 'technology': 'DRAM', 'instances': 1, 'word-bits': 8, 'block-size': 64, 'bandwidth': 1}]}}
['DRAM', 'GlobalBuffer', 'InputBuffer', 'WeightBuffer', 'AccumulationBuffer', 'Registers'] [1, 1, 16, 16, 16, 1024, 1024] [inf, 65536, 8192, 32768, 3072, 1]
[1, 16, 1, 1, 64, 1]
20
[1, 8, 1, 1, 16, 1]
[1, 6096, 2048, 16384, 65536, 1]
[1, 8, 1, 1, 128, 1]
[1, 6096, 65536, 2048, 131072, 1]
[1, 16, 1, 1, 32, 1]
[1, 8096, 32768, 1024, 2048, 1]
[1, 32, 1, 1, 8, 1]
[1, 3072, 2048, 16384, 16384, 1]
[1, 8, 1, 1, 32, 1]
[1, 8096, 2048, 8096, 16384, 1]
[1, 16, 1, 1, 16, 1]
[1, 4096, 4096, 16384, 8096, 1]
[1, 64, 1, 1, 32, 1]
[1, 8096, 1024, 65536, 32768, 1]
[1, 8, 1, 1, 16, 1]
[2, 6096, 131072, 2048, 16384, 1]
[1, 128, 1, 1, 128, 1]
[2, 1536, 4096, 16384, 131072, 1]
[1, 8, 1, 1, 64, 1]
[2, 3072, 131072, 16384, 16384, 1]
[1, 128, 1, 1, 8, 1]
[2, 1536, 131072, 1024, 16384, 1]
[1, 32, 1, 1, 32, 1]
[1, 4096, 32768, 8096, 1024, 1]
[1, 32, 1, 1, 16, 1]
[1, 6096, 131072, 65536, 2048, 1]
[1, 64, 1, 1, 128, 1]
[1, 4096, 8096, 32768, 16384, 1]
[1, 64, 1, 1, 16, 1]
[1, 2048, 1024, 16384, 262144, 1]
[1, 8, 1, 1, 16, 1]
[1, 8096, 32768, 1024, 262144, 1]
[1, 64, 1, 1, 128, 1]
[1, 8096, 131072, 65536, 65536, 1]
[1, 8, 1, 1, 64, 1]
[2, 8096, 1024, 32768, 2048, 1]
[1, 32, 1, 1, 16, 1]
[2, 1536, 65536, 2048, 16384, 1]
[1, 8, 1, 1, 8, 1]
[1, 8096, 8096, 2048, 65536, 1]
[1, 16, 1, 1, 16, 1]
[1, 3072, 16384, 65536, 131072, 1]
[1, 128, 1, 1, 16, 1]
[1, 1024, 1024, 32768, 32768, 1]
[1, 128, 1, 1, 8, 1]
[1, 1024, 2048, 32768, 8096, 1]
[1, 128, 1, 1, 128, 1]
[2, 6096, 32768, 4096, 8096, 1]
[1, 32, 1, 1, 32, 1]
[2, 8096, 2048, 1024, 131072, 1]
[1, 128, 1, 1, 16, 1]
[1, 1536, 32768, 4096, 4096, 1]
[1, 128, 1, 1, 8, 1]
[2, 1024, 2048, 32768, 262144, 1]
[1, 32, 1, 1, 16, 1]
[2, 2048, 1024, 1024, 65536, 1]
[1, 8, 1, 1, 32, 1]
[2, 4096, 65536, 16384, 1024, 1]
[1, 16, 1, 1, 128, 1]
[2, 1536, 1024, 4096, 32768, 1]
[1, 16, 1, 1, 32, 1]
[1, 1536, 4096, 65536, 4096, 1]
[1, 16, 1, 1, 16, 1]
[1, 8096, 2048, 8096, 1024, 1]
[1, 16, 1, 1, 32, 1]
[1, 1024, 8096, 8096, 32768, 1]
[1, 32, 1, 1, 128, 1]
[1, 1024, 16384, 2048, 16384, 1]
[1, 128, 1, 1, 32, 1]
[1, 3072, 8096, 4096, 1024, 1]
[1, 128, 1, 1, 64, 1]
[2, 4096, 32768, 32768, 2048, 1]
[1, 64, 1, 1, 32, 1]
[1, 3072, 65536, 32768, 4096, 1]
[1, 128, 1, 1, 32, 1]
[2, 8096, 32768, 8096, 131072, 1]
[1, 128, 1, 1, 8, 1]
[2, 1024, 8096, 32768, 16384, 1]
[1, 16, 1, 1, 16, 1]
[1, 3072, 65536, 32768, 8096, 1]
[1, 64, 1, 1, 8, 1]
[2, 1536, 4096, 65536, 262144, 1]
[1, 128, 1, 1, 64, 1]
[2, 6096, 32768, 65536, 131072, 1]
[1, 16, 1, 1, 32, 1]
[2, 8096, 131072, 32768, 8096, 1]
[1, 8, 1, 1, 32, 1]
[2, 4096, 2048, 2048, 4096, 1]
[1, 16, 1, 1, 64, 1]
[2, 4096, 131072, 8096, 1024, 1]
[1, 64, 1, 1, 64, 1]
[2, 2048, 65536, 65536, 65536, 1]
[1, 16, 1, 1, 64, 1]
[2, 2048, 65536, 32768, 4096, 1]
[1, 128, 1, 1, 128, 1]
[1, 6096, 65536, 2048, 131072, 1]
[1, 32, 1, 1, 16, 1]
[2, 2048, 65536, 4096, 65536, 1]
[1, 64, 1, 1, 32, 1]
[1, 8096, 1024, 65536, 1024, 1]
最优损失：2391768000.00 | 最优参数：[1, 8, 1, 1, 128, 1, 1, 6096, 65536, 2048, 131072, 1]
耗时:  92.13679051399231
Random-llama2_7B.
{'arch': {'arithmetic': {'instances': 1024, 'word-bits': 8}, 'storage': [{'name': 'Registers', 'entries': 1, 'instances': 1024, 'word-bits': 8, 'cluster-size': 1, 'num-ports': 2, 'num-banks': 8}, {'name': 'AccumulationBuffer', 'entries': 3072, 'instances': 16, 'word-bits': 24, 'cluster-size': 1, 'network-word-bits': 16, 'num-ports': 2, 'num-banks': 2}, {'name': 'WeightBuffer', 'entries': 32768, 'instances': 16, 'word-bits': 8, 'block-size': 4, 'num-ports': 1, 'num-banks': 8}, {'name': 'InputBuffer', 'entries': 8192, 'instances': 16, 'word-bits': 8, 'block-size': 4, 'num-ports': 2, 'num-banks': 1}, {'name': 'GlobalBuffer', 'entries': 65536, 'instances': 1, 'word-bits': 8, 'block-size': 8, 'num-ports': 2, 'num-banks': 256}, {'name': 'DRAM', 'technology': 'DRAM', 'instances': 1, 'word-bits': 8, 'block-size': 64, 'bandwidth': 1}]}}
['DRAM', 'GlobalBuffer', 'InputBuffer', 'WeightBuffer', 'AccumulationBuffer', 'Registers'] [1, 1, 16, 16, 16, 1024, 1024] [inf, 65536, 8192, 32768, 3072, 1]
[1, 16, 1, 1, 64, 1]
20
[1, 8, 1, 1, 16, 1]
[1, 6096, 2048, 16384, 65536, 1]
[1, 8, 1, 1, 128, 1]
[1, 6096, 65536, 2048, 131072, 1]
[1, 16, 1, 1, 32, 1]
[1, 8096, 32768, 1024, 2048, 1]
[1, 32, 1, 1, 8, 1]
[1, 3072, 2048, 16384, 16384, 1]
[1, 8, 1, 1, 32, 1]
[1, 8096, 2048, 8096, 16384, 1]
[1, 16, 1, 1, 16, 1]
[1, 4096, 4096, 16384, 8096, 1]
[1, 64, 1, 1, 32, 1]
[1, 8096, 1024, 65536, 32768, 1]
[1, 8, 1, 1, 16, 1]
[2, 6096, 131072, 2048, 16384, 1]
[1, 128, 1, 1, 128, 1]
[2, 1536, 4096, 16384, 131072, 1]
[1, 8, 1, 1, 64, 1]
[2, 3072, 131072, 16384, 16384, 1]
[1, 128, 1, 1, 8, 1]
[2, 1536, 131072, 1024, 16384, 1]
[1, 32, 1, 1, 32, 1]
[1, 4096, 32768, 8096, 1024, 1]
[1, 32, 1, 1, 16, 1]
[1, 6096, 131072, 65536, 2048, 1]
[1, 64, 1, 1, 128, 1]
[1, 4096, 8096, 32768, 16384, 1]
[1, 64, 1, 1, 16, 1]
[1, 2048, 1024, 16384, 262144, 1]
[1, 8, 1, 1, 16, 1]
[1, 8096, 32768, 1024, 262144, 1]
[1, 64, 1, 1, 128, 1]
[1, 8096, 131072, 65536, 65536, 1]
[1, 8, 1, 1, 64, 1]
[2, 8096, 1024, 32768, 2048, 1]
[1, 32, 1, 1, 16, 1]
[2, 1536, 65536, 2048, 16384, 1]
[1, 8, 1, 1, 8, 1]
[1, 8096, 8096, 2048, 65536, 1]
[1, 16, 1, 1, 16, 1]
[1, 3072, 16384, 65536, 131072, 1]
[1, 128, 1, 1, 16, 1]
[1, 1024, 1024, 32768, 32768, 1]
[1, 128, 1, 1, 8, 1]
[1, 1024, 2048, 32768, 8096, 1]
[1, 128, 1, 1, 128, 1]
[2, 6096, 32768, 4096, 8096, 1]
[1, 32, 1, 1, 32, 1]
[2, 8096, 2048, 1024, 131072, 1]
[1, 128, 1, 1, 16, 1]
[1, 1536, 32768, 4096, 4096, 1]
[1, 128, 1, 1, 8, 1]
[2, 1024, 2048, 32768, 262144, 1]
[1, 32, 1, 1, 16, 1]
[2, 2048, 1024, 1024, 65536, 1]
[1, 8, 1, 1, 32, 1]
[2, 4096, 65536, 16384, 1024, 1]
[1, 16, 1, 1, 128, 1]
[2, 1536, 1024, 4096, 32768, 1]
[1, 16, 1, 1, 32, 1]
[1, 1536, 4096, 65536, 4096, 1]
[1, 16, 1, 1, 16, 1]
[1, 8096, 2048, 8096, 1024, 1]
[1, 16, 1, 1, 32, 1]
[1, 1024, 8096, 8096, 32768, 1]
[1, 32, 1, 1, 128, 1]
[1, 1024, 16384, 2048, 16384, 1]
[1, 128, 1, 1, 32, 1]
[1, 3072, 8096, 4096, 1024, 1]
[1, 128, 1, 1, 64, 1]
[2, 4096, 32768, 32768, 2048, 1]
[1, 64, 1, 1, 32, 1]
[1, 3072, 65536, 32768, 4096, 1]
[1, 128, 1, 1, 32, 1]
[2, 8096, 32768, 8096, 131072, 1]
[1, 128, 1, 1, 8, 1]
[2, 1024, 8096, 32768, 16384, 1]
[1, 16, 1, 1, 16, 1]
[1, 3072, 65536, 32768, 8096, 1]
[1, 64, 1, 1, 8, 1]
[2, 1536, 4096, 65536, 262144, 1]
[1, 128, 1, 1, 64, 1]
[2, 6096, 32768, 65536, 131072, 1]
[1, 16, 1, 1, 32, 1]
[2, 8096, 131072, 32768, 8096, 1]
[1, 8, 1, 1, 32, 1]
[2, 4096, 2048, 2048, 4096, 1]
[1, 16, 1, 1, 64, 1]
[2, 4096, 131072, 8096, 1024, 1]
[1, 64, 1, 1, 64, 1]
[2, 2048, 65536, 65536, 65536, 1]
[1, 16, 1, 1, 64, 1]
[2, 2048, 65536, 32768, 4096, 1]
[1, 128, 1, 1, 128, 1]
[1, 6096, 65536, 2048, 131072, 1]
[1, 32, 1, 1, 16, 1]
[2, 2048, 65536, 4096, 65536, 1]
[1, 64, 1, 1, 32, 1]
[1, 8096, 1024, 65536, 1024, 1]
最优损失：870204900.00 | 最优参数：[1, 8, 1, 1, 128, 1, 1, 6096, 65536, 2048, 131072, 1]
耗时:  92.56935596466064
Random-retinanet.
{'arch': {'arithmetic': {'instances': 1024, 'word-bits': 8}, 'storage': [{'name': 'Registers', 'entries': 1, 'instances': 1024, 'word-bits': 8, 'cluster-size': 1, 'num-ports': 2, 'num-banks': 8}, {'name': 'AccumulationBuffer', 'entries': 3072, 'instances': 16, 'word-bits': 24, 'cluster-size': 1, 'network-word-bits': 16, 'num-ports': 2, 'num-banks': 2}, {'name': 'WeightBuffer', 'entries': 32768, 'instances': 16, 'word-bits': 8, 'block-size': 4, 'num-ports': 1, 'num-banks': 8}, {'name': 'InputBuffer', 'entries': 8192, 'instances': 16, 'word-bits': 8, 'block-size': 4, 'num-ports': 2, 'num-banks': 1}, {'name': 'GlobalBuffer', 'entries': 65536, 'instances': 1, 'word-bits': 8, 'block-size': 8, 'num-ports': 2, 'num-banks': 256}, {'name': 'DRAM', 'technology': 'DRAM', 'instances': 1, 'word-bits': 8, 'block-size': 64, 'bandwidth': 1}]}}
['DRAM', 'GlobalBuffer', 'InputBuffer', 'WeightBuffer', 'AccumulationBuffer', 'Registers'] [1, 1, 16, 16, 16, 1024, 1024] [inf, 65536, 8192, 32768, 3072, 1]
[1, 16, 1, 1, 64, 1]
20
[1, 8, 1, 1, 16, 1]
[1, 6096, 2048, 16384, 65536, 1]
[1, 8, 1, 1, 128, 1]
[1, 6096, 65536, 2048, 131072, 1]
[1, 16, 1, 1, 32, 1]
[1, 8096, 32768, 1024, 2048, 1]
[1, 32, 1, 1, 8, 1]
[1, 3072, 2048, 16384, 16384, 1]
[1, 8, 1, 1, 32, 1]
[1, 8096, 2048, 8096, 16384, 1]
[1, 16, 1, 1, 16, 1]
[1, 4096, 4096, 16384, 8096, 1]
[1, 64, 1, 1, 32, 1]
[1, 8096, 1024, 65536, 32768, 1]
[1, 8, 1, 1, 16, 1]
[2, 6096, 131072, 2048, 16384, 1]
[1, 128, 1, 1, 128, 1]
[2, 1536, 4096, 16384, 131072, 1]
[1, 8, 1, 1, 64, 1]
[2, 3072, 131072, 16384, 16384, 1]
[1, 128, 1, 1, 8, 1]
[2, 1536, 131072, 1024, 16384, 1]
[1, 32, 1, 1, 32, 1]
[1, 4096, 32768, 8096, 1024, 1]
[1, 32, 1, 1, 16, 1]
[1, 6096, 131072, 65536, 2048, 1]
[1, 64, 1, 1, 128, 1]
[1, 4096, 8096, 32768, 16384, 1]
[1, 64, 1, 1, 16, 1]
[1, 2048, 1024, 16384, 262144, 1]
[1, 8, 1, 1, 16, 1]
[1, 8096, 32768, 1024, 262144, 1]
[1, 64, 1, 1, 128, 1]
[1, 8096, 131072, 65536, 65536, 1]
[1, 8, 1, 1, 64, 1]
[2, 8096, 1024, 32768, 2048, 1]
[1, 32, 1, 1, 16, 1]
[2, 1536, 65536, 2048, 16384, 1]
[1, 8, 1, 1, 8, 1]
[1, 8096, 8096, 2048, 65536, 1]
[1, 16, 1, 1, 16, 1]
[1, 3072, 16384, 65536, 131072, 1]
[1, 128, 1, 1, 16, 1]
[1, 1024, 1024, 32768, 32768, 1]
[1, 128, 1, 1, 8, 1]
[1, 1024, 2048, 32768, 8096, 1]
[1, 128, 1, 1, 128, 1]
[2, 6096, 32768, 4096, 8096, 1]
[1, 32, 1, 1, 32, 1]
[2, 8096, 2048, 1024, 131072, 1]
[1, 128, 1, 1, 16, 1]
[1, 1536, 32768, 4096, 4096, 1]
[1, 128, 1, 1, 8, 1]
[2, 1024, 2048, 32768, 262144, 1]
[1, 32, 1, 1, 16, 1]
[2, 2048, 1024, 1024, 65536, 1]
[1, 8, 1, 1, 32, 1]
[2, 4096, 65536, 16384, 1024, 1]
[1, 16, 1, 1, 128, 1]
[2, 1536, 1024, 4096, 32768, 1]
[1, 16, 1, 1, 32, 1]
[1, 1536, 4096, 65536, 4096, 1]
[1, 16, 1, 1, 16, 1]
[1, 8096, 2048, 8096, 1024, 1]
[1, 16, 1, 1, 32, 1]
[1, 1024, 8096, 8096, 32768, 1]
[1, 32, 1, 1, 128, 1]
[1, 1024, 16384, 2048, 16384, 1]
[1, 128, 1, 1, 32, 1]
[1, 3072, 8096, 4096, 1024, 1]
[1, 128, 1, 1, 64, 1]
[2, 4096, 32768, 32768, 2048, 1]
[1, 64, 1, 1, 32, 1]
[1, 3072, 65536, 32768, 4096, 1]
[1, 128, 1, 1, 32, 1]
[2, 8096, 32768, 8096, 131072, 1]
[1, 128, 1, 1, 8, 1]
[2, 1024, 8096, 32768, 16384, 1]
[1, 16, 1, 1, 16, 1]
[1, 3072, 65536, 32768, 8096, 1]
[1, 64, 1, 1, 8, 1]
[2, 1536, 4096, 65536, 262144, 1]
[1, 128, 1, 1, 64, 1]
[2, 6096, 32768, 65536, 131072, 1]
[1, 16, 1, 1, 32, 1]
[2, 8096, 131072, 32768, 8096, 1]
[1, 8, 1, 1, 32, 1]
[2, 4096, 2048, 2048, 4096, 1]
[1, 16, 1, 1, 64, 1]
[2, 4096, 131072, 8096, 1024, 1]
[1, 64, 1, 1, 64, 1]
[2, 2048, 65536, 65536, 65536, 1]
[1, 16, 1, 1, 64, 1]
[2, 2048, 65536, 32768, 4096, 1]
[1, 128, 1, 1, 128, 1]
[1, 6096, 65536, 2048, 131072, 1]
[1, 32, 1, 1, 16, 1]
[2, 2048, 65536, 4096, 65536, 1]
[1, 64, 1, 1, 32, 1]
[1, 8096, 1024, 65536, 1024, 1]
最优损失：44196.44 | 最优参数：[1, 128, 1, 1, 64, 1, 2, 6096, 32768, 65536, 131072, 1]
耗时:  446.183961391449
Random-unet.
{'arch': {'arithmetic': {'instances': 1024, 'word-bits': 8}, 'storage': [{'name': 'Registers', 'entries': 1, 'instances': 1024, 'word-bits': 8, 'cluster-size': 1, 'num-ports': 2, 'num-banks': 8}, {'name': 'AccumulationBuffer', 'entries': 3072, 'instances': 16, 'word-bits': 24, 'cluster-size': 1, 'network-word-bits': 16, 'num-ports': 2, 'num-banks': 2}, {'name': 'WeightBuffer', 'entries': 32768, 'instances': 16, 'word-bits': 8, 'block-size': 4, 'num-ports': 1, 'num-banks': 8}, {'name': 'InputBuffer', 'entries': 8192, 'instances': 16, 'word-bits': 8, 'block-size': 4, 'num-ports': 2, 'num-banks': 1}, {'name': 'GlobalBuffer', 'entries': 65536, 'instances': 1, 'word-bits': 8, 'block-size': 8, 'num-ports': 2, 'num-banks': 256}, {'name': 'DRAM', 'technology': 'DRAM', 'instances': 1, 'word-bits': 8, 'block-size': 64, 'bandwidth': 1}]}}
['DRAM', 'GlobalBuffer', 'InputBuffer', 'WeightBuffer', 'AccumulationBuffer', 'Registers'] [1, 1, 16, 16, 16, 1024, 1024] [inf, 65536, 8192, 32768, 3072, 1]
[1, 16, 1, 1, 64, 1]
20
[1, 8, 1, 1, 16, 1]
[1, 6096, 2048, 16384, 65536, 1]
[1, 8, 1, 1, 128, 1]
[1, 6096, 65536, 2048, 131072, 1]
[1, 16, 1, 1, 32, 1]
[1, 8096, 32768, 1024, 2048, 1]
[1, 32, 1, 1, 8, 1]
[1, 3072, 2048, 16384, 16384, 1]
[1, 8, 1, 1, 32, 1]
[1, 8096, 2048, 8096, 16384, 1]
[1, 16, 1, 1, 16, 1]
[1, 4096, 4096, 16384, 8096, 1]
[1, 64, 1, 1, 32, 1]
[1, 8096, 1024, 65536, 32768, 1]
[1, 8, 1, 1, 16, 1]
[2, 6096, 131072, 2048, 16384, 1]
[1, 128, 1, 1, 128, 1]
[2, 1536, 4096, 16384, 131072, 1]
[1, 8, 1, 1, 64, 1]
[2, 3072, 131072, 16384, 16384, 1]
[1, 128, 1, 1, 8, 1]
[2, 1536, 131072, 1024, 16384, 1]
[1, 32, 1, 1, 32, 1]
[1, 4096, 32768, 8096, 1024, 1]
[1, 32, 1, 1, 16, 1]
[1, 6096, 131072, 65536, 2048, 1]
[1, 64, 1, 1, 128, 1]
[1, 4096, 8096, 32768, 16384, 1]
[1, 64, 1, 1, 16, 1]
[1, 2048, 1024, 16384, 262144, 1]
[1, 8, 1, 1, 16, 1]
[1, 8096, 32768, 1024, 262144, 1]
[1, 64, 1, 1, 128, 1]
[1, 8096, 131072, 65536, 65536, 1]
[1, 8, 1, 1, 64, 1]
[2, 8096, 1024, 32768, 2048, 1]
[1, 32, 1, 1, 16, 1]
[2, 1536, 65536, 2048, 16384, 1]
[1, 8, 1, 1, 8, 1]
[1, 8096, 8096, 2048, 65536, 1]
[1, 16, 1, 1, 16, 1]
[1, 3072, 16384, 65536, 131072, 1]
[1, 128, 1, 1, 16, 1]
[1, 1024, 1024, 32768, 32768, 1]
[1, 128, 1, 1, 8, 1]
[1, 1024, 2048, 32768, 8096, 1]
[1, 128, 1, 1, 128, 1]
[2, 6096, 32768, 4096, 8096, 1]
[1, 32, 1, 1, 32, 1]
[2, 8096, 2048, 1024, 131072, 1]
[1, 128, 1, 1, 16, 1]
[1, 1536, 32768, 4096, 4096, 1]
[1, 128, 1, 1, 8, 1]
[2, 1024, 2048, 32768, 262144, 1]
[1, 32, 1, 1, 16, 1]
[2, 2048, 1024, 1024, 65536, 1]
[1, 8, 1, 1, 32, 1]
[2, 4096, 65536, 16384, 1024, 1]
[1, 16, 1, 1, 128, 1]
[2, 1536, 1024, 4096, 32768, 1]
[1, 16, 1, 1, 32, 1]
[1, 1536, 4096, 65536, 4096, 1]
[1, 16, 1, 1, 16, 1]
[1, 8096, 2048, 8096, 1024, 1]
[1, 16, 1, 1, 32, 1]
[1, 1024, 8096, 8096, 32768, 1]
[1, 32, 1, 1, 128, 1]
[1, 1024, 16384, 2048, 16384, 1]
[1, 128, 1, 1, 32, 1]
[1, 3072, 8096, 4096, 1024, 1]
[1, 128, 1, 1, 64, 1]
[2, 4096, 32768, 32768, 2048, 1]
[1, 64, 1, 1, 32, 1]
[1, 3072, 65536, 32768, 4096, 1]
[1, 128, 1, 1, 32, 1]
[2, 8096, 32768, 8096, 131072, 1]
[1, 128, 1, 1, 8, 1]
[2, 1024, 8096, 32768, 16384, 1]
[1, 16, 1, 1, 16, 1]
[1, 3072, 65536, 32768, 8096, 1]
[1, 64, 1, 1, 8, 1]
[2, 1536, 4096, 65536, 262144, 1]
[1, 128, 1, 1, 64, 1]
[2, 6096, 32768, 65536, 131072, 1]
[1, 16, 1, 1, 32, 1]
[2, 8096, 131072, 32768, 8096, 1]
[1, 8, 1, 1, 32, 1]
[2, 4096, 2048, 2048, 4096, 1]
[1, 16, 1, 1, 64, 1]
[2, 4096, 131072, 8096, 1024, 1]
[1, 64, 1, 1, 64, 1]
[2, 2048, 65536, 65536, 65536, 1]
[1, 16, 1, 1, 64, 1]
[2, 2048, 65536, 32768, 4096, 1]
[1, 128, 1, 1, 128, 1]
[1, 6096, 65536, 2048, 131072, 1]
[1, 32, 1, 1, 16, 1]
[2, 2048, 65536, 4096, 65536, 1]
[1, 64, 1, 1, 32, 1]
[1, 8096, 1024, 65536, 1024, 1]
最优损失：54235400.00 | 最优参数：[1, 128, 1, 1, 128, 1, 2, 1536, 4096, 16384, 131072, 1]
耗时:  458.2729711532593
Random-bert.
{'arch': {'arithmetic': {'instances': 1024, 'word-bits': 8}, 'storage': [{'name': 'Registers', 'entries': 1, 'instances': 1024, 'word-bits': 8, 'cluster-size': 1, 'num-ports': 2, 'num-banks': 8}, {'name': 'AccumulationBuffer', 'entries': 3072, 'instances': 16, 'word-bits': 24, 'cluster-size': 1, 'network-word-bits': 16, 'num-ports': 2, 'num-banks': 2}, {'name': 'WeightBuffer', 'entries': 32768, 'instances': 16, 'word-bits': 8, 'block-size': 4, 'num-ports': 1, 'num-banks': 8}, {'name': 'InputBuffer', 'entries': 8192, 'instances': 16, 'word-bits': 8, 'block-size': 4, 'num-ports': 2, 'num-banks': 1}, {'name': 'GlobalBuffer', 'entries': 65536, 'instances': 1, 'word-bits': 8, 'block-size': 8, 'num-ports': 2, 'num-banks': 256}, {'name': 'DRAM', 'technology': 'DRAM', 'instances': 1, 'word-bits': 8, 'block-size': 64, 'bandwidth': 1}]}}
['DRAM', 'GlobalBuffer', 'InputBuffer', 'WeightBuffer', 'AccumulationBuffer', 'Registers'] [1, 1, 16, 16, 16, 1024, 1024] [inf, 65536, 8192, 32768, 3072, 1]
[1, 16, 1, 1, 64, 1]
20
[1, 8, 1, 1, 16, 1]
[1, 6096, 2048, 16384, 65536, 1]
[1, 8, 1, 1, 128, 1]
[1, 6096, 65536, 2048, 131072, 1]
[1, 16, 1, 1, 32, 1]
[1, 8096, 32768, 1024, 2048, 1]
[1, 32, 1, 1, 8, 1]
[1, 3072, 2048, 16384, 16384, 1]
[1, 8, 1, 1, 32, 1]
[1, 8096, 2048, 8096, 16384, 1]
[1, 16, 1, 1, 16, 1]
[1, 4096, 4096, 16384, 8096, 1]
[1, 64, 1, 1, 32, 1]
[1, 8096, 1024, 65536, 32768, 1]
[1, 8, 1, 1, 16, 1]
[2, 6096, 131072, 2048, 16384, 1]
[1, 128, 1, 1, 128, 1]
[2, 1536, 4096, 16384, 131072, 1]
[1, 8, 1, 1, 64, 1]
[2, 3072, 131072, 16384, 16384, 1]
[1, 128, 1, 1, 8, 1]
[2, 1536, 131072, 1024, 16384, 1]
[1, 32, 1, 1, 32, 1]
[1, 4096, 32768, 8096, 1024, 1]
[1, 32, 1, 1, 16, 1]
[1, 6096, 131072, 65536, 2048, 1]
[1, 64, 1, 1, 128, 1]
[1, 4096, 8096, 32768, 16384, 1]
[1, 64, 1, 1, 16, 1]
[1, 2048, 1024, 16384, 262144, 1]
[1, 8, 1, 1, 16, 1]
[1, 8096, 32768, 1024, 262144, 1]
[1, 64, 1, 1, 128, 1]
[1, 8096, 131072, 65536, 65536, 1]
[1, 8, 1, 1, 64, 1]
[2, 8096, 1024, 32768, 2048, 1]
[1, 32, 1, 1, 16, 1]
[2, 1536, 65536, 2048, 16384, 1]
[1, 8, 1, 1, 8, 1]
[1, 8096, 8096, 2048, 65536, 1]
[1, 16, 1, 1, 16, 1]
[1, 3072, 16384, 65536, 131072, 1]
[1, 128, 1, 1, 16, 1]
[1, 1024, 1024, 32768, 32768, 1]
[1, 128, 1, 1, 8, 1]
[1, 1024, 2048, 32768, 8096, 1]
[1, 128, 1, 1, 128, 1]
[2, 6096, 32768, 4096, 8096, 1]
[1, 32, 1, 1, 32, 1]
[2, 8096, 2048, 1024, 131072, 1]
[1, 128, 1, 1, 16, 1]
[1, 1536, 32768, 4096, 4096, 1]
[1, 128, 1, 1, 8, 1]
[2, 1024, 2048, 32768, 262144, 1]
[1, 32, 1, 1, 16, 1]
[2, 2048, 1024, 1024, 65536, 1]
[1, 8, 1, 1, 32, 1]
[2, 4096, 65536, 16384, 1024, 1]
[1, 16, 1, 1, 128, 1]
[2, 1536, 1024, 4096, 32768, 1]
[1, 16, 1, 1, 32, 1]
[1, 1536, 4096, 65536, 4096, 1]
[1, 16, 1, 1, 16, 1]
[1, 8096, 2048, 8096, 1024, 1]
[1, 16, 1, 1, 32, 1]
[1, 1024, 8096, 8096, 32768, 1]
[1, 32, 1, 1, 128, 1]
[1, 1024, 16384, 2048, 16384, 1]
[1, 128, 1, 1, 32, 1]
[1, 3072, 8096, 4096, 1024, 1]
[1, 128, 1, 1, 64, 1]
[2, 4096, 32768, 32768, 2048, 1]
[1, 64, 1, 1, 32, 1]
[1, 3072, 65536, 32768, 4096, 1]
[1, 128, 1, 1, 32, 1]
[2, 8096, 32768, 8096, 131072, 1]
[1, 128, 1, 1, 8, 1]
[2, 1024, 8096, 32768, 16384, 1]
[1, 16, 1, 1, 16, 1]
[1, 3072, 65536, 32768, 8096, 1]
[1, 64, 1, 1, 8, 1]
[2, 1536, 4096, 65536, 262144, 1]
[1, 128, 1, 1, 64, 1]
[2, 6096, 32768, 65536, 131072, 1]
[1, 16, 1, 1, 32, 1]
[2, 8096, 131072, 32768, 8096, 1]
[1, 8, 1, 1, 32, 1]
[2, 4096, 2048, 2048, 4096, 1]
[1, 16, 1, 1, 64, 1]
[2, 4096, 131072, 8096, 1024, 1]
[1, 64, 1, 1, 64, 1]
[2, 2048, 65536, 65536, 65536, 1]
[1, 16, 1, 1, 64, 1]
[2, 2048, 65536, 32768, 4096, 1]
[1, 128, 1, 1, 128, 1]
[1, 6096, 65536, 2048, 131072, 1]
[1, 32, 1, 1, 16, 1]
[2, 2048, 65536, 4096, 65536, 1]
[1, 64, 1, 1, 32, 1]
[1, 8096, 1024, 65536, 1024, 1]
最优损失：8592.47 | 最优参数：[1, 128, 1, 1, 128, 1, 1, 6096, 65536, 2048, 131072, 1]
耗时:  94.03524875640869
Random-vgg16.
{'arch': {'arithmetic': {'instances': 1024, 'word-bits': 8}, 'storage': [{'name': 'Registers', 'entries': 1, 'instances': 1024, 'word-bits': 8, 'cluster-size': 1, 'num-ports': 2, 'num-banks': 8}, {'name': 'AccumulationBuffer', 'entries': 3072, 'instances': 16, 'word-bits': 24, 'cluster-size': 1, 'network-word-bits': 16, 'num-ports': 2, 'num-banks': 2}, {'name': 'WeightBuffer', 'entries': 32768, 'instances': 16, 'word-bits': 8, 'block-size': 4, 'num-ports': 1, 'num-banks': 8}, {'name': 'InputBuffer', 'entries': 8192, 'instances': 16, 'word-bits': 8, 'block-size': 4, 'num-ports': 2, 'num-banks': 1}, {'name': 'GlobalBuffer', 'entries': 65536, 'instances': 1, 'word-bits': 8, 'block-size': 8, 'num-ports': 2, 'num-banks': 256}, {'name': 'DRAM', 'technology': 'DRAM', 'instances': 1, 'word-bits': 8, 'block-size': 64, 'bandwidth': 1}]}}
['DRAM', 'GlobalBuffer', 'InputBuffer', 'WeightBuffer', 'AccumulationBuffer', 'Registers'] [1, 1, 16, 16, 16, 1024, 1024] [inf, 65536, 8192, 32768, 3072, 1]
[1, 16, 1, 1, 64, 1]
20
[1, 8, 1, 1, 16, 1]
[1, 6096, 2048, 16384, 65536, 1]
[1, 8, 1, 1, 128, 1]
[1, 6096, 65536, 2048, 131072, 1]
[1, 16, 1, 1, 32, 1]
[1, 8096, 32768, 1024, 2048, 1]
[1, 32, 1, 1, 8, 1]
[1, 3072, 2048, 16384, 16384, 1]
[1, 8, 1, 1, 32, 1]
[1, 8096, 2048, 8096, 16384, 1]
[1, 16, 1, 1, 16, 1]
[1, 4096, 4096, 16384, 8096, 1]
[1, 64, 1, 1, 32, 1]
[1, 8096, 1024, 65536, 32768, 1]
[1, 8, 1, 1, 16, 1]
[2, 6096, 131072, 2048, 16384, 1]
[1, 128, 1, 1, 128, 1]
[2, 1536, 4096, 16384, 131072, 1]
[1, 8, 1, 1, 64, 1]
[2, 3072, 131072, 16384, 16384, 1]
[1, 128, 1, 1, 8, 1]
[2, 1536, 131072, 1024, 16384, 1]
[1, 32, 1, 1, 32, 1]
[1, 4096, 32768, 8096, 1024, 1]
[1, 32, 1, 1, 16, 1]
[1, 6096, 131072, 65536, 2048, 1]
[1, 64, 1, 1, 128, 1]
[1, 4096, 8096, 32768, 16384, 1]
[1, 64, 1, 1, 16, 1]
[1, 2048, 1024, 16384, 262144, 1]
[1, 8, 1, 1, 16, 1]
[1, 8096, 32768, 1024, 262144, 1]
[1, 64, 1, 1, 128, 1]
[1, 8096, 131072, 65536, 65536, 1]
[1, 8, 1, 1, 64, 1]
[2, 8096, 1024, 32768, 2048, 1]
[1, 32, 1, 1, 16, 1]
[2, 1536, 65536, 2048, 16384, 1]
[1, 8, 1, 1, 8, 1]
[1, 8096, 8096, 2048, 65536, 1]
[1, 16, 1, 1, 16, 1]
[1, 3072, 16384, 65536, 131072, 1]
[1, 128, 1, 1, 16, 1]
[1, 1024, 1024, 32768, 32768, 1]
[1, 128, 1, 1, 8, 1]
[1, 1024, 2048, 32768, 8096, 1]
[1, 128, 1, 1, 128, 1]
[2, 6096, 32768, 4096, 8096, 1]
[1, 32, 1, 1, 32, 1]
[2, 8096, 2048, 1024, 131072, 1]
[1, 128, 1, 1, 16, 1]
[1, 1536, 32768, 4096, 4096, 1]
[1, 128, 1, 1, 8, 1]
[2, 1024, 2048, 32768, 262144, 1]
[1, 32, 1, 1, 16, 1]
[2, 2048, 1024, 1024, 65536, 1]
[1, 8, 1, 1, 32, 1]
[2, 4096, 65536, 16384, 1024, 1]
[1, 16, 1, 1, 128, 1]
[2, 1536, 1024, 4096, 32768, 1]
[1, 16, 1, 1, 32, 1]
[1, 1536, 4096, 65536, 4096, 1]
[1, 16, 1, 1, 16, 1]
[1, 8096, 2048, 8096, 1024, 1]
[1, 16, 1, 1, 32, 1]
[1, 1024, 8096, 8096, 32768, 1]
[1, 32, 1, 1, 128, 1]
[1, 1024, 16384, 2048, 16384, 1]
[1, 128, 1, 1, 32, 1]
[1, 3072, 8096, 4096, 1024, 1]
[1, 128, 1, 1, 64, 1]
[2, 4096, 32768, 32768, 2048, 1]
[1, 64, 1, 1, 32, 1]
[1, 3072, 65536, 32768, 4096, 1]
[1, 128, 1, 1, 32, 1]
[2, 8096, 32768, 8096, 131072, 1]
[1, 128, 1, 1, 8, 1]
[2, 1024, 8096, 32768, 16384, 1]
[1, 16, 1, 1, 16, 1]
[1, 3072, 65536, 32768, 8096, 1]
[1, 64, 1, 1, 8, 1]
[2, 1536, 4096, 65536, 262144, 1]
[1, 128, 1, 1, 64, 1]
[2, 6096, 32768, 65536, 131072, 1]
[1, 16, 1, 1, 32, 1]
[2, 8096, 131072, 32768, 8096, 1]
[1, 8, 1, 1, 32, 1]
[2, 4096, 2048, 2048, 4096, 1]
[1, 16, 1, 1, 64, 1]
[2, 4096, 131072, 8096, 1024, 1]
[1, 64, 1, 1, 64, 1]
[2, 2048, 65536, 65536, 65536, 1]
[1, 16, 1, 1, 64, 1]
[2, 2048, 65536, 32768, 4096, 1]
[1, 128, 1, 1, 128, 1]
[1, 6096, 65536, 2048, 131072, 1]
[1, 32, 1, 1, 16, 1]
[2, 2048, 65536, 4096, 65536, 1]
[1, 64, 1, 1, 32, 1]
[1, 8096, 1024, 65536, 1024, 1]
最优损失：2824850.00 | 最优参数：[1, 128, 1, 1, 64, 1, 2, 6096, 32768, 65536, 131072, 1]
耗时:  270.5403354167938
Random-alexnet.
{'arch': {'arithmetic': {'instances': 1024, 'word-bits': 8}, 'storage': [{'name': 'Registers', 'entries': 1, 'instances': 1024, 'word-bits': 8, 'cluster-size': 1, 'num-ports': 2, 'num-banks': 8}, {'name': 'AccumulationBuffer', 'entries': 3072, 'instances': 16, 'word-bits': 24, 'cluster-size': 1, 'network-word-bits': 16, 'num-ports': 2, 'num-banks': 2}, {'name': 'WeightBuffer', 'entries': 32768, 'instances': 16, 'word-bits': 8, 'block-size': 4, 'num-ports': 1, 'num-banks': 8}, {'name': 'InputBuffer', 'entries': 8192, 'instances': 16, 'word-bits': 8, 'block-size': 4, 'num-ports': 2, 'num-banks': 1}, {'name': 'GlobalBuffer', 'entries': 65536, 'instances': 1, 'word-bits': 8, 'block-size': 8, 'num-ports': 2, 'num-banks': 256}, {'name': 'DRAM', 'technology': 'DRAM', 'instances': 1, 'word-bits': 8, 'block-size': 64, 'bandwidth': 1}]}}
['DRAM', 'GlobalBuffer', 'InputBuffer', 'WeightBuffer', 'AccumulationBuffer', 'Registers'] [1, 1, 16, 16, 16, 1024, 1024] [inf, 65536, 8192, 32768, 3072, 1]
[1, 16, 1, 1, 64, 1]
20
[1, 8, 1, 1, 16, 1]
[1, 6096, 2048, 16384, 65536, 1]
[1, 8, 1, 1, 128, 1]
[1, 6096, 65536, 2048, 131072, 1]
[1, 16, 1, 1, 32, 1]
[1, 8096, 32768, 1024, 2048, 1]
[1, 32, 1, 1, 8, 1]
[1, 3072, 2048, 16384, 16384, 1]
[1, 8, 1, 1, 32, 1]
[1, 8096, 2048, 8096, 16384, 1]
[1, 16, 1, 1, 16, 1]
[1, 4096, 4096, 16384, 8096, 1]
[1, 64, 1, 1, 32, 1]
[1, 8096, 1024, 65536, 32768, 1]
[1, 8, 1, 1, 16, 1]
[2, 6096, 131072, 2048, 16384, 1]
[1, 128, 1, 1, 128, 1]
[2, 1536, 4096, 16384, 131072, 1]
[1, 8, 1, 1, 64, 1]
[2, 3072, 131072, 16384, 16384, 1]
[1, 128, 1, 1, 8, 1]
[2, 1536, 131072, 1024, 16384, 1]
[1, 32, 1, 1, 32, 1]
[1, 4096, 32768, 8096, 1024, 1]
[1, 32, 1, 1, 16, 1]
[1, 6096, 131072, 65536, 2048, 1]
[1, 64, 1, 1, 128, 1]
[1, 4096, 8096, 32768, 16384, 1]
[1, 64, 1, 1, 16, 1]
[1, 2048, 1024, 16384, 262144, 1]
[1, 8, 1, 1, 16, 1]
[1, 8096, 32768, 1024, 262144, 1]
[1, 64, 1, 1, 128, 1]
[1, 8096, 131072, 65536, 65536, 1]
[1, 8, 1, 1, 64, 1]
[2, 8096, 1024, 32768, 2048, 1]
[1, 32, 1, 1, 16, 1]
[2, 1536, 65536, 2048, 16384, 1]
[1, 8, 1, 1, 8, 1]
[1, 8096, 8096, 2048, 65536, 1]
[1, 16, 1, 1, 16, 1]
[1, 3072, 16384, 65536, 131072, 1]
[1, 128, 1, 1, 16, 1]
[1, 1024, 1024, 32768, 32768, 1]
[1, 128, 1, 1, 8, 1]
[1, 1024, 2048, 32768, 8096, 1]
[1, 128, 1, 1, 128, 1]
[2, 6096, 32768, 4096, 8096, 1]
[1, 32, 1, 1, 32, 1]
[2, 8096, 2048, 1024, 131072, 1]
[1, 128, 1, 1, 16, 1]
[1, 1536, 32768, 4096, 4096, 1]
[1, 128, 1, 1, 8, 1]
[2, 1024, 2048, 32768, 262144, 1]
[1, 32, 1, 1, 16, 1]
[2, 2048, 1024, 1024, 65536, 1]
[1, 8, 1, 1, 32, 1]
[2, 4096, 65536, 16384, 1024, 1]
[1, 16, 1, 1, 128, 1]
[2, 1536, 1024, 4096, 32768, 1]
[1, 16, 1, 1, 32, 1]
[1, 1536, 4096, 65536, 4096, 1]
[1, 16, 1, 1, 16, 1]
[1, 8096, 2048, 8096, 1024, 1]
[1, 16, 1, 1, 32, 1]
[1, 1024, 8096, 8096, 32768, 1]
[1, 32, 1, 1, 128, 1]
[1, 1024, 16384, 2048, 16384, 1]
[1, 128, 1, 1, 32, 1]
[1, 3072, 8096, 4096, 1024, 1]
[1, 128, 1, 1, 64, 1]
[2, 4096, 32768, 32768, 2048, 1]
[1, 64, 1, 1, 32, 1]
[1, 3072, 65536, 32768, 4096, 1]
[1, 128, 1, 1, 32, 1]
[2, 8096, 32768, 8096, 131072, 1]
[1, 128, 1, 1, 8, 1]
[2, 1024, 8096, 32768, 16384, 1]
[1, 16, 1, 1, 16, 1]
[1, 3072, 65536, 32768, 8096, 1]
[1, 64, 1, 1, 8, 1]
[2, 1536, 4096, 65536, 262144, 1]
[1, 128, 1, 1, 64, 1]
[2, 6096, 32768, 65536, 131072, 1]
[1, 16, 1, 1, 32, 1]
[2, 8096, 131072, 32768, 8096, 1]
[1, 8, 1, 1, 32, 1]
[2, 4096, 2048, 2048, 4096, 1]
[1, 16, 1, 1, 64, 1]
[2, 4096, 131072, 8096, 1024, 1]
[1, 64, 1, 1, 64, 1]
[2, 2048, 65536, 65536, 65536, 1]
[1, 16, 1, 1, 64, 1]
[2, 2048, 65536, 32768, 4096, 1]
[1, 128, 1, 1, 128, 1]
[1, 6096, 65536, 2048, 131072, 1]
[1, 32, 1, 1, 16, 1]
[2, 2048, 65536, 4096, 65536, 1]
[1, 64, 1, 1, 32, 1]
[1, 8096, 1024, 65536, 1024, 1]
最优损失：358595.00 | 最优参数：[1, 64, 1, 1, 16, 1, 1, 2048, 1024, 16384, 262144, 1]
耗时:  126.42401885986328
Random-resnet50.
{'arch': {'arithmetic': {'instances': 1024, 'word-bits': 8}, 'storage': [{'name': 'Registers', 'entries': 1, 'instances': 1024, 'word-bits': 8, 'cluster-size': 1, 'num-ports': 2, 'num-banks': 8}, {'name': 'AccumulationBuffer', 'entries': 3072, 'instances': 16, 'word-bits': 24, 'cluster-size': 1, 'network-word-bits': 16, 'num-ports': 2, 'num-banks': 2}, {'name': 'WeightBuffer', 'entries': 32768, 'instances': 16, 'word-bits': 8, 'block-size': 4, 'num-ports': 1, 'num-banks': 8}, {'name': 'InputBuffer', 'entries': 8192, 'instances': 16, 'word-bits': 8, 'block-size': 4, 'num-ports': 2, 'num-banks': 1}, {'name': 'GlobalBuffer', 'entries': 65536, 'instances': 1, 'word-bits': 8, 'block-size': 8, 'num-ports': 2, 'num-banks': 256}, {'name': 'DRAM', 'technology': 'DRAM', 'instances': 1, 'word-bits': 8, 'block-size': 64, 'bandwidth': 1}]}}
['DRAM', 'GlobalBuffer', 'InputBuffer', 'WeightBuffer', 'AccumulationBuffer', 'Registers'] [1, 1, 16, 16, 16, 1024, 1024] [inf, 65536, 8192, 32768, 3072, 1]
[1, 16, 1, 1, 64, 1]
20
[1, 8, 1, 1, 16, 1]
[1, 6096, 2048, 16384, 65536, 1]
[1, 8, 1, 1, 128, 1]
[1, 6096, 65536, 2048, 131072, 1]
[1, 16, 1, 1, 32, 1]
[1, 8096, 32768, 1024, 2048, 1]
[1, 32, 1, 1, 8, 1]
[1, 3072, 2048, 16384, 16384, 1]
[1, 8, 1, 1, 32, 1]
[1, 8096, 2048, 8096, 16384, 1]
[1, 16, 1, 1, 16, 1]
[1, 4096, 4096, 16384, 8096, 1]
[1, 64, 1, 1, 32, 1]
[1, 8096, 1024, 65536, 32768, 1]
[1, 8, 1, 1, 16, 1]
[2, 6096, 131072, 2048, 16384, 1]
[1, 128, 1, 1, 128, 1]
[2, 1536, 4096, 16384, 131072, 1]
[1, 8, 1, 1, 64, 1]
[2, 3072, 131072, 16384, 16384, 1]
[1, 128, 1, 1, 8, 1]
[2, 1536, 131072, 1024, 16384, 1]
[1, 32, 1, 1, 32, 1]
[1, 4096, 32768, 8096, 1024, 1]
[1, 32, 1, 1, 16, 1]
[1, 6096, 131072, 65536, 2048, 1]
[1, 64, 1, 1, 128, 1]
[1, 4096, 8096, 32768, 16384, 1]
[1, 64, 1, 1, 16, 1]
[1, 2048, 1024, 16384, 262144, 1]
[1, 8, 1, 1, 16, 1]
[1, 8096, 32768, 1024, 262144, 1]
[1, 64, 1, 1, 128, 1]
[1, 8096, 131072, 65536, 65536, 1]
[1, 8, 1, 1, 64, 1]
[2, 8096, 1024, 32768, 2048, 1]
[1, 32, 1, 1, 16, 1]
[2, 1536, 65536, 2048, 16384, 1]
[1, 8, 1, 1, 8, 1]
[1, 8096, 8096, 2048, 65536, 1]
[1, 16, 1, 1, 16, 1]
[1, 3072, 16384, 65536, 131072, 1]
[1, 128, 1, 1, 16, 1]
[1, 1024, 1024, 32768, 32768, 1]
[1, 128, 1, 1, 8, 1]
[1, 1024, 2048, 32768, 8096, 1]
[1, 128, 1, 1, 128, 1]
[2, 6096, 32768, 4096, 8096, 1]
[1, 32, 1, 1, 32, 1]
[2, 8096, 2048, 1024, 131072, 1]
[1, 128, 1, 1, 16, 1]
[1, 1536, 32768, 4096, 4096, 1]
[1, 128, 1, 1, 8, 1]
[2, 1024, 2048, 32768, 262144, 1]
[1, 32, 1, 1, 16, 1]
[2, 2048, 1024, 1024, 65536, 1]
[1, 8, 1, 1, 32, 1]
[2, 4096, 65536, 16384, 1024, 1]
[1, 16, 1, 1, 128, 1]
[2, 1536, 1024, 4096, 32768, 1]
[1, 16, 1, 1, 32, 1]
[1, 1536, 4096, 65536, 4096, 1]
[1, 16, 1, 1, 16, 1]
[1, 8096, 2048, 8096, 1024, 1]
[1, 16, 1, 1, 32, 1]
[1, 1024, 8096, 8096, 32768, 1]
[1, 32, 1, 1, 128, 1]
[1, 1024, 16384, 2048, 16384, 1]
[1, 128, 1, 1, 32, 1]
[1, 3072, 8096, 4096, 1024, 1]
[1, 128, 1, 1, 64, 1]
[2, 4096, 32768, 32768, 2048, 1]
[1, 64, 1, 1, 32, 1]
[1, 3072, 65536, 32768, 4096, 1]
[1, 128, 1, 1, 32, 1]
[2, 8096, 32768, 8096, 131072, 1]
[1, 128, 1, 1, 8, 1]
[2, 1024, 8096, 32768, 16384, 1]
[1, 16, 1, 1, 16, 1]
[1, 3072, 65536, 32768, 8096, 1]
[1, 64, 1, 1, 8, 1]
[2, 1536, 4096, 65536, 262144, 1]
[1, 128, 1, 1, 64, 1]
[2, 6096, 32768, 65536, 131072, 1]
[1, 16, 1, 1, 32, 1]
[2, 8096, 131072, 32768, 8096, 1]
[1, 8, 1, 1, 32, 1]
[2, 4096, 2048, 2048, 4096, 1]
[1, 16, 1, 1, 64, 1]
[2, 4096, 131072, 8096, 1024, 1]
[1, 64, 1, 1, 64, 1]
[2, 2048, 65536, 65536, 65536, 1]
[1, 16, 1, 1, 64, 1]
[2, 2048, 65536, 32768, 4096, 1]
[1, 128, 1, 1, 128, 1]
[1, 6096, 65536, 2048, 131072, 1]
[1, 32, 1, 1, 16, 1]
[2, 2048, 65536, 4096, 65536, 1]
[1, 64, 1, 1, 32, 1]
[1, 8096, 1024, 65536, 1024, 1]
最优损失：30479.70 | 最优参数：[1, 128, 1, 1, 128, 1, 1, 6096, 65536, 2048, 131072, 1]
耗时:  914.4731616973877
BO-llama2_34B.
{'arch': {'arithmetic': {'instances': 1024, 'word-bits': 8}, 'storage': [{'name': 'Registers', 'entries': 1, 'instances': 1024, 'word-bits': 8, 'cluster-size': 1, 'num-ports': 2, 'num-banks': 8}, {'name': 'AccumulationBuffer', 'entries': 3072, 'instances': 16, 'word-bits': 24, 'cluster-size': 1, 'network-word-bits': 16, 'num-ports': 2, 'num-banks': 2}, {'name': 'WeightBuffer', 'entries': 32768, 'instances': 16, 'word-bits': 8, 'block-size': 4, 'num-ports': 1, 'num-banks': 8}, {'name': 'InputBuffer', 'entries': 8192, 'instances': 16, 'word-bits': 8, 'block-size': 4, 'num-ports': 2, 'num-banks': 1}, {'name': 'GlobalBuffer', 'entries': 65536, 'instances': 1, 'word-bits': 8, 'block-size': 8, 'num-ports': 2, 'num-banks': 256}, {'name': 'DRAM', 'technology': 'DRAM', 'instances': 1, 'word-bits': 8, 'block-size': 64, 'bandwidth': 1}]}}
['DRAM', 'GlobalBuffer', 'InputBuffer', 'WeightBuffer', 'AccumulationBuffer', 'Registers'] [1, 1, 16, 16, 16, 1024, 1024] [inf, 65536, 8192, 32768, 3072, 1]
[1, 16, 1, 1, 64, 1]
20
开始贝叶斯优化（总采样数：50，初始随机采样数：10）
搜索参数：['spatial1', 'spatial4', 'temporal0', 'temporal1', 'temporal2', 'temporal3', 'temporal4']
固定参数：{'spatial0': 1, 'spatial2': 1, 'spatial3': 1, 'spatial5': 1, 'temporal5': 1}
BO-llama2_13B.
{'arch': {'arithmetic': {'instances': 1024, 'word-bits': 8}, 'storage': [{'name': 'Registers', 'entries': 1, 'instances': 1024, 'word-bits': 8, 'cluster-size': 1, 'num-ports': 2, 'num-banks': 8}, {'name': 'AccumulationBuffer', 'entries': 3072, 'instances': 16, 'word-bits': 24, 'cluster-size': 1, 'network-word-bits': 16, 'num-ports': 2, 'num-banks': 2}, {'name': 'WeightBuffer', 'entries': 32768, 'instances': 16, 'word-bits': 8, 'block-size': 4, 'num-ports': 1, 'num-banks': 8}, {'name': 'InputBuffer', 'entries': 8192, 'instances': 16, 'word-bits': 8, 'block-size': 4, 'num-ports': 2, 'num-banks': 1}, {'name': 'GlobalBuffer', 'entries': 65536, 'instances': 1, 'word-bits': 8, 'block-size': 8, 'num-ports': 2, 'num-banks': 256}, {'name': 'DRAM', 'technology': 'DRAM', 'instances': 1, 'word-bits': 8, 'block-size': 64, 'bandwidth': 1}]}}
['DRAM', 'GlobalBuffer', 'InputBuffer', 'WeightBuffer', 'AccumulationBuffer', 'Registers'] [1, 1, 16, 16, 16, 1024, 1024] [inf, 65536, 8192, 32768, 3072, 1]
[1, 16, 1, 1, 64, 1]
20
开始贝叶斯优化（总采样数：50，初始随机采样数：10）
搜索参数：['spatial1', 'spatial4', 'temporal0', 'temporal1', 'temporal2', 'temporal3', 'temporal4']
固定参数：{'spatial0': 1, 'spatial2': 1, 'spatial3': 1, 'spatial5': 1, 'temporal5': 1}
BO-llama2_7B.
{'arch': {'arithmetic': {'instances': 1024, 'word-bits': 8}, 'storage': [{'name': 'Registers', 'entries': 1, 'instances': 1024, 'word-bits': 8, 'cluster-size': 1, 'num-ports': 2, 'num-banks': 8}, {'name': 'AccumulationBuffer', 'entries': 3072, 'instances': 16, 'word-bits': 24, 'cluster-size': 1, 'network-word-bits': 16, 'num-ports': 2, 'num-banks': 2}, {'name': 'WeightBuffer', 'entries': 32768, 'instances': 16, 'word-bits': 8, 'block-size': 4, 'num-ports': 1, 'num-banks': 8}, {'name': 'InputBuffer', 'entries': 8192, 'instances': 16, 'word-bits': 8, 'block-size': 4, 'num-ports': 2, 'num-banks': 1}, {'name': 'GlobalBuffer', 'entries': 65536, 'instances': 1, 'word-bits': 8, 'block-size': 8, 'num-ports': 2, 'num-banks': 256}, {'name': 'DRAM', 'technology': 'DRAM', 'instances': 1, 'word-bits': 8, 'block-size': 64, 'bandwidth': 1}]}}
['DRAM', 'GlobalBuffer', 'InputBuffer', 'WeightBuffer', 'AccumulationBuffer', 'Registers'] [1, 1, 16, 16, 16, 1024, 1024] [inf, 65536, 8192, 32768, 3072, 1]
[1, 16, 1, 1, 64, 1]
20
开始贝叶斯优化（总采样数：50，初始随机采样数：10）
搜索参数：['spatial1', 'spatial4', 'temporal0', 'temporal1', 'temporal2', 'temporal3', 'temporal4']
固定参数：{'spatial0': 1, 'spatial2': 1, 'spatial3': 1, 'spatial5': 1, 'temporal5': 1}
BO-retinanet.
{'arch': {'arithmetic': {'instances': 1024, 'word-bits': 8}, 'storage': [{'name': 'Registers', 'entries': 1, 'instances': 1024, 'word-bits': 8, 'cluster-size': 1, 'num-ports': 2, 'num-banks': 8}, {'name': 'AccumulationBuffer', 'entries': 3072, 'instances': 16, 'word-bits': 24, 'cluster-size': 1, 'network-word-bits': 16, 'num-ports': 2, 'num-banks': 2}, {'name': 'WeightBuffer', 'entries': 32768, 'instances': 16, 'word-bits': 8, 'block-size': 4, 'num-ports': 1, 'num-banks': 8}, {'name': 'InputBuffer', 'entries': 8192, 'instances': 16, 'word-bits': 8, 'block-size': 4, 'num-ports': 2, 'num-banks': 1}, {'name': 'GlobalBuffer', 'entries': 65536, 'instances': 1, 'word-bits': 8, 'block-size': 8, 'num-ports': 2, 'num-banks': 256}, {'name': 'DRAM', 'technology': 'DRAM', 'instances': 1, 'word-bits': 8, 'block-size': 64, 'bandwidth': 1}]}}
['DRAM', 'GlobalBuffer', 'InputBuffer', 'WeightBuffer', 'AccumulationBuffer', 'Registers'] [1, 1, 16, 16, 16, 1024, 1024] [inf, 65536, 8192, 32768, 3072, 1]
[1, 16, 1, 1, 64, 1]
20
开始贝叶斯优化（总采样数：50，初始随机采样数：10）
搜索参数：['spatial1', 'spatial4', 'temporal0', 'temporal1', 'temporal2', 'temporal3', 'temporal4']
固定参数：{'spatial0': 1, 'spatial2': 1, 'spatial3': 1, 'spatial5': 1, 'temporal5': 1}
BO-unet.
{'arch': {'arithmetic': {'instances': 1024, 'word-bits': 8}, 'storage': [{'name': 'Registers', 'entries': 1, 'instances': 1024, 'word-bits': 8, 'cluster-size': 1, 'num-ports': 2, 'num-banks': 8}, {'name': 'AccumulationBuffer', 'entries': 3072, 'instances': 16, 'word-bits': 24, 'cluster-size': 1, 'network-word-bits': 16, 'num-ports': 2, 'num-banks': 2}, {'name': 'WeightBuffer', 'entries': 32768, 'instances': 16, 'word-bits': 8, 'block-size': 4, 'num-ports': 1, 'num-banks': 8}, {'name': 'InputBuffer', 'entries': 8192, 'instances': 16, 'word-bits': 8, 'block-size': 4, 'num-ports': 2, 'num-banks': 1}, {'name': 'GlobalBuffer', 'entries': 65536, 'instances': 1, 'word-bits': 8, 'block-size': 8, 'num-ports': 2, 'num-banks': 256}, {'name': 'DRAM', 'technology': 'DRAM', 'instances': 1, 'word-bits': 8, 'block-size': 64, 'bandwidth': 1}]}}
['DRAM', 'GlobalBuffer', 'InputBuffer', 'WeightBuffer', 'AccumulationBuffer', 'Registers'] [1, 1, 16, 16, 16, 1024, 1024] [inf, 65536, 8192, 32768, 3072, 1]
[1, 16, 1, 1, 64, 1]
20
开始贝叶斯优化（总采样数：50，初始随机采样数：10）
搜索参数：['spatial1', 'spatial4', 'temporal0', 'temporal1', 'temporal2', 'temporal3', 'temporal4']
固定参数：{'spatial0': 1, 'spatial2': 1, 'spatial3': 1, 'spatial5': 1, 'temporal5': 1}
BO-bert.
{'arch': {'arithmetic': {'instances': 1024, 'word-bits': 8}, 'storage': [{'name': 'Registers', 'entries': 1, 'instances': 1024, 'word-bits': 8, 'cluster-size': 1, 'num-ports': 2, 'num-banks': 8}, {'name': 'AccumulationBuffer', 'entries': 3072, 'instances': 16, 'word-bits': 24, 'cluster-size': 1, 'network-word-bits': 16, 'num-ports': 2, 'num-banks': 2}, {'name': 'WeightBuffer', 'entries': 32768, 'instances': 16, 'word-bits': 8, 'block-size': 4, 'num-ports': 1, 'num-banks': 8}, {'name': 'InputBuffer', 'entries': 8192, 'instances': 16, 'word-bits': 8, 'block-size': 4, 'num-ports': 2, 'num-banks': 1}, {'name': 'GlobalBuffer', 'entries': 65536, 'instances': 1, 'word-bits': 8, 'block-size': 8, 'num-ports': 2, 'num-banks': 256}, {'name': 'DRAM', 'technology': 'DRAM', 'instances': 1, 'word-bits': 8, 'block-size': 64, 'bandwidth': 1}]}}
['DRAM', 'GlobalBuffer', 'InputBuffer', 'WeightBuffer', 'AccumulationBuffer', 'Registers'] [1, 1, 16, 16, 16, 1024, 1024] [inf, 65536, 8192, 32768, 3072, 1]
[1, 16, 1, 1, 64, 1]
20
开始贝叶斯优化（总采样数：50，初始随机采样数：10）
搜索参数：['spatial1', 'spatial4', 'temporal0', 'temporal1', 'temporal2', 'temporal3', 'temporal4']
固定参数：{'spatial0': 1, 'spatial2': 1, 'spatial3': 1, 'spatial5': 1, 'temporal5': 1}
BO-vgg16.
{'arch': {'arithmetic': {'instances': 1024, 'word-bits': 8}, 'storage': [{'name': 'Registers', 'entries': 1, 'instances': 1024, 'word-bits': 8, 'cluster-size': 1, 'num-ports': 2, 'num-banks': 8}, {'name': 'AccumulationBuffer', 'entries': 3072, 'instances': 16, 'word-bits': 24, 'cluster-size': 1, 'network-word-bits': 16, 'num-ports': 2, 'num-banks': 2}, {'name': 'WeightBuffer', 'entries': 32768, 'instances': 16, 'word-bits': 8, 'block-size': 4, 'num-ports': 1, 'num-banks': 8}, {'name': 'InputBuffer', 'entries': 8192, 'instances': 16, 'word-bits': 8, 'block-size': 4, 'num-ports': 2, 'num-banks': 1}, {'name': 'GlobalBuffer', 'entries': 65536, 'instances': 1, 'word-bits': 8, 'block-size': 8, 'num-ports': 2, 'num-banks': 256}, {'name': 'DRAM', 'technology': 'DRAM', 'instances': 1, 'word-bits': 8, 'block-size': 64, 'bandwidth': 1}]}}
['DRAM', 'GlobalBuffer', 'InputBuffer', 'WeightBuffer', 'AccumulationBuffer', 'Registers'] [1, 1, 16, 16, 16, 1024, 1024] [inf, 65536, 8192, 32768, 3072, 1]
[1, 16, 1, 1, 64, 1]
20
开始贝叶斯优化（总采样数：50，初始随机采样数：10）
搜索参数：['spatial1', 'spatial4', 'temporal0', 'temporal1', 'temporal2', 'temporal3', 'temporal4']
固定参数：{'spatial0': 1, 'spatial2': 1, 'spatial3': 1, 'spatial5': 1, 'temporal5': 1}
BO-alexnet.
{'arch': {'arithmetic': {'instances': 1024, 'word-bits': 8}, 'storage': [{'name': 'Registers', 'entries': 1, 'instances': 1024, 'word-bits': 8, 'cluster-size': 1, 'num-ports': 2, 'num-banks': 8}, {'name': 'AccumulationBuffer', 'entries': 3072, 'instances': 16, 'word-bits': 24, 'cluster-size': 1, 'network-word-bits': 16, 'num-ports': 2, 'num-banks': 2}, {'name': 'WeightBuffer', 'entries': 32768, 'instances': 16, 'word-bits': 8, 'block-size': 4, 'num-ports': 1, 'num-banks': 8}, {'name': 'InputBuffer', 'entries': 8192, 'instances': 16, 'word-bits': 8, 'block-size': 4, 'num-ports': 2, 'num-banks': 1}, {'name': 'GlobalBuffer', 'entries': 65536, 'instances': 1, 'word-bits': 8, 'block-size': 8, 'num-ports': 2, 'num-banks': 256}, {'name': 'DRAM', 'technology': 'DRAM', 'instances': 1, 'word-bits': 8, 'block-size': 64, 'bandwidth': 1}]}}
['DRAM', 'GlobalBuffer', 'InputBuffer', 'WeightBuffer', 'AccumulationBuffer', 'Registers'] [1, 1, 16, 16, 16, 1024, 1024] [inf, 65536, 8192, 32768, 3072, 1]
[1, 16, 1, 1, 64, 1]
20
开始贝叶斯优化（总采样数：50，初始随机采样数：10）
搜索参数：['spatial1', 'spatial4', 'temporal0', 'temporal1', 'temporal2', 'temporal3', 'temporal4']
固定参数：{'spatial0': 1, 'spatial2': 1, 'spatial3': 1, 'spatial5': 1, 'temporal5': 1}
BO-resnet50.
{'arch': {'arithmetic': {'instances': 1024, 'word-bits': 8}, 'storage': [{'name': 'Registers', 'entries': 1, 'instances': 1024, 'word-bits': 8, 'cluster-size': 1, 'num-ports': 2, 'num-banks': 8}, {'name': 'AccumulationBuffer', 'entries': 3072, 'instances': 16, 'word-bits': 24, 'cluster-size': 1, 'network-word-bits': 16, 'num-ports': 2, 'num-banks': 2}, {'name': 'WeightBuffer', 'entries': 32768, 'instances': 16, 'word-bits': 8, 'block-size': 4, 'num-ports': 1, 'num-banks': 8}, {'name': 'InputBuffer', 'entries': 8192, 'instances': 16, 'word-bits': 8, 'block-size': 4, 'num-ports': 2, 'num-banks': 1}, {'name': 'GlobalBuffer', 'entries': 65536, 'instances': 1, 'word-bits': 8, 'block-size': 8, 'num-ports': 2, 'num-banks': 256}, {'name': 'DRAM', 'technology': 'DRAM', 'instances': 1, 'word-bits': 8, 'block-size': 64, 'bandwidth': 1}]}}
['DRAM', 'GlobalBuffer', 'InputBuffer', 'WeightBuffer', 'AccumulationBuffer', 'Registers'] [1, 1, 16, 16, 16, 1024, 1024] [inf, 65536, 8192, 32768, 3072, 1]
[1, 16, 1, 1, 64, 1]
20
开始贝叶斯优化（总采样数：50，初始随机采样数：10）
搜索参数：['spatial1', 'spatial4', 'temporal0', 'temporal1', 'temporal2', 'temporal3', 'temporal4']
固定参数：{'spatial0': 1, 'spatial2': 1, 'spatial3': 1, 'spatial5': 1, 'temporal5': 1}
{'arch': {'arithmetic': {'instances': 1024, 'word-bits': 8}, 'storage': [{'name': 'Registers', 'entries': 1, 'instances': 1024, 'word-bits': 8, 'cluster-size': 1, 'num-ports': 2, 'num-banks': 8}, {'name': 'AccumulationBuffer', 'entries': 3072, 'instances': 16, 'word-bits': 24, 'cluster-size': 1, 'network-word-bits': 16, 'num-ports': 2, 'num-banks': 2}, {'name': 'WeightBuffer', 'entries': 32768, 'instances': 16, 'word-bits': 8, 'block-size': 4, 'num-ports': 1, 'num-banks': 8}, {'name': 'InputBuffer', 'entries': 8192, 'instances': 16, 'word-bits': 8, 'block-size': 4, 'num-ports': 2, 'num-banks': 1}, {'name': 'GlobalBuffer', 'entries': 65536, 'instances': 1, 'word-bits': 8, 'block-size': 8, 'num-ports': 2, 'num-banks': 256}, {'name': 'DRAM', 'technology': 'DRAM', 'instances': 1, 'word-bits': 8, 'block-size': 64, 'bandwidth': 1}]}}
['DRAM', 'GlobalBuffer', 'InputBuffer', 'WeightBuffer', 'AccumulationBuffer', 'Registers'] [1, 1, 16, 16, 16, 1024, 1024] [inf, 65536, 8192, 32768, 3072, 1]
[1, 16, 1, 1, 64, 1]
20
[-291.0, -0.17, -0.331, -432.0, -12400.0, -13700.0]
[[-199000.0], [-0.333], [-41.0], [-157000.0], [-48600.0], [-19100.0]]
[False, False, False, False, False, False]
[Stage 1]Gen 1:  1st stage Reward: 0, Best reward: [423741.333]
Generation 0 耗时: 1.009秒
[-285.0, -0.17, -0.331, -300.0, -7310.0, -4570.0]
[[-289.0], [-0.173], [-28.0], [-300.0], [-12600.0], [-17700.0]]
[False, False, False, False, False, False]
[Stage 1]Gen 2:  1st stage Reward: 0, Best reward: [30917.173]
Generation 1 耗时: 0.898秒
[-285.0, -0.17, -0.331, -300.0, -4170.0, -4510.0]
[[-288.0], [-0.177], [-0.346], [-304.0], [-4170.0], [-4510.0]]
[False, False, False, False, False, False]
[Stage 1]Gen 3:  1st stage Reward: 0, Best reward: [9272.523]
Generation 2 耗时: 0.839秒
[-284.0, -0.17, -0.27, -300.0, -4110.0, -4380.0]
[[-284.0], [-0.176], [-0.344], [-316.0], [-4110.0], [-4450.0]]
[False, False, False, False, False, False]
[Stage 1]Gen 4:  1st stage Reward: 0, Best reward: [9160.52]
Generation 3 耗时: 0.855秒
[-284.0, -0.17, -0.259, -295.0, -4110.0, -4380.0]
[[-284.0], [-0.176], [-0.344], [-316.0], [-4110.0], [-4450.0]]
[False, False, False, False, False, False]
[Stage 1]Gen 5:  1st stage Reward: 0, Best reward: [9160.52]
Generation 4 耗时: 0.868秒
[-284.0, -0.17, -0.259, -295.0, -4110.0, -4380.0]
[[-284.0], [-0.176], [-0.344], [-316.0], [-4110.0], [-4450.0]]
[False, False, False, False, False, False]
[Stage 1]Gen 6:  1st stage Reward: 0, Best reward: [9160.52]
Generation 5 耗时: 0.901秒
[-284.0, -0.161, -0.259, -295.0, -4110.0, -4050.0]
[[-288.0], [-0.178], [-39.3], [-306.0], [-4190.0], [-4050.0]]
[False, False, False, False, False, False]
[Stage 1]Gen 7:  1st stage Reward: 0, Best reward: [8873.478]
Generation 6 耗时: 0.823秒
[-284.0, -0.161, -0.259, -295.0, -4110.0, -3990.0]
[[-288.0], [-0.163], [-0.272], [-306.0], [-4190.0], [-4050.0]]
[False, False, False, False, False, False]
[Stage 1]Gen 8:  1st stage Reward: 0, Best reward: [8834.435]
Generation 7 耗时: 0.823秒
[-284.0, -0.161, -0.259, -295.0, -4110.0, -3990.0]
[[-288.0], [-0.163], [-0.272], [-306.0], [-4190.0], [-4050.0]]
[False, False, False, False, False, False]
[Stage 1]Gen 9:  1st stage Reward: 0, Best reward: [8834.435]
Generation 8 耗时: 0.813秒
[-284.0, -0.161, -0.259, -295.0, -4110.0, -3990.0]
[[-288.0], [-0.163], [-0.272], [-306.0], [-4190.0], [-4050.0]]
[False, False, False, False, False, False]
[Stage 1]Gen 10:  1st stage Reward: 0, Best reward: [8834.435]
Generation 9 耗时: 0.779秒
[-284.0, -0.161, -0.259, -295.0, -4110.0, -3990.0]
[[-288.0], [-0.163], [-0.272], [-306.0], [-4190.0], [-4050.0]]
[False, False, False, False, False, False]
[Stage 1]Gen 11:  1st stage Reward: 0, Best reward: [8834.435]
Generation 10 耗时: 0.856秒
[-284.0, -0.16, -0.259, -295.0, -4110.0, -3990.0]
[[-288.0], [-0.163], [-0.272], [-306.0], [-4190.0], [-4050.0]]
[False, False, False, False, False, False]
[Stage 1]Gen 12:  1st stage Reward: 0, Best reward: [8834.435]
Generation 11 耗时: 0.883秒
[-284.0, -0.16, -0.259, -295.0, -4110.0, -3990.0]
[[-285.0], [-35.2], [-0.27], [-302.0], [-4140.0], [-3990.0]]
[False, False, False, False, False, False]
[Stage 1]Gen 13:  1st stage Reward: 0, Best reward: [8752.47]
Generation 12 耗时: 0.808秒
[-284.0, -0.16, -0.259, -295.0, -4110.0, -3990.0]
[[-285.0], [-0.162], [-0.27], [-317.0], [-4140.0], [-3990.0]]
[False, False, False, False, False, False]
[Stage 1]Gen 14:  1st stage Reward: 0, Best reward: [8732.432]
Generation 13 耗时: 0.816秒
[-284.0, -0.16, -0.259, -295.0, -4110.0, -3990.0]
[[-285.0], [-0.162], [-0.27], [-317.0], [-4140.0], [-3990.0]]
[False, False, False, False, False, False]
[Stage 1]Gen 15:  1st stage Reward: 0, Best reward: [8732.432]
Generation 14 耗时: 0.863秒
[-284.0, -0.16, -0.259, -295.0, -4110.0, -3670.0]
[[-288.0], [-0.162], [-0.27], [-305.0], [-4170.0], [-3670.0]]
[False, False, False, False, False, False]
[Stage 1]Gen 16:  1st stage Reward: 0, Best reward: [8433.432]
Generation 15 耗时: 0.865秒
[-284.0, -0.16, -0.259, -295.0, -4110.0, -3610.0]
[[-285.0], [-0.161], [-0.268], [-316.0], [-4120.0], [-3610.0]]
[False, False, False, False, False, False]
[Stage 1]Gen 17:  1st stage Reward: 0, Best reward: [8331.429]
Generation 16 耗时: 0.954秒
[-284.0, -0.16, -0.259, -295.0, -4110.0, -3610.0]
[[-285.0], [-0.161], [-0.268], [-316.0], [-4120.0], [-3610.0]]
[False, False, False, False, False, False]
[Stage 1]Gen 18:  1st stage Reward: 0, Best reward: [8331.429]
Generation 17 耗时: 0.936秒
[-284.0, -0.154, -0.255, -292.0, -4110.0, -3610.0]
[[-285.0], [-0.161], [-0.268], [-316.0], [-4120.0], [-3610.0]]
[False, False, False, False, False, False]
[Stage 1]Gen 19:  1st stage Reward: 0, Best reward: [8331.429]
Generation 18 耗时: 0.882秒
[-284.0, -0.154, -0.255, -292.0, -4110.0, -3610.0]
[[-285.0], [-0.161], [-0.268], [-316.0], [-4120.0], [-3610.0]]
[False, False, False, False, False, False]
[Stage 1]Gen 20:  1st stage Reward: 0, Best reward: [8331.429]
Generation 19 耗时: 0.965秒
[-284.0, -0.154, -0.255, -292.0, -4110.0, -3610.0]
[[-285.0], [-0.161], [-0.268], [-316.0], [-4120.0], [-3610.0]]
[False, False, False, False, False, False]
[Stage 1]Gen 21:  1st stage Reward: 0, Best reward: [8331.429]
Generation 20 耗时: 0.901秒
[-284.0, -0.154, -0.255, -292.0, -4110.0, -3290.0]
[[-285.0], [-0.161], [-0.268], [-316.0], [-4120.0], [-3610.0]]
[False, False, False, False, False, False]
[Stage 1]Gen 22:  1st stage Reward: 0, Best reward: [8331.429]
Generation 21 耗时: 0.912秒
[-284.0, -0.154, -0.255, -292.0, -4110.0, -3220.0]
[[-288.0], [-0.162], [-0.27], [-305.0], [-4170.0], [-3290.0]]
[False, False, False, False, False, False]
[Stage 1]Gen 23:  1st stage Reward: 0, Best reward: [8053.432]
Generation 22 耗时: 0.851秒
[-284.0, -0.154, -0.255, -292.0, -4110.0, -3220.0]
[[-288.0], [-0.177], [-0.27], [-304.0], [-4170.0], [-3280.0]]
[False, False, False, False, False, False]
[Stage 1]Gen 24:  1st stage Reward: 0, Best reward: [8042.447]
Generation 23 耗时: 0.815秒
[-284.0, -0.154, -0.255, -285.0, -4110.0, -3220.0]
[[-288.0], [-0.177], [-0.27], [-304.0], [-4170.0], [-3280.0]]
[False, False, False, False, False, False]
[Stage 1]Gen 25:  1st stage Reward: 0, Best reward: [8042.447]
Generation 24 耗时: 0.947秒
[-284.0, -0.154, -0.255, -284.0, -4110.0, -3220.0]
[[-284.0], [-0.176], [-0.268], [-284.0], [-4120.0], [-3220.0]]
[False, False, False, False, False, False]
[Stage 1]Gen 26:  1st stage Reward: 0, Best reward: [7908.444]
Generation 25 耗时: 0.816秒
[-284.0, -0.154, -0.255, -284.0, -4110.0, -3220.0]
[[-284.0], [-0.161], [-1.6], [-284.0], [-4110.0], [-3220.0]]
[False, False, False, False, False, False]
[Stage 1]Gen 27:  1st stage Reward: 0, Best reward: [7899.761]
Generation 26 耗时: 0.905秒
[-284.0, -0.154, -0.255, -284.0, -4110.0, -3220.0]
[[-284.0], [-0.161], [-1.6], [-284.0], [-4110.0], [-3220.0]]
[False, False, False, False, False, False]
[Stage 1]Gen 28:  1st stage Reward: 0, Best reward: [7899.761]
Generation 27 耗时: 0.939秒
[-284.0, -0.154, -0.254, -284.0, -4110.0, -3220.0]
[[-284.0], [-0.161], [-1.6], [-284.0], [-4110.0], [-3220.0]]
[False, False, False, False, False, False]
[Stage 1]Gen 29:  1st stage Reward: 0, Best reward: [7899.761]
Generation 28 耗时: 0.951秒
[-284.0, -0.154, -0.254, -284.0, -4110.0, -3220.0]
[[-284.0], [-0.161], [-0.344], [-284.0], [-4110.0], [-3220.0]]
[False, False, False, False, False, False]
[Stage 1]Gen 30:  1st stage Reward: 0, Best reward: [7898.505]
Generation 29 耗时: 0.859秒
[-284.0, -0.154, -0.254, -284.0, -4110.0, -3220.0]
[[-284.0], [-0.161], [-0.344], [-284.0], [-4110.0], [-3220.0]]
[False, False, False, False, False, False]
[Stage 1]Gen 31:  1st stage Reward: 0, Best reward: [7898.505]
Generation 30 耗时: 0.831秒
[-282.0, -0.154, -0.254, -282.0, -4110.0, -3220.0]
[[-284.0], [-0.161], [-0.344], [-284.0], [-4110.0], [-3220.0]]
[False, False, False, False, False, False]
[Stage 1]Gen 32:  1st stage Reward: 0, Best reward: [7898.505]
Generation 31 耗时: 0.817秒
[-282.0, -0.154, -0.254, -282.0, -4110.0, -3220.0]
[[-284.0], [-0.161], [-0.344], [-284.0], [-4110.0], [-3220.0]]
[False, False, False, False, True, True]
[Stage 1]Gen 33:  1st stage Reward: 0, Best reward: [7898.505]
Generation 32 耗时: 0.800秒
[-282.0, -0.154, -0.254, -236.0, -4110.0, -3220.0]
[[-284.0], [-0.161], [-0.344], [-284.0], [-4110.0], [-3220.0]]
[False, False, False, False, True, True]
[Stage 1]Gen 34:  1st stage Reward: 0, Best reward: [7898.505]
Generation 33 耗时: 0.858秒
[-282.0, -0.154, -0.254, -231.0, -4110.0, -3220.0]
[[-284.0], [-0.161], [-0.344], [-284.0], [-4110.0], [-3220.0]]
[False, False, False, False, True, True]
[Stage 1]Gen 35:  1st stage Reward: 0, Best reward: [7898.505]
Generation 34 耗时: 0.885秒
[-282.0, -0.154, -0.254, -231.0, -4110.0, -3220.0]
[[-284.0], [-0.161], [-0.344], [-284.0], [-4110.0], [-3220.0]]
[False, False, False, False, True, True]
[Stage 1]Gen 36:  1st stage Reward: 0, Best reward: [7898.505]
Generation 35 耗时: 0.785秒
[-282.0, -0.154, -0.254, -231.0, -4110.0, -3220.0]
[[-284.0], [-0.161], [-0.344], [-284.0], [-4110.0], [-3220.0]]
[False, False, False, False, True, True]
[Stage 1]Gen 37:  1st stage Reward: 0, Best reward: [7898.505]
Generation 36 耗时: 0.806秒
[-282.0, -0.154, -0.254, -231.0, -4110.0, -3220.0]
[[-284.0], [-0.161], [-0.344], [-284.0], [-4110.0], [-3220.0]]
[False, False, False, False, True, True]
[Stage 1]Gen 38:  1st stage Reward: 0, Best reward: [7898.505]
Generation 37 耗时: 0.841秒
[-282.0, -0.154, -0.254, -231.0, -4110.0, -3220.0]
[[-284.0], [-0.161], [-0.344], [-284.0], [-4110.0], [-3220.0]]
[False, False, False, False, True, True]
[Stage 1]Gen 39:  1st stage Reward: 0, Best reward: [7898.505]
Generation 38 耗时: 0.877秒
[-282.0, -0.154, -0.254, -221.0, -4110.0, -3220.0]
[[-284.0], [-0.161], [-0.313], [-221.0], [-4110.0], [-3220.0]]
[False, False, False, False, True, True]
[Stage 1]Gen 40:  1st stage Reward: 0, Best reward: [7835.474]
Generation 39 耗时: 0.865秒
耗时:  35.04266381263733
{'arch': {'arithmetic': {'instances': 1024, 'word-bits': 8}, 'storage': [{'name': 'Registers', 'entries': 1, 'instances': 1024, 'word-bits': 8, 'cluster-size': 1, 'num-ports': 2, 'num-banks': 8}, {'name': 'AccumulationBuffer', 'entries': 3072, 'instances': 16, 'word-bits': 24, 'cluster-size': 1, 'network-word-bits': 16, 'num-ports': 2, 'num-banks': 2}, {'name': 'WeightBuffer', 'entries': 32768, 'instances': 16, 'word-bits': 8, 'block-size': 4, 'num-ports': 1, 'num-banks': 8}, {'name': 'InputBuffer', 'entries': 8192, 'instances': 16, 'word-bits': 8, 'block-size': 4, 'num-ports': 2, 'num-banks': 1}, {'name': 'GlobalBuffer', 'entries': 65536, 'instances': 1, 'word-bits': 8, 'block-size': 8, 'num-ports': 2, 'num-banks': 256}, {'name': 'DRAM', 'technology': 'DRAM', 'instances': 1, 'word-bits': 8, 'block-size': 64, 'bandwidth': 1}]}}
['DRAM', 'GlobalBuffer', 'InputBuffer', 'WeightBuffer', 'AccumulationBuffer', 'Registers'] [1, 1, 16, 16, 16, 1024, 1024] [inf, 65536, 8192, 32768, 3072, 1]
[1, 16, 1, 1, 64, 1]
20
[-616.0, -57100.0, -5740.0, -27500.0, -214.0, -823.0, -610.0, -1090.0, -6860.0, -23.0, -289.0, -385.0, -180.0, -2230.0, -8.19, -8300.0, -1.77, -139.0, -123.0, -1010.0, -2.3, -101.0, -1.03, -90.6, -95.8, -744.0, -1.86]
[[-441000.0], [-57100.0], [-18400.0], [-232000.0], [-59100.0], [-2720.0], [-2700.0], [-1600.0], [-300000.0], [-43.4], [-2000.0], [-5940.0], [-197.0], [-120000.0], [-65.1], [-16500.0], [-2.98], [-2010.0], [-492.0], [-5600.0], [-2.58], [-101.0], [-1.05], [-135.0], [-122.0], [-979.0], [-8.25]]
[False, False, False, False, False, False, False, False, False, False, False, False, False, False, False, False, False, False, False, False, False, False, False, False, False, False, False]
[Stage 1]Gen 1:  1st stage Reward: 0, Best reward: [1268819.36]
Generation 0 耗时: 4.169秒
[-616.0, -21700.0, -4790.0, -27500.0, -183.0, -219.0, -610.0, -895.0, -5320.0, -18.1, -287.0, -280.0, -180.0, -1740.0, -7.23, -7500.0, -1.76, -132.0, -110.0, -976.0, -2.3, -95.3, -1.03, -90.6, -89.9, -701.0, -1.86]
[[-1440.0], [-51100.0], [-7130.0], [-41600.0], [-258.0], [-304.0], [-811.0], [-1080.0], [-6630.0], [-33.5], [-1080.0], [-360.0], [-232.0], [-2750.0], [-8.7], [-9080.0], [-1.89], [-146.0], [-211.0], [-12300.0], [-2.47], [-99.6], [-1.2], [-101.0], [-94.1], [-780.0], [-2.21]]
[False, False, False, False, False, False, False, False, False, False, False, False, False, False, False, False, False, False, False, False, False, False, False, False, False, False, False]
[Stage 1]Gen 2:  1st stage Reward: 0, Best reward: [137636.67]
Generation 1 耗时: 4.385秒
[-610.0, -19100.0, -4790.0, -27500.0, -155.0, -175.0, -610.0, -895.0, -5320.0, -17.5, -153.0, -249.0, -171.0, -1570.0, -6.62, -7500.0, -1.76, -121.0, -110.0, -923.0, -2.3, -88.8, -1.03, -88.5, -89.9, -660.0, -1.86]
[[-616.0], [-19600.0], [-18800.0], [-38500.0], [-171.0], [-1080.0], [-1110.0], [-4560.0], [-6460.0], [-21.8], [-309.0], [-338.0], [-218.0], [-1830.0], [-8.77], [-11400.0], [-2.26], [-132.0], [-1560.0], [-968.0], [-2.44], [-97.5], [-1.08], [-94.9], [-92.4], [-715.0], [-1.97]]
[False, False, False, False, False, False, False, False, False, False, False, False, False, False, False, False, False, False, False, False, False, False, False, False, False, False, False]
[Stage 1]Gen 3:  1st stage Reward: 0, Best reward: [108690.12]
Generation 2 耗时: 4.184秒
[-610.0, -18600.0, -4790.0, -18900.0, -106.0, -165.0, -450.0, -871.0, -3910.0, -15.8, -146.0, -249.0, -167.0, -1090.0, -5.44, -7340.0, -1.76, -121.0, -108.0, -865.0, -2.3, -86.9, -1.03, -88.5, -89.9, -643.0, -1.86]
[[-616.0], [-19600.0], [-18800.0], [-38500.0], [-171.0], [-1080.0], [-1110.0], [-4560.0], [-6460.0], [-21.8], [-309.0], [-338.0], [-218.0], [-1830.0], [-8.77], [-11400.0], [-2.26], [-132.0], [-1560.0], [-968.0], [-2.44], [-97.5], [-1.08], [-94.9], [-92.4], [-715.0], [-1.97]]
[False, False, False, False, False, False, False, False, False, False, False, False, False, False, False, False, False, False, False, False, False, False, False, False, False, False, False]
[Stage 1]Gen 4:  1st stage Reward: 0, Best reward: [108690.12]
Generation 3 耗时: 4.455秒
[-610.0, -18600.0, -4790.0, -14400.0, -106.0, -165.0, -379.0, -871.0, -3910.0, -15.8, -146.0, -249.0, -167.0, -1090.0, -5.44, -7340.0, -1.76, -115.0, -108.0, -865.0, -2.3, -86.9, -1.03, -86.8, -89.9, -639.0, -1.86]
[[-4450.0], [-25300.0], [-5160.0], [-15200.0], [-125.0], [-4160.0], [-379.0], [-1120.0], [-6770.0], [-19.1], [-162.0], [-616.0], [-309.0], [-1270.0], [-6.59], [-8010.0], [-2.41], [-117.0], [-2170.0], [-953.0], [-3.92], [-107.0], [-1.07], [-92.0], [-94.8], [-745.0], [-2.02]]
[False, False, False, False, False, False, False, False, False, False, False, False, False, False, False, False, False, False, False, False, False, False, False, False, False, False, False]
[Stage 1]Gen 5:  1st stage Reward: 0, Best reward: [77344.91]
Generation 4 耗时: 4.094秒
[-426.0, -18600.0, -3320.0, -13000.0, -106.0, -165.0, -377.0, -871.0, -3910.0, -15.8, -146.0, -249.0, -144.0, -1090.0, -5.44, -7340.0, -1.76, -115.0, -108.0, -865.0, -2.3, -86.9, -1.03, -86.8, -89.9, -639.0, -1.86]
[[-4450.0], [-25300.0], [-5160.0], [-15200.0], [-125.0], [-4160.0], [-379.0], [-1120.0], [-6770.0], [-19.1], [-162.0], [-616.0], [-309.0], [-1270.0], [-6.59], [-8010.0], [-2.41], [-117.0], [-2170.0], [-953.0], [-3.92], [-107.0], [-1.07], [-92.0], [-94.8], [-745.0], [-2.02]]
[False, False, False, False, False, False, False, False, False, False, False, False, False, False, False, False, False, False, False, False, False, False, False, False, False, False, False]
[Stage 1]Gen 6:  1st stage Reward: 0, Best reward: [77344.91]
Generation 5 耗时: 3.922秒
[-414.0, -18600.0, -2130.0, -13000.0, -106.0, -165.0, -376.0, -871.0, -3910.0, -15.8, -146.0, -194.0, -144.0, -1090.0, -5.44, -7340.0, -1.72, -107.0, -108.0, -865.0, -2.3, -86.9, -1.03, -83.9, -89.9, -639.0, -1.86]
[[-4450.0], [-25300.0], [-5160.0], [-15200.0], [-125.0], [-4160.0], [-379.0], [-1120.0], [-6770.0], [-19.1], [-162.0], [-616.0], [-309.0], [-1270.0], [-6.59], [-8010.0], [-2.41], [-117.0], [-2170.0], [-953.0], [-3.92], [-107.0], [-1.07], [-92.0], [-94.8], [-745.0], [-2.02]]
[False, False, False, False, False, False, False, False, False, False, False, False, False, False, False, False, False, False, False, False, False, False, False, False, False, False, False]
[Stage 1]Gen 7:  1st stage Reward: 0, Best reward: [77344.91]
Generation 6 耗时: 4.485秒
[-400.0, -5600.0, -2130.0, -13000.0, -106.0, -165.0, -363.0, -871.0, -3910.0, -15.8, -146.0, -186.0, -144.0, -1090.0, -5.44, -7340.0, -1.51, -107.0, -108.0, -865.0, -2.3, -86.9, -1.03, -83.9, -89.9, -639.0, -1.86]
[[-420.0], [-23600.0], [-2870.0], [-18800.0], [-154.0], [-220.0], [-425.0], [-1220.0], [-6170.0], [-23.5], [-185.0], [-339.0], [-185.0], [-1470.0], [-20.1], [-8280.0], [-1.8], [-129.0], [-180.0], [-991.0], [-2.55], [-103.0], [-1.07], [-108.0], [-630.0], [-662.0], [-2.02]]
[False, False, False, False, False, False, False, False, False, False, False, False, False, False, False, False, False, False, False, False, False, False, False, False, False, False, False]
[Stage 1]Gen 8:  1st stage Reward: 0, Best reward: [67192.04]
Generation 7 耗时: 3.990秒
[-384.0, -4370.0, -1970.0, -13000.0, -106.0, -165.0, -363.0, -871.0, -3910.0, -15.8, -146.0, -183.0, -144.0, -1090.0, -5.44, -7340.0, -1.45, -107.0, -107.0, -845.0, -2.3, -86.9, -1.03, -83.9, -89.9, -639.0, -1.86]
[[-2310.0], [-4730.0], [-1970.0], [-13000.0], [-106.0], [-611.0], [-961.0], [-1050.0], [-4540.0], [-16.5], [-148.0], [-183.0], [-144.0], [-1150.0], [-9.52], [-7420.0], [-1.45], [-115.0], [-107.0], [-888.0], [-2.53], [-428.0], [-1.04], [-85.9], [-91.3], [-662.0], [-1.87]]
[False, False, False, False, False, False, False, False, False, False, False, False, False, False, False, False, False, False, False, False, False, False, False, False, False, False, False]
[Stage 1]Gen 9:  1st stage Reward: 0, Best reward: [40733.11]
Generation 8 耗时: 3.955秒
[-379.0, -4210.0, -1920.0, -13000.0, -104.0, -165.0, -363.0, -871.0, -3140.0, -15.8, -146.0, -183.0, -144.0, -1090.0, -5.44, -7330.0, -1.44, -107.0, -106.0, -795.0, -2.28, -85.4, -1.03, -83.9, -89.4, -639.0, -1.86]
[[-2310.0], [-4730.0], [-1970.0], [-13000.0], [-106.0], [-611.0], [-961.0], [-1050.0], [-4540.0], [-16.5], [-148.0], [-183.0], [-144.0], [-1150.0], [-9.52], [-7420.0], [-1.45], [-115.0], [-107.0], [-888.0], [-2.53], [-428.0], [-1.04], [-85.9], [-91.3], [-662.0], [-1.87]]
[False, False, False, False, False, False, False, False, False, False, False, False, False, False, False, False, False, False, False, False, False, False, False, False, False, False, False]
[Stage 1]Gen 10:  1st stage Reward: 0, Best reward: [40733.11]
Generation 9 耗时: 3.856秒
[-379.0, -4210.0, -1920.0, -13000.0, -104.0, -165.0, -331.0, -871.0, -2940.0, -15.8, -146.0, -159.0, -144.0, -1090.0, -5.44, -7330.0, -1.44, -107.0, -106.0, -795.0, -2.18, -85.4, -1.03, -83.3, -89.4, -637.0, -1.82]
[[-2310.0], [-4730.0], [-1970.0], [-13000.0], [-106.0], [-611.0], [-961.0], [-1050.0], [-4540.0], [-16.5], [-148.0], [-183.0], [-144.0], [-1150.0], [-9.52], [-7420.0], [-1.45], [-115.0], [-107.0], [-888.0], [-2.53], [-428.0], [-1.04], [-85.9], [-91.3], [-662.0], [-1.87]]
[False, False, False, False, False, False, False, False, False, False, False, False, False, False, False, False, False, False, False, False, False, False, False, False, False, False, False]
[Stage 1]Gen 11:  1st stage Reward: 0, Best reward: [40733.11]
Generation 10 耗时: 4.133秒
[-295.0, -4210.0, -1920.0, -13000.0, -104.0, -164.0, -331.0, -871.0, -2720.0, -15.8, -146.0, -144.0, -144.0, -1090.0, -5.44, -7330.0, -1.44, -103.0, -106.0, -791.0, -2.18, -85.4, -1.03, -83.3, -89.4, -637.0, -1.76]
[[-2310.0], [-4730.0], [-1970.0], [-13000.0], [-106.0], [-611.0], [-961.0], [-1050.0], [-4540.0], [-16.5], [-148.0], [-183.0], [-144.0], [-1150.0], [-9.52], [-7420.0], [-1.45], [-115.0], [-107.0], [-888.0], [-2.53], [-428.0], [-1.04], [-85.9], [-91.3], [-662.0], [-1.87]]
[False, False, False, False, False, False, False, False, False, False, False, False, False, False, False, False, False, False, False, False, False, False, False, False, False, False, False]
[Stage 1]Gen 12:  1st stage Reward: 0, Best reward: [40733.11]
Generation 11 耗时: 3.966秒
[-295.0, -4210.0, -1880.0, -11900.0, -103.0, -161.0, -300.0, -871.0, -2630.0, -15.8, -144.0, -132.0, -144.0, -1090.0, -5.44, -7330.0, -1.44, -102.0, -106.0, -729.0, -2.17, -85.4, -1.03, -83.3, -89.4, -636.0, -1.75]
[[-295.0], [-4720.0], [-2120.0], [-13000.0], [-106.0], [-1720.0], [-388.0], [-1050.0], [-2720.0], [-16.4], [-148.0], [-136.0], [-144.0], [-1150.0], [-284.0], [-7420.0], [-1.45], [-154.0], [-1540.0], [-736.0], [-2.53], [-87.2], [-37.9], [-161.0], [-1430.0], [-641.0], [-1.75]]
[False, False, False, False, False, False, False, False, False, False, False, False, False, False, False, False, False, False, False, False, False, False, False, False, False, False, False]
[Stage 1]Gen 13:  1st stage Reward: 0, Best reward: [40210.23]
Generation 12 耗时: 4.175秒
[-289.0, -4210.0, -1870.0, -10500.0, -103.0, -161.0, -300.0, -871.0, -2630.0, -15.8, -144.0, -130.0, -143.0, -1090.0, -5.14, -6580.0, -1.37, -101.0, -97.6, -729.0, -2.17, -85.4, -1.03, -82.6, -88.1, -636.0, -1.75]
[[-295.0], [-4730.0], [-1990.0], [-11200.0], [-107.0], [-164.0], [-757.0], [-1120.0], [-2730.0], [-16.5], [-149.0], [-138.0], [-144.0], [-1510.0], [-238.0], [-7450.0], [-6.02], [-119.0], [-107.0], [-1640.0], [-2.29], [-88.2], [-1.04], [-87.0], [-92.4], [-641.0], [-2.55]]
[False, False, False, False, False, False, False, False, False, False, False, False, False, False, False, False, False, False, False, False, False, False, False, False, False, False, False]
[Stage 1]Gen 14:  1st stage Reward: 0, Best reward: [35525.]
Generation 13 耗时: 4.834秒
[-289.0, -4210.0, -1870.0, -10500.0, -103.0, -161.0, -300.0, -690.0, -2630.0, -15.8, -144.0, -130.0, -143.0, -1090.0, -5.14, -6430.0, -1.37, -101.0, -97.6, -729.0, -2.15, -84.9, -1.03, -82.6, -88.1, -636.0, -1.75]
[[-289.0], [-4710.0], [-1870.0], [-10700.0], [-163.0], [-161.0], [-924.0], [-861.0], [-2670.0], [-398.0], [-172.0], [-209.0], [-143.0], [-1130.0], [-8.04], [-7590.0], [-4.41], [-106.0], [-97.6], [-731.0], [-26.8], [-115.0], [-1.04], [-83.9], [-89.3], [-640.0], [-1.75]]
[False, False, False, False, False, False, False, False, False, False, False, False, False, False, False, False, False, False, False, False, False, False, False, False, False, False, False]
[Stage 1]Gen 15:  1st stage Reward: 0, Best reward: [33894.84]
Generation 14 耗时: 4.296秒
[-289.0, -4210.0, -1870.0, -10500.0, -103.0, -161.0, -300.0, -675.0, -2630.0, -15.8, -144.0, -130.0, -143.0, -1090.0, -5.14, -6430.0, -1.37, -101.0, -97.6, -729.0, -2.15, -84.7, -1.03, -82.6, -84.7, -636.0, -1.75]
[[-289.0], [-4710.0], [-1870.0], [-10700.0], [-163.0], [-161.0], [-924.0], [-861.0], [-2670.0], [-398.0], [-172.0], [-209.0], [-143.0], [-1130.0], [-8.04], [-7590.0], [-4.41], [-106.0], [-97.6], [-731.0], [-26.8], [-115.0], [-1.04], [-83.9], [-89.3], [-640.0], [-1.75]]
[False, False, False, False, False, False, False, False, False, False, False, False, False, False, False, False, False, False, False, False, False, False, False, False, False, False, False]
[Stage 1]Gen 16:  1st stage Reward: 0, Best reward: [33894.84]
Generation 15 耗时: 4.107秒
[-289.0, -4210.0, -1820.0, -10500.0, -103.0, -161.0, -300.0, -675.0, -2630.0, -15.8, -144.0, -130.0, -143.0, -1090.0, -5.14, -6430.0, -1.37, -101.0, -97.6, -729.0, -2.15, -84.7, -1.03, -81.8, -84.5, -636.0, -1.75]
[[-289.0], [-4710.0], [-1870.0], [-10700.0], [-163.0], [-161.0], [-924.0], [-861.0], [-2670.0], [-398.0], [-172.0], [-209.0], [-143.0], [-1130.0], [-8.04], [-7590.0], [-4.41], [-106.0], [-97.6], [-731.0], [-26.8], [-115.0], [-1.04], [-83.9], [-89.3], [-640.0], [-1.75]]
[False, False, False, False, False, False, False, False, False, False, False, False, False, False, False, False, False, False, False, False, False, False, False, False, False, False, False]
[Stage 1]Gen 17:  1st stage Reward: 0, Best reward: [33894.84]
Generation 16 耗时: 4.042秒
[-289.0, -2000.0, -1620.0, -10500.0, -103.0, -161.0, -300.0, -675.0, -2630.0, -15.8, -144.0, -130.0, -143.0, -1090.0, -4.99, -6400.0, -1.37, -101.0, -97.6, -729.0, -2.15, -84.6, -1.03, -81.7, -84.4, -636.0, -1.75]
[[-289.0], [-4710.0], [-1870.0], [-10700.0], [-163.0], [-161.0], [-924.0], [-861.0], [-2670.0], [-398.0], [-172.0], [-209.0], [-143.0], [-1130.0], [-8.04], [-7590.0], [-4.41], [-106.0], [-97.6], [-731.0], [-26.8], [-115.0], [-1.04], [-83.9], [-89.3], [-640.0], [-1.75]]
[False, False, False, False, False, False, False, False, False, False, False, False, False, False, False, False, False, False, False, False, False, False, False, False, False, False, False]
[Stage 1]Gen 18:  1st stage Reward: 0, Best reward: [33894.84]
Generation 17 耗时: 4.309秒
[-289.0, -2000.0, -1620.0, -10500.0, -103.0, -161.0, -300.0, -675.0, -2630.0, -15.8, -144.0, -130.0, -143.0, -1090.0, -4.41, -6350.0, -1.37, -96.5, -97.6, -729.0, -2.15, -84.6, -1.03, -81.7, -84.4, -636.0, -1.75]
[[-289.0], [-4710.0], [-1870.0], [-10700.0], [-163.0], [-161.0], [-924.0], [-861.0], [-2670.0], [-398.0], [-172.0], [-209.0], [-143.0], [-1130.0], [-8.04], [-7590.0], [-4.41], [-106.0], [-97.6], [-731.0], [-26.8], [-115.0], [-1.04], [-83.9], [-89.3], [-640.0], [-1.75]]
[False, False, False, False, False, False, False, False, False, False, False, False, False, False, False, False, False, False, False, False, False, False, False, False, False, False, False]
[Stage 1]Gen 19:  1st stage Reward: 0, Best reward: [33894.84]
Generation 18 耗时: 4.303秒
[-289.0, -1980.0, -1620.0, -10500.0, -103.0, -161.0, -300.0, -675.0, -2630.0, -15.8, -144.0, -130.0, -143.0, -1090.0, -4.39, -6350.0, -1.37, -93.9, -97.6, -729.0, -2.15, -84.6, -1.03, -80.7, -84.4, -633.0, -1.75]
[[-289.0], [-4710.0], [-1870.0], [-10700.0], [-163.0], [-161.0], [-924.0], [-861.0], [-2670.0], [-398.0], [-172.0], [-209.0], [-143.0], [-1130.0], [-8.04], [-7590.0], [-4.41], [-106.0], [-97.6], [-731.0], [-26.8], [-115.0], [-1.04], [-83.9], [-89.3], [-640.0], [-1.75]]
[False, False, False, False, False, False, False, False, False, False, False, False, False, False, False, False, False, False, False, False, False, False, False, False, False, False, False]
[Stage 1]Gen 20:  1st stage Reward: 0, Best reward: [33894.84]
Generation 19 耗时: 4.092秒
[-289.0, -1960.0, -1620.0, -10500.0, -103.0, -145.0, -300.0, -675.0, -2630.0, -15.8, -144.0, -130.0, -143.0, -1080.0, -4.39, -6350.0, -1.37, -93.9, -97.6, -729.0, -2.15, -84.6, -1.03, -80.7, -84.4, -633.0, -1.75]
[[-289.0], [-4710.0], [-1870.0], [-10700.0], [-163.0], [-161.0], [-924.0], [-861.0], [-2670.0], [-398.0], [-172.0], [-209.0], [-143.0], [-1130.0], [-8.04], [-7590.0], [-4.41], [-106.0], [-97.6], [-731.0], [-26.8], [-115.0], [-1.04], [-83.9], [-89.3], [-640.0], [-1.75]]
[False, False, False, False, False, False, False, False, False, False, False, False, False, False, False, False, False, False, False, False, False, False, False, False, False, False, False]
[Stage 1]Gen 21:  1st stage Reward: 0, Best reward: [33894.84]
Generation 20 耗时: 4.223秒
[-237.0, -1960.0, -1620.0, -10500.0, -103.0, -130.0, -300.0, -675.0, -2630.0, -15.8, -144.0, -130.0, -143.0, -1080.0, -4.35, -6300.0, -1.37, -93.8, -97.6, -729.0, -2.15, -84.6, -1.03, -80.7, -84.4, -633.0, -1.75]
[[-289.0], [-4710.0], [-1870.0], [-10700.0], [-163.0], [-161.0], [-924.0], [-861.0], [-2670.0], [-398.0], [-172.0], [-209.0], [-143.0], [-1130.0], [-8.04], [-7590.0], [-4.41], [-106.0], [-97.6], [-731.0], [-26.8], [-115.0], [-1.04], [-83.9], [-89.3], [-640.0], [-1.75]]
[False, False, False, False, False, False, False, False, False, False, False, False, False, False, False, False, False, False, False, False, False, False, False, False, False, False, False]
[Stage 1]Gen 22:  1st stage Reward: 0, Best reward: [33894.84]
Generation 21 耗时: 4.366秒
[-237.0, -1960.0, -1620.0, -10500.0, -103.0, -110.0, -300.0, -452.0, -2630.0, -15.8, -144.0, -130.0, -143.0, -1080.0, -4.35, -6300.0, -1.37, -93.8, -97.6, -729.0, -2.15, -84.1, -1.03, -80.0, -84.4, -633.0, -1.75]
[[-289.0], [-4710.0], [-1870.0], [-10700.0], [-163.0], [-161.0], [-924.0], [-861.0], [-2670.0], [-398.0], [-172.0], [-209.0], [-143.0], [-1130.0], [-8.04], [-7590.0], [-4.41], [-106.0], [-97.6], [-731.0], [-26.8], [-115.0], [-1.04], [-83.9], [-89.3], [-640.0], [-1.75]]
[False, False, False, False, False, False, False, False, False, False, False, False, False, False, False, False, False, False, False, False, False, False, False, False, False, False, False]
[Stage 1]Gen 23:  1st stage Reward: 0, Best reward: [33894.84]
Generation 22 耗时: 4.700秒
[-237.0, -1940.0, -1570.0, -10300.0, -103.0, -103.0, -298.0, -433.0, -2620.0, -15.8, -143.0, -130.0, -143.0, -1070.0, -4.24, -6300.0, -1.37, -93.3, -97.1, -724.0, -2.15, -84.1, -1.03, -80.0, -84.4, -632.0, -1.73]
[[-247.0], [-2110.0], [-1770.0], [-11500.0], [-286.0], [-104.0], [-601.0], [-1410.0], [-2860.0], [-714.0], [-189.0], [-377.0], [-149.0], [-1130.0], [-7.45], [-6830.0], [-1.39], [-95.1], [-107.0], [-738.0], [-3.11], [-359.0], [-1.04], [-82.8], [-85.6], [-635.0], [-1.76]]
[False, False, False, False, False, False, False, False, False, False, False, False, False, False, False, False, False, False, False, False, False, False, False, False, False, False, False]
[Stage 1]Gen 24:  1st stage Reward: 0, Best reward: [32394.25]
Generation 23 耗时: 4.248秒
[-237.0, -1940.0, -1570.0, -10300.0, -103.0, -103.0, -298.0, -431.0, -2620.0, -15.8, -143.0, -130.0, -143.0, -1070.0, -4.24, -6140.0, -1.37, -93.3, -97.1, -724.0, -2.15, -84.1, -1.03, -80.0, -84.4, -632.0, -1.73]
[[-245.0], [-2190.0], [-1710.0], [-11400.0], [-112.0], [-308.0], [-578.0], [-439.0], [-2820.0], [-17.6], [-479.0], [-291.0], [-149.0], [-1130.0], [-4.52], [-6450.0], [-15.7], [-96.1], [-100.0], [-745.0], [-2.74], [-134.0], [-1.95], [-83.7], [-89.9], [-645.0], [-1.79]]
[False, False, False, False, False, False, False, False, False, False, False, False, False, False, False, False, False, False, False, False, False, False, False, False, False, False, False]
[Stage 1]Gen 25:  1st stage Reward: 0, Best reward: [30239.]
Generation 24 耗时: 4.199秒
[-237.0, -1940.0, -1570.0, -10300.0, -103.0, -103.0, -298.0, -431.0, -2620.0, -15.0, -143.0, -130.0, -143.0, -1070.0, -4.24, -6020.0, -1.37, -93.3, -97.1, -724.0, -2.15, -84.1, -1.03, -80.0, -84.4, -632.0, -1.73]
[[-245.0], [-2190.0], [-1710.0], [-11400.0], [-112.0], [-308.0], [-578.0], [-439.0], [-2820.0], [-17.6], [-479.0], [-291.0], [-149.0], [-1130.0], [-4.52], [-6450.0], [-15.7], [-96.1], [-100.0], [-745.0], [-2.74], [-134.0], [-1.95], [-83.7], [-89.9], [-645.0], [-1.79]]
[False, False, False, False, False, False, False, False, False, False, False, False, False, False, False, False, False, False, False, False, False, False, False, False, False, False, False]
[Stage 1]Gen 26:  1st stage Reward: 0, Best reward: [30239.]
Generation 25 耗时: 4.506秒
[-237.0, -1940.0, -1570.0, -10300.0, -103.0, -103.0, -298.0, -431.0, -2620.0, -14.9, -143.0, -130.0, -143.0, -1070.0, -4.24, -6020.0, -1.37, -93.3, -97.1, -724.0, -2.15, -84.1, -1.03, -80.0, -83.7, -632.0, -1.73]
[[-245.0], [-2190.0], [-1710.0], [-11400.0], [-112.0], [-308.0], [-578.0], [-439.0], [-2820.0], [-17.6], [-479.0], [-291.0], [-149.0], [-1130.0], [-4.52], [-6450.0], [-15.7], [-96.1], [-100.0], [-745.0], [-2.74], [-134.0], [-1.95], [-83.7], [-89.9], [-645.0], [-1.79]]
[False, False, False, False, False, False, False, False, False, False, False, False, False, False, False, False, False, False, False, False, False, False, False, False, False, False, False]
[Stage 1]Gen 27:  1st stage Reward: 0, Best reward: [30239.]
Generation 26 耗时: 4.382秒
[-237.0, -1880.0, -1570.0, -10300.0, -103.0, -103.0, -298.0, -431.0, -2620.0, -14.8, -143.0, -130.0, -143.0, -1070.0, -4.18, -5860.0, -1.37, -93.3, -97.0, -722.0, -2.12, -84.1, -1.01, -79.9, -79.6, -617.0, -1.73]
[[-245.0], [-2190.0], [-1710.0], [-11400.0], [-112.0], [-308.0], [-578.0], [-439.0], [-2820.0], [-17.6], [-479.0], [-291.0], [-149.0], [-1130.0], [-4.52], [-6450.0], [-15.7], [-96.1], [-100.0], [-745.0], [-2.74], [-134.0], [-1.95], [-83.7], [-89.9], [-645.0], [-1.79]]
[False, False, False, False, False, False, False, False, False, False, False, False, False, False, False, False, False, False, False, False, False, False, False, False, False, False, False]
[Stage 1]Gen 28:  1st stage Reward: 0, Best reward: [30239.]
Generation 27 耗时: 4.486秒
[-237.0, -1750.0, -1570.0, -10300.0, -103.0, -103.0, -296.0, -431.0, -2580.0, -14.8, -143.0, -130.0, -143.0, -1070.0, -4.18, -5820.0, -1.37, -93.3, -97.0, -722.0, -2.12, -82.6, -1.01, -79.9, -79.3, -613.0, -1.72]
[[-245.0], [-2190.0], [-1710.0], [-11400.0], [-112.0], [-308.0], [-578.0], [-439.0], [-2820.0], [-17.6], [-479.0], [-291.0], [-149.0], [-1130.0], [-4.52], [-6450.0], [-15.7], [-96.1], [-100.0], [-745.0], [-2.74], [-134.0], [-1.95], [-83.7], [-89.9], [-645.0], [-1.79]]
[False, False, False, False, False, False, False, False, False, False, False, False, False, False, False, False, False, False, False, False, False, False, False, False, False, False, False]
[Stage 1]Gen 29:  1st stage Reward: 0, Best reward: [30239.]
Generation 28 耗时: 4.459秒
[-237.0, -1740.0, -1570.0, -10300.0, -103.0, -103.0, -296.0, -431.0, -2580.0, -14.8, -143.0, -130.0, -143.0, -1070.0, -4.18, -5820.0, -1.37, -93.3, -97.0, -722.0, -2.12, -82.6, -1.01, -79.9, -79.3, -613.0, -1.72]
[[-245.0], [-2190.0], [-1710.0], [-11400.0], [-112.0], [-308.0], [-578.0], [-439.0], [-2820.0], [-17.6], [-479.0], [-291.0], [-149.0], [-1130.0], [-4.52], [-6450.0], [-15.7], [-96.1], [-100.0], [-745.0], [-2.74], [-134.0], [-1.95], [-83.7], [-89.9], [-645.0], [-1.79]]
[False, False, False, False, False, False, False, False, False, False, False, False, False, False, False, False, False, False, False, False, False, False, False, False, False, False, False]
[Stage 1]Gen 30:  1st stage Reward: 0, Best reward: [30239.]
Generation 29 耗时: 3.614秒
[-237.0, -1700.0, -1570.0, -10300.0, -103.0, -103.0, -296.0, -431.0, -2580.0, -14.7, -143.0, -130.0, -143.0, -1070.0, -4.06, -5820.0, -1.37, -91.4, -97.0, -722.0, -2.08, -82.6, -0.988, -78.0, -79.3, -603.0, -1.68]
[[-245.0], [-2190.0], [-1710.0], [-11400.0], [-112.0], [-308.0], [-578.0], [-439.0], [-2820.0], [-17.6], [-479.0], [-291.0], [-149.0], [-1130.0], [-4.52], [-6450.0], [-15.7], [-96.1], [-100.0], [-745.0], [-2.74], [-134.0], [-1.95], [-83.7], [-89.9], [-645.0], [-1.79]]
[False, False, False, False, False, False, False, False, False, False, False, False, False, False, False, False, False, False, False, False, False, False, False, False, False, False, False]
[Stage 1]Gen 31:  1st stage Reward: 0, Best reward: [30239.]
Generation 30 耗时: 3.668秒
[-237.0, -1580.0, -1570.0, -10300.0, -103.0, -103.0, -296.0, -431.0, -2580.0, -14.7, -143.0, -130.0, -143.0, -1070.0, -4.06, -5820.0, -1.37, -91.4, -97.0, -722.0, -2.08, -82.6, -0.988, -78.0, -79.3, -603.0, -1.68]
[[-245.0], [-2190.0], [-1710.0], [-11400.0], [-112.0], [-308.0], [-578.0], [-439.0], [-2820.0], [-17.6], [-479.0], [-291.0], [-149.0], [-1130.0], [-4.52], [-6450.0], [-15.7], [-96.1], [-100.0], [-745.0], [-2.74], [-134.0], [-1.95], [-83.7], [-89.9], [-645.0], [-1.79]]
[False, False, False, False, False, False, False, False, False, False, False, False, False, False, False, False, False, False, False, False, False, False, False, False, False, False, False]
[Stage 1]Gen 32:  1st stage Reward: 0, Best reward: [30239.]
Generation 31 耗时: 3.629秒
[-235.0, -1580.0, -1570.0, -10300.0, -103.0, -103.0, -296.0, -431.0, -2580.0, -14.7, -143.0, -130.0, -143.0, -1070.0, -4.06, -5820.0, -1.37, -91.4, -97.0, -722.0, -2.08, -82.6, -0.988, -78.0, -79.3, -603.0, -1.68]
[[-254.0], [-1780.0], [-1770.0], [-11700.0], [-115.0], [-105.0], [-611.0], [-450.0], [-2890.0], [-15.1], [-173.0], [-136.0], [-151.0], [-1150.0], [-5.39], [-6120.0], [-1.5], [-112.0], [-355.0], [-749.0], [-2.22], [-87.1], [-1.06], [-321.0], [-83.1], [-646.0], [-1.79]]
[False, False, True, False, False, False, False, False, True, False, False, False, False, True, False, False, False, False, False, False, False, False, False, False, False, False, False]
[Stage 1]Gen 33:  1st stage Reward: 0, Best reward: [29785.26]
Generation 32 耗时: 3.705秒
[-235.0, -1580.0, -1570.0, -10000.0, -103.0, -103.0, -296.0, -431.0, -2580.0, -14.7, -143.0, -130.0, -143.0, -1070.0, -4.06, -5820.0, -1.37, -91.4, -97.0, -719.0, -2.08, -82.6, -0.988, -78.0, -79.3, -603.0, -1.68]
[[-254.0], [-1780.0], [-1770.0], [-11700.0], [-115.0], [-105.0], [-611.0], [-450.0], [-2890.0], [-15.1], [-173.0], [-136.0], [-151.0], [-1150.0], [-5.39], [-6120.0], [-1.5], [-112.0], [-355.0], [-749.0], [-2.22], [-87.1], [-1.06], [-321.0], [-83.1], [-646.0], [-1.79]]
[False, False, True, False, False, False, False, False, True, False, False, False, False, True, False, True, False, False, False, False, False, False, False, False, False, False, False]
[Stage 1]Gen 34:  1st stage Reward: 0, Best reward: [29785.26]
Generation 33 耗时: 3.698秒
[-235.0, -1580.0, -1570.0, -10000.0, -103.0, -103.0, -296.0, -431.0, -2580.0, -14.7, -143.0, -130.0, -142.0, -1070.0, -3.93, -5820.0, -1.35, -91.4, -97.0, -719.0, -2.08, -82.6, -0.988, -78.0, -79.3, -603.0, -1.68]
[[-254.0], [-1780.0], [-1770.0], [-11700.0], [-115.0], [-105.0], [-611.0], [-450.0], [-2890.0], [-15.1], [-173.0], [-136.0], [-151.0], [-1150.0], [-5.39], [-6120.0], [-1.5], [-112.0], [-355.0], [-749.0], [-2.22], [-87.1], [-1.06], [-321.0], [-83.1], [-646.0], [-1.79]]
[False, False, True, False, False, False, False, False, True, False, False, False, False, True, False, True, False, False, False, False, False, False, False, False, False, False, False]
[Stage 1]Gen 35:  1st stage Reward: 0, Best reward: [29785.26]
Generation 34 耗时: 3.907秒
[-235.0, -1570.0, -1570.0, -10000.0, -102.0, -103.0, -296.0, -431.0, -2580.0, -14.7, -143.0, -130.0, -141.0, -1070.0, -3.93, -5820.0, -1.35, -91.4, -95.5, -719.0, -2.08, -82.6, -0.988, -78.0, -79.3, -603.0, -1.68]
[[-775.0], [-1720.0], [-1740.0], [-10800.0], [-111.0], [-110.0], [-316.0], [-478.0], [-2800.0], [-19.5], [-151.0], [-298.0], [-168.0], [-1120.0], [-3.96], [-6200.0], [-1.41], [-165.0], [-100.0], [-749.0], [-28.2], [-92.2], [-1.05], [-85.9], [-82.9], [-645.0], [-7.05]]
[False, False, True, False, False, False, False, False, True, False, False, False, False, True, False, True, False, False, False, False, False, False, False, False, False, False, False]
[Stage 1]Gen 36:  1st stage Reward: 0, Best reward: [28768.17]
Generation 35 耗时: 4.049秒
[-235.0, -1570.0, -1570.0, -10000.0, -102.0, -103.0, -296.0, -431.0, -2580.0, -14.7, -143.0, -130.0, -141.0, -1070.0, -3.85, -5820.0, -1.35, -91.4, -95.5, -719.0, -2.08, -82.6, -0.988, -78.0, -79.3, -603.0, -1.68]
[[-253.0], [-1700.0], [-1680.0], [-10700.0], [-110.0], [-105.0], [-311.0], [-447.0], [-2770.0], [-34.7], [-149.0], [-268.0], [-147.0], [-1120.0], [-3.94], [-6110.0], [-1.4], [-117.0], [-160.0], [-744.0], [-7.86], [-115.0], [-1.05], [-95.6], [-84.7], [-645.0], [-6.75]]
[False, True, True, True, False, False, False, False, True, False, False, False, False, True, False, True, False, False, False, False, False, False, False, False, False, False, False]
[Stage 1]Gen 37:  1st stage Reward: 0, Best reward: [27887.]
Generation 36 耗时: 4.136秒
[-235.0, -1570.0, -1570.0, -10000.0, -102.0, -103.0, -296.0, -431.0, -2580.0, -14.7, -143.0, -130.0, -141.0, -1070.0, -3.85, -5820.0, -1.35, -91.4, -95.5, -719.0, -2.08, -82.6, -0.988, -78.0, -79.3, -603.0, -1.68]
[[-253.0], [-1700.0], [-1680.0], [-10700.0], [-110.0], [-105.0], [-311.0], [-447.0], [-2770.0], [-34.7], [-149.0], [-268.0], [-147.0], [-1120.0], [-3.94], [-6110.0], [-1.4], [-117.0], [-160.0], [-744.0], [-7.86], [-115.0], [-1.05], [-95.6], [-84.7], [-645.0], [-6.75]]
[False, True, True, True, False, False, False, False, True, False, False, False, False, True, False, True, False, False, False, False, False, False, False, False, False, False, False]
[Stage 1]Gen 38:  1st stage Reward: 0, Best reward: [27887.]
Generation 37 耗时: 4.217秒
[-235.0, -1510.0, -1550.0, -9510.0, -99.3, -103.0, -294.0, -431.0, -2570.0, -14.7, -143.0, -130.0, -141.0, -1050.0, -3.85, -5820.0, -1.35, -91.4, -95.3, -719.0, -2.08, -82.6, -0.988, -78.0, -79.3, -603.0, -1.68]
[[-253.0], [-1700.0], [-1680.0], [-10700.0], [-110.0], [-105.0], [-311.0], [-447.0], [-2770.0], [-34.7], [-149.0], [-268.0], [-147.0], [-1120.0], [-3.94], [-6110.0], [-1.4], [-117.0], [-160.0], [-744.0], [-7.86], [-115.0], [-1.05], [-95.6], [-84.7], [-645.0], [-6.75]]
[False, True, True, True, False, False, False, False, True, False, False, False, False, True, False, True, False, False, False, False, False, False, False, False, False, False, False]
[Stage 1]Gen 39:  1st stage Reward: 0, Best reward: [27887.]
Generation 38 耗时: 4.126秒
[-235.0, -1510.0, -1550.0, -9510.0, -99.3, -103.0, -294.0, -431.0, -2570.0, -14.7, -143.0, -130.0, -141.0, -1050.0, -3.85, -5820.0, -1.35, -91.4, -95.3, -719.0, -2.08, -82.6, -0.988, -78.0, -79.3, -603.0, -1.68]
[[-253.0], [-1700.0], [-1680.0], [-10700.0], [-110.0], [-105.0], [-311.0], [-447.0], [-2770.0], [-34.7], [-149.0], [-268.0], [-147.0], [-1120.0], [-3.94], [-6110.0], [-1.4], [-117.0], [-160.0], [-744.0], [-7.86], [-115.0], [-1.05], [-95.6], [-84.7], [-645.0], [-6.75]]
[False, True, True, True, False, False, False, False, True, False, False, False, False, True, False, True, False, False, False, False, False, False, False, False, False, False, False]
[Stage 1]Gen 40:  1st stage Reward: 0, Best reward: [27887.]
Generation 39 耗时: 3.771秒
耗时:  166.91358733177185
{'arch': {'arithmetic': {'instances': 1024, 'word-bits': 8}, 'storage': [{'name': 'Registers', 'entries': 1, 'instances': 1024, 'word-bits': 8, 'cluster-size': 1, 'num-ports': 2, 'num-banks': 8}, {'name': 'AccumulationBuffer', 'entries': 3072, 'instances': 16, 'word-bits': 24, 'cluster-size': 1, 'network-word-bits': 16, 'num-ports': 2, 'num-banks': 2}, {'name': 'WeightBuffer', 'entries': 32768, 'instances': 16, 'word-bits': 8, 'block-size': 4, 'num-ports': 1, 'num-banks': 8}, {'name': 'InputBuffer', 'entries': 8192, 'instances': 16, 'word-bits': 8, 'block-size': 4, 'num-ports': 2, 'num-banks': 1}, {'name': 'GlobalBuffer', 'entries': 65536, 'instances': 1, 'word-bits': 8, 'block-size': 8, 'num-ports': 2, 'num-banks': 256}, {'name': 'DRAM', 'technology': 'DRAM', 'instances': 1, 'word-bits': 8, 'block-size': 64, 'bandwidth': 1}]}}
['DRAM', 'GlobalBuffer', 'InputBuffer', 'WeightBuffer', 'AccumulationBuffer', 'Registers'] [1, 1, 16, 16, 16, 1024, 1024] [inf, 65536, 8192, 32768, 3072, 1]
[1, 16, 1, 1, 64, 1]
20
[-1600.0, -49.4, -1210.0, -491.0, -998.0, -519.0, -666.0, -746.0, -666.0, -2140.0, -734.0, -2630.0, -27100.0, -200.0, -22200.0, -659.0, -5050.0, -479.0, -407.0, -564.0, -326.0, -356.0, -9000.0, -492.0, -865.0, -859.0, -275.0, -1080.0, -647.0, -756.0, -433.0, -281.0, -999.0, -1750.0, -221.0, -847.0, -235.0, -242.0, -1760.0, -565.0, -613.0, -1430.0, -368.0, -3210.0, -9480.0, -1090.0, -4560.0, -1140.0, -3360.0, -1480.0, -998.0, -3990.0, -919.0, -991.0]
[[-123000.0], [-51.0], [-68700.0], [-174000.0], [-4470.0], [-5870.0], [-239000.0], [-2610.0], [-863000.0], [-3220.0], [-155000.0], [-659000.0], [-38900.0], [-5110.0], [-59400.0], [-11800.0], [-17800.0], [-656.0], [-5540.0], [-4300.0], [-1150.0], [-704.0], [-22200.0], [-49000.0], [-225000.0], [-6730.0], [-461.0], [-22000.0], [-65700.0], [-74000.0], [-153000.0], [-430.0], [-313000.0], [-1870.0], [-359.0], [-116000.0], [-2220.0], [-393.0], [-127000.0], [-7260.0], [-755.0], [-20900.0], [-35200.0], [-3210.0], [-3070000.0], [-1150.0], [-2560000.0], [-157000.0], [-3750.0], [-7120.0], [-157000.0], [-8190.0], [-1540000.0], [-1390.0]]
[False, False, False, False, False, False, False, False, False, False, False, False, False, False, False, False, False, False, False, False, False, False, False, False, False, False, False, False, False, False, False, False, False, False, False, False, False, False, False, False, False, False, False, False, False, False, False, False, False, False, False, False, False, False]
[Stage 1]Gen 1:  1st stage Reward: 0, Best reward: [11195569.]
Generation 0 耗时: 7.667秒
[-1110.0, -48.5, -549.0, -491.0, -807.0, -519.0, -587.0, -379.0, -491.0, -1650.0, -498.0, -2020.0, -1410.0, -200.0, -2440.0, -508.0, -4090.0, -479.0, -376.0, -360.0, -319.0, -245.0, -1480.0, -298.0, -710.0, -791.0, -156.0, -1020.0, -548.0, -725.0, -344.0, -279.0, -857.0, -405.0, -221.0, -704.0, -147.0, -219.0, -1700.0, -228.0, -485.0, -650.0, -325.0, -2350.0, -8540.0, -521.0, -4060.0, -1090.0, -3270.0, -1350.0, -675.0, -3250.0, -657.0, -961.0]
[[-1950.0], [-51.6], [-1050.0], [-4990.0], [-930.0], [-659.0], [-760.0], [-4920.0], [-938.0], [-1650.0], [-154000.0], [-176000.0], [-36000.0], [-395.0], [-6810.0], [-613.0], [-212000.0], [-610.0], [-392.0], [-663.0], [-432.0], [-61000.0], [-3720.0], [-521.0], [-1100.0], [-2550.0], [-448.0], [-1360.0], [-54900.0], [-991.0], [-518.0], [-388.0], [-995.0], [-11000.0], [-293.0], [-3030.0], [-6380.0], [-332.0], [-1840.0], [-585.0], [-11000.0], [-1650.0], [-325.0], [-3240.0], [-9490.0], [-1270.0], [-75500.0], [-1280.0], [-15100.0], [-221000.0], [-870.0], [-4860.0], [-817.0], [-1020.0]]
[False, False, False, False, False, False, False, False, False, False, False, False, False, False, False, False, False, False, False, False, False, False, False, False, False, False, False, False, False, False, False, False, False, False, False, False, False, False, False, False, False, False, False, False, False, False, False, False, False, False, False, False, False, False]
[Stage 1]Gen 2:  1st stage Reward: 0, Best reward: [1105186.6]
Generation 1 耗时: 8.247秒
[-1040.0, -33.2, -311.0, -491.0, -752.0, -481.0, -531.0, -371.0, -481.0, -664.0, -476.0, -1890.0, -531.0, -188.0, -1220.0, -366.0, -1830.0, -479.0, -376.0, -317.0, -273.0, -236.0, -690.0, -188.0, -710.0, -791.0, -141.0, -955.0, -517.0, -617.0, -250.0, -207.0, -857.0, -203.0, -215.0, -655.0, -135.0, -202.0, -1280.0, -184.0, -484.0, -603.0, -163.0, -1810.0, -8540.0, -472.0, -3740.0, -654.0, -2990.0, -849.0, -675.0, -2990.0, -644.0, -912.0]
[[-2540.0], [-36.8], [-1980.0], [-5210.0], [-804.0], [-525.0], [-10000.0], [-390.0], [-692.0], [-1680.0], [-488.0], [-2300.0], [-531.0], [-302.0], [-6750.0], [-366.0], [-5930.0], [-528.0], [-735.0], [-13600.0], [-338.0], [-247.0], [-690.0], [-202.0], [-1420.0], [-893.0], [-146.0], [-1070.0], [-547.0], [-719.0], [-256.0], [-43000.0], [-896.0], [-7100.0], [-224.0], [-658.0], [-183.0], [-206.0], [-3180.0], [-518.0], [-635.0], [-640.0], [-322.0], [-1890.0], [-137000.0], [-533.0], [-3880.0], [-1270.0], [-4810.0], [-1530.0], [-690.0], [-2990.0], [-24100.0], [-934.0]]
[False, False, False, False, False, False, False, False, False, False, False, False, False, False, False, False, False, False, False, False, False, False, False, False, False, False, False, False, False, False, False, False, False, False, False, False, False, False, False, False, False, False, False, False, False, False, False, False, False, False, False, False, False, False]
[Stage 1]Gen 3:  1st stage Reward: 0, Best reward: [299104.8]
Generation 2 耗时: 8.682秒
[-960.0, -33.0, -251.0, -458.0, -752.0, -481.0, -473.0, -371.0, -481.0, -598.0, -476.0, -1690.0, -531.0, -188.0, -1020.0, -363.0, -1360.0, -479.0, -376.0, -297.0, -215.0, -236.0, -605.0, -188.0, -710.0, -791.0, -141.0, -942.0, -506.0, -617.0, -250.0, -204.0, -854.0, -177.0, -214.0, -655.0, -121.0, -202.0, -1200.0, -155.0, -244.0, -426.0, -147.0, -1800.0, -8400.0, -457.0, -3740.0, -637.0, -2700.0, -726.0, -675.0, -2990.0, -644.0, -912.0]
[[-1640.0], [-45.1], [-10600.0], [-2000.0], [-808.0], [-527.0], [-702.0], [-391.0], [-4620.0], [-1680.0], [-493.0], [-2300.0], [-29400.0], [-200.0], [-2440.0], [-571.0], [-5930.0], [-531.0], [-418.0], [-659.0], [-280.0], [-4170.0], [-4400.0], [-473.0], [-7020.0], [-920.0], [-17400.0], [-84300.0], [-548.0], [-724.0], [-261.0], [-1330.0], [-919.0], [-358.0], [-214.0], [-683.0], [-4620.0], [-13800.0], [-2230.0], [-264.0], [-314.0], [-642.0], [-324.0], [-1910.0], [-9910.0], [-1520.0], [-3910.0], [-1270.0], [-2700.0], [-7070.0], [-697.0], [-3030.0], [-660.0], [-951.0]]
[False, False, False, False, False, False, False, False, False, False, False, False, False, False, False, False, False, False, False, False, False, False, False, False, False, False, False, False, False, False, False, False, False, False, False, False, False, False, False, False, False, False, False, False, False, False, False, False, False, False, False, False, False, False]
[Stage 1]Gen 4:  1st stage Reward: 0, Best reward: [245777.1]
Generation 3 耗时: 8.149秒
[-954.0, -29.9, -236.0, -413.0, -735.0, -471.0, -446.0, -351.0, -481.0, -598.0, -476.0, -1690.0, -523.0, -187.0, -988.0, -245.0, -1010.0, -351.0, -278.0, -267.0, -213.0, -236.0, -395.0, -187.0, -710.0, -791.0, -141.0, -940.0, -505.0, -617.0, -225.0, -204.0, -854.0, -165.0, -206.0, -655.0, -120.0, -202.0, -956.0, -137.0, -231.0, -406.0, -136.0, -1710.0, -6650.0, -456.0, -3430.0, -575.0, -2510.0, -622.0, -675.0, -2990.0, -644.0, -912.0]
[[-2300.0], [-33.0], [-101000.0], [-778.0], [-751.0], [-522.0], [-460.0], [-406.0], [-608.0], [-5990.0], [-508.0], [-1720.0], [-571.0], [-203.0], [-1040.0], [-516.0], [-1260.0], [-499.0], [-406.0], [-638.0], [-689.0], [-260.0], [-1360.0], [-203.0], [-1650.0], [-865.0], [-182.0], [-993.0], [-1580.0], [-682.0], [-1020.0], [-219.0], [-3080.0], [-170.0], [-511.0], [-1770.0], [-233.0], [-219.0], [-1100.0], [-170.0], [-244.0], [-407.0], [-158.0], [-4670.0], [-81800.0], [-465.0], [-4120.0], [-645.0], [-2790.0], [-6700.0], [-727.0], [-3180.0], [-685.0], [-963.0]]
[False, False, False, False, False, False, False, False, False, False, False, False, False, False, False, False, False, False, False, False, False, False, False, False, False, False, False, False, False, False, False, False, False, False, False, False, False, False, False, False, False, False, False, False, False, False, False, False, False, False, False, False, False, False]
[Stage 1]Gen 5:  1st stage Reward: 0, Best reward: [244719.]
Generation 4 耗时: 8.250秒
[-898.0, -29.9, -232.0, -413.0, -732.0, -471.0, -446.0, -338.0, -481.0, -598.0, -476.0, -1410.0, -523.0, -187.0, -967.0, -234.0, -1010.0, -320.0, -272.0, -267.0, -213.0, -232.0, -366.0, -187.0, -710.0, -791.0, -141.0, -940.0, -502.0, -617.0, -213.0, -204.0, -844.0, -162.0, -206.0, -649.0, -120.0, -202.0, -742.0, -137.0, -226.0, -405.0, -136.0, -1670.0, -6040.0, -456.0, -3050.0, -575.0, -2500.0, -622.0, -675.0, -2960.0, -644.0, -912.0]
[[-957.0], [-33.0], [-1530.0], [-429.0], [-4150.0], [-91100.0], [-459.0], [-348.0], [-520.0], [-599.0], [-503.0], [-1550.0], [-563.0], [-403.0], [-1020.0], [-357.0], [-7740.0], [-2330.0], [-285.0], [-295.0], [-224.0], [-260.0], [-383.0], [-201.0], [-766.0], [-4000.0], [-6070.0], [-949.0], [-575.0], [-1360.0], [-221.0], [-757.0], [-855.0], [-162.0], [-6230.0], [-700.0], [-121.0], [-218.0], [-1060.0], [-174.0], [-300.0], [-405.0], [-162.0], [-1670.0], [-6490.0], [-15400.0], [-5120.0], [-637.0], [-2510.0], [-648.0], [-719.0], [-5300.0], [-678.0], [-936.0]]
[False, False, False, False, False, False, False, False, False, False, False, False, False, False, False, False, False, False, False, False, False, False, False, False, False, False, False, False, False, False, False, False, False, False, False, False, False, False, False, False, False, False, False, False, False, False, False, False, False, False, False, False, False, False]
[Stage 1]Gen 6:  1st stage Reward: 0, Best reward: [181432.]
Generation 5 耗时: 8.452秒
[-877.0, -29.9, -226.0, -394.0, -732.0, -471.0, -181.0, -336.0, -474.0, -598.0, -466.0, -1250.0, -523.0, -185.0, -967.0, -231.0, -1010.0, -320.0, -268.0, -263.0, -213.0, -211.0, -366.0, -185.0, -709.0, -791.0, -141.0, -940.0, -232.0, -617.0, -212.0, -204.0, -844.0, -162.0, -206.0, -649.0, -119.0, -199.0, -707.0, -137.0, -226.0, -331.0, -136.0, -1670.0, -5740.0, -456.0, -2640.0, -575.0, -2500.0, -619.0, -675.0, -2730.0, -636.0, -912.0]
[[-957.0], [-33.0], [-1530.0], [-429.0], [-4150.0], [-91100.0], [-459.0], [-348.0], [-520.0], [-599.0], [-503.0], [-1550.0], [-563.0], [-403.0], [-1020.0], [-357.0], [-7740.0], [-2330.0], [-285.0], [-295.0], [-224.0], [-260.0], [-383.0], [-201.0], [-766.0], [-4000.0], [-6070.0], [-949.0], [-575.0], [-1360.0], [-221.0], [-757.0], [-855.0], [-162.0], [-6230.0], [-700.0], [-121.0], [-218.0], [-1060.0], [-174.0], [-300.0], [-405.0], [-162.0], [-1670.0], [-6490.0], [-15400.0], [-5120.0], [-637.0], [-2510.0], [-648.0], [-719.0], [-5300.0], [-678.0], [-936.0]]
[False, False, False, False, False, False, False, False, False, False, False, False, False, False, False, False, False, False, False, False, False, False, False, False, False, False, False, False, False, False, False, False, False, False, False, False, False, False, False, False, False, False, False, False, False, False, False, False, False, False, False, False, False, False]
[Stage 1]Gen 7:  1st stage Reward: 0, Best reward: [181432.]
Generation 6 耗时: 9.105秒
[-877.0, -29.9, -226.0, -379.0, -728.0, -471.0, -176.0, -336.0, -474.0, -305.0, -466.0, -1250.0, -523.0, -185.0, -967.0, -231.0, -1010.0, -320.0, -268.0, -263.0, -212.0, -211.0, -363.0, -185.0, -709.0, -791.0, -141.0, -925.0, -232.0, -617.0, -212.0, -202.0, -837.0, -156.0, -206.0, -649.0, -106.0, -199.0, -665.0, -137.0, -226.0, -329.0, -136.0, -1500.0, -3640.0, -456.0, -2640.0, -575.0, -2430.0, -618.0, -675.0, -2520.0, -636.0, -912.0]
[[-977.0], [-33.1], [-254.0], [-395.0], [-1330.0], [-38100.0], [-429.0], [-505.0], [-1040.0], [-1100.0], [-992.0], [-1490.0], [-572.0], [-203.0], [-1050.0], [-267.0], [-1380.0], [-365.0], [-301.0], [-297.0], [-365.0], [-234.0], [-1230.0], [-203.0], [-780.0], [-3580.0], [-187.0], [-994.0], [-256.0], [-684.0], [-239.0], [-25800.0], [-975.0], [-170.0], [-225.0], [-736.0], [-602.0], [-220.0], [-740.0], [-180.0], [-245.0], [-356.0], [-147.0], [-2150.0], [-7460.0], [-1050.0], [-2800.0], [-665.0], [-2690.0], [-656.0], [-1980.0], [-3190.0], [-687.0], [-963.0]]
[False, False, False, False, False, False, False, False, False, False, False, False, False, False, False, False, False, False, False, False, False, False, False, False, False, False, False, False, False, False, False, False, False, False, False, False, False, False, False, False, False, False, False, False, False, False, False, False, False, False, False, False, False, False]
[Stage 1]Gen 8:  1st stage Reward: 0, Best reward: [114519.1]
Generation 7 耗时: 8.668秒
[-877.0, -29.9, -226.0, -375.0, -689.0, -471.0, -176.0, -336.0, -474.0, -303.0, -466.0, -1250.0, -523.0, -185.0, -967.0, -231.0, -1010.0, -320.0, -268.0, -263.0, -212.0, -211.0, -289.0, -185.0, -709.0, -791.0, -141.0, -925.0, -232.0, -617.0, -129.0, -202.0, -837.0, -137.0, -206.0, -649.0, -106.0, -199.0, -483.0, -137.0, -226.0, -329.0, -136.0, -1460.0, -3600.0, -456.0, -2640.0, -575.0, -2430.0, -618.0, -675.0, -2520.0, -636.0, -912.0]
[[-977.0], [-33.1], [-254.0], [-395.0], [-1330.0], [-38100.0], [-429.0], [-505.0], [-1040.0], [-1100.0], [-992.0], [-1490.0], [-572.0], [-203.0], [-1050.0], [-267.0], [-1380.0], [-365.0], [-301.0], [-297.0], [-365.0], [-234.0], [-1230.0], [-203.0], [-780.0], [-3580.0], [-187.0], [-994.0], [-256.0], [-684.0], [-239.0], [-25800.0], [-975.0], [-170.0], [-225.0], [-736.0], [-602.0], [-220.0], [-740.0], [-180.0], [-245.0], [-356.0], [-147.0], [-2150.0], [-7460.0], [-1050.0], [-2800.0], [-665.0], [-2690.0], [-656.0], [-1980.0], [-3190.0], [-687.0], [-963.0]]
[False, False, False, False, False, False, False, False, False, False, False, False, False, False, False, False, False, False, False, False, False, False, False, False, False, False, False, False, False, False, False, False, False, False, False, False, False, False, False, False, False, False, False, False, False, False, False, False, False, False, False, False, False, False]
[Stage 1]Gen 9:  1st stage Reward: 0, Best reward: [114519.1]
Generation 8 耗时: 9.154秒
[-875.0, -29.9, -225.0, -375.0, -627.0, -471.0, -175.0, -336.0, -474.0, -253.0, -466.0, -1250.0, -512.0, -177.0, -951.0, -151.0, -1010.0, -317.0, -266.0, -263.0, -190.0, -211.0, -247.0, -184.0, -707.0, -781.0, -141.0, -856.0, -219.0, -614.0, -120.0, -200.0, -807.0, -132.0, -206.0, -628.0, -102.0, -198.0, -427.0, -137.0, -223.0, -329.0, -132.0, -1400.0, -3280.0, -456.0, -2590.0, -510.0, -2340.0, -606.0, -675.0, -2450.0, -634.0, -910.0]
[[-977.0], [-33.1], [-254.0], [-395.0], [-1330.0], [-38100.0], [-429.0], [-505.0], [-1040.0], [-1100.0], [-992.0], [-1490.0], [-572.0], [-203.0], [-1050.0], [-267.0], [-1380.0], [-365.0], [-301.0], [-297.0], [-365.0], [-234.0], [-1230.0], [-203.0], [-780.0], [-3580.0], [-187.0], [-994.0], [-256.0], [-684.0], [-239.0], [-25800.0], [-975.0], [-170.0], [-225.0], [-736.0], [-602.0], [-220.0], [-740.0], [-180.0], [-245.0], [-356.0], [-147.0], [-2150.0], [-7460.0], [-1050.0], [-2800.0], [-665.0], [-2690.0], [-656.0], [-1980.0], [-3190.0], [-687.0], [-963.0]]
[False, False, False, False, False, False, False, False, False, False, False, False, False, False, False, False, False, False, False, False, False, False, False, False, False, False, False, False, False, False, False, False, False, False, False, False, False, False, False, False, False, False, False, False, False, False, False, False, False, False, False, False, False, False]
[Stage 1]Gen 10:  1st stage Reward: 0, Best reward: [114519.1]
Generation 9 耗时: 10.085秒
[-875.0, -29.9, -224.0, -363.0, -623.0, -468.0, -169.0, -323.0, -468.0, -210.0, -466.0, -842.0, -508.0, -175.0, -951.0, -149.0, -1010.0, -282.0, -248.0, -259.0, -190.0, -211.0, -247.0, -184.0, -484.0, -781.0, -141.0, -856.0, -219.0, -614.0, -120.0, -196.0, -807.0, -131.0, -205.0, -628.0, -102.0, -196.0, -427.0, -137.0, -219.0, -329.0, -131.0, -1400.0, -3280.0, -456.0, -2580.0, -510.0, -2250.0, -605.0, -675.0, -2450.0, -627.0, -910.0]
[[-977.0], [-33.1], [-254.0], [-395.0], [-1330.0], [-38100.0], [-429.0], [-505.0], [-1040.0], [-1100.0], [-992.0], [-1490.0], [-572.0], [-203.0], [-1050.0], [-267.0], [-1380.0], [-365.0], [-301.0], [-297.0], [-365.0], [-234.0], [-1230.0], [-203.0], [-780.0], [-3580.0], [-187.0], [-994.0], [-256.0], [-684.0], [-239.0], [-25800.0], [-975.0], [-170.0], [-225.0], [-736.0], [-602.0], [-220.0], [-740.0], [-180.0], [-245.0], [-356.0], [-147.0], [-2150.0], [-7460.0], [-1050.0], [-2800.0], [-665.0], [-2690.0], [-656.0], [-1980.0], [-3190.0], [-687.0], [-963.0]]
[False, False, False, False, False, False, False, False, False, False, False, False, False, False, False, False, False, False, False, False, False, False, False, False, False, False, False, False, False, False, False, False, False, False, False, False, False, False, False, False, False, False, False, False, False, False, False, False, False, False, False, False, False, False]
[Stage 1]Gen 11:  1st stage Reward: 0, Best reward: [114519.1]
Generation 10 耗时: 9.912秒
[-719.0, -29.9, -223.0, -363.0, -482.0, -468.0, -169.0, -323.0, -468.0, -210.0, -464.0, -812.0, -354.0, -175.0, -951.0, -149.0, -1010.0, -220.0, -248.0, -258.0, -190.0, -208.0, -243.0, -183.0, -450.0, -781.0, -141.0, -856.0, -219.0, -613.0, -120.0, -196.0, -807.0, -131.0, -205.0, -628.0, -102.0, -196.0, -427.0, -134.0, -219.0, -329.0, -131.0, -1400.0, -3280.0, -456.0, -2580.0, -510.0, -2250.0, -605.0, -675.0, -2450.0, -616.0, -910.0]
[[-915.0], [-161.0], [-233.0], [-380.0], [-1410.0], [-493.0], [-1600.0], [-475.0], [-493.0], [-293.0], [-483.0], [-812.0], [-526.0], [-181.0], [-975.0], [-175.0], [-1450.0], [-278.0], [-605.0], [-964.0], [-196.0], [-254.0], [-1010.0], [-189.0], [-484.0], [-1030.0], [-1060.0], [-887.0], [-1100.0], [-636.0], [-4490.0], [-202.0], [-1000.0], [-135.0], [-237.0], [-682.0], [-119.0], [-8060.0], [-3670.0], [-159.0], [-228.0], [-367.0], [-356.0], [-2140.0], [-3560.0], [-1370.0], [-2630.0], [-597.0], [-3180.0], [-617.0], [-694.0], [-2760.0], [-617.0], [-960.0]]
[False, False, False, False, False, False, False, False, False, False, False, False, False, False, False, False, False, False, False, False, False, False, False, False, False, False, False, False, False, False, False, False, False, False, False, False, False, False, False, False, False, False, False, False, False, False, False, False, False, False, False, False, False, False]
[Stage 1]Gen 12:  1st stage Reward: 0, Best reward: [58578.]
Generation 11 耗时: 7.169秒
[-661.0, -29.9, -223.0, -337.0, -458.0, -468.0, -169.0, -323.0, -468.0, -210.0, -463.0, -782.0, -331.0, -175.0, -951.0, -149.0, -583.0, -220.0, -248.0, -258.0, -190.0, -208.0, -236.0, -183.0, -450.0, -781.0, -141.0, -707.0, -219.0, -612.0, -120.0, -196.0, -807.0, -131.0, -205.0, -628.0, -102.0, -196.0, -398.0, -104.0, -219.0, -329.0, -131.0, -1400.0, -3280.0, -456.0, -2580.0, -510.0, -2250.0, -605.0, -650.0, -2450.0, -605.0, -910.0]
[[-915.0], [-161.0], [-233.0], [-380.0], [-1410.0], [-493.0], [-1600.0], [-475.0], [-493.0], [-293.0], [-483.0], [-812.0], [-526.0], [-181.0], [-975.0], [-175.0], [-1450.0], [-278.0], [-605.0], [-964.0], [-196.0], [-254.0], [-1010.0], [-189.0], [-484.0], [-1030.0], [-1060.0], [-887.0], [-1100.0], [-636.0], [-4490.0], [-202.0], [-1000.0], [-135.0], [-237.0], [-682.0], [-119.0], [-8060.0], [-3670.0], [-159.0], [-228.0], [-367.0], [-356.0], [-2140.0], [-3560.0], [-1370.0], [-2630.0], [-597.0], [-3180.0], [-617.0], [-694.0], [-2760.0], [-617.0], [-960.0]]
[False, False, False, False, False, False, False, False, False, False, False, False, False, False, False, False, False, False, False, False, False, False, False, False, False, False, False, False, False, False, False, False, False, False, False, False, False, False, False, False, False, False, False, False, False, False, False, False, False, False, False, False, False, False]
[Stage 1]Gen 13:  1st stage Reward: 0, Best reward: [58578.]
Generation 12 耗时: 7.333秒
[-653.0, -29.9, -223.0, -320.0, -455.0, -466.0, -169.0, -323.0, -468.0, -210.0, -461.0, -779.0, -331.0, -174.0, -940.0, -149.0, -562.0, -220.0, -240.0, -258.0, -188.0, -207.0, -235.0, -183.0, -448.0, -781.0, -139.0, -677.0, -207.0, -612.0, -120.0, -196.0, -807.0, -131.0, -205.0, -628.0, -102.0, -196.0, -398.0, -104.0, -219.0, -329.0, -131.0, -1400.0, -3280.0, -456.0, -2560.0, -510.0, -2250.0, -599.0, -646.0, -2450.0, -599.0, -910.0]
[[-915.0], [-161.0], [-233.0], [-380.0], [-1410.0], [-493.0], [-1600.0], [-475.0], [-493.0], [-293.0], [-483.0], [-812.0], [-526.0], [-181.0], [-975.0], [-175.0], [-1450.0], [-278.0], [-605.0], [-964.0], [-196.0], [-254.0], [-1010.0], [-189.0], [-484.0], [-1030.0], [-1060.0], [-887.0], [-1100.0], [-636.0], [-4490.0], [-202.0], [-1000.0], [-135.0], [-237.0], [-682.0], [-119.0], [-8060.0], [-3670.0], [-159.0], [-228.0], [-367.0], [-356.0], [-2140.0], [-3560.0], [-1370.0], [-2630.0], [-597.0], [-3180.0], [-617.0], [-694.0], [-2760.0], [-617.0], [-960.0]]
[False, False, False, False, False, False, False, False, False, False, False, False, False, False, False, False, False, False, False, False, False, False, False, False, False, False, False, False, False, False, False, False, False, False, False, False, False, False, False, False, False, False, False, False, False, False, False, False, False, False, False, False, False, False]
[Stage 1]Gen 14:  1st stage Reward: 0, Best reward: [58578.]
Generation 13 耗时: 7.445秒
[-653.0, -29.9, -223.0, -320.0, -455.0, -466.0, -143.0, -323.0, -468.0, -210.0, -456.0, -779.0, -331.0, -174.0, -940.0, -149.0, -562.0, -220.0, -226.0, -258.0, -188.0, -207.0, -235.0, -183.0, -448.0, -781.0, -139.0, -677.0, -200.0, -612.0, -120.0, -196.0, -807.0, -131.0, -205.0, -628.0, -102.0, -196.0, -392.0, -104.0, -219.0, -329.0, -131.0, -1400.0, -3280.0, -456.0, -2560.0, -510.0, -2220.0, -599.0, -646.0, -2230.0, -599.0, -910.0]
[[-915.0], [-161.0], [-233.0], [-380.0], [-1410.0], [-493.0], [-1600.0], [-475.0], [-493.0], [-293.0], [-483.0], [-812.0], [-526.0], [-181.0], [-975.0], [-175.0], [-1450.0], [-278.0], [-605.0], [-964.0], [-196.0], [-254.0], [-1010.0], [-189.0], [-484.0], [-1030.0], [-1060.0], [-887.0], [-1100.0], [-636.0], [-4490.0], [-202.0], [-1000.0], [-135.0], [-237.0], [-682.0], [-119.0], [-8060.0], [-3670.0], [-159.0], [-228.0], [-367.0], [-356.0], [-2140.0], [-3560.0], [-1370.0], [-2630.0], [-597.0], [-3180.0], [-617.0], [-694.0], [-2760.0], [-617.0], [-960.0]]
[False, False, False, False, False, False, False, False, False, False, False, False, False, False, False, False, False, False, False, False, False, False, False, False, False, False, False, False, False, False, False, False, False, False, False, False, False, False, False, False, False, False, False, False, False, False, False, False, False, False, False, False, False, False]
[Stage 1]Gen 15:  1st stage Reward: 0, Best reward: [58578.]
Generation 14 耗时: 7.605秒
[-653.0, -29.9, -223.0, -320.0, -455.0, -466.0, -140.0, -323.0, -468.0, -210.0, -456.0, -779.0, -331.0, -174.0, -940.0, -149.0, -562.0, -220.0, -226.0, -258.0, -188.0, -207.0, -232.0, -183.0, -448.0, -781.0, -139.0, -677.0, -199.0, -612.0, -120.0, -196.0, -807.0, -131.0, -205.0, -628.0, -102.0, -196.0, -389.0, -104.0, -219.0, -329.0, -131.0, -1400.0, -3280.0, -456.0, -2560.0, -510.0, -2170.0, -599.0, -646.0, -2200.0, -599.0, -910.0]
[[-2390.0], [-85.9], [-261.0], [-777.0], [-522.0], [-1220.0], [-181.0], [-352.0], [-535.0], [-998.0], [-519.0], [-1000.0], [-337.0], [-420.0], [-3490.0], [-159.0], [-657.0], [-235.0], [-2160.0], [-308.0], [-965.0], [-241.0], [-235.0], [-208.0], [-779.0], [-5920.0], [-162.0], [-944.0], [-227.0], [-2780.0], [-230.0], [-227.0], [-888.0], [-887.0], [-232.0], [-734.0], [-237.0], [-227.0], [-389.0], [-106.0], [-248.0], [-613.0], [-157.0], [-1490.0], [-3740.0], [-718.0], [-3040.0], [-552.0], [-2360.0], [-1390.0], [-720.0], [-2540.0], [-1200.0], [-1000.0]]
[False, False, False, False, False, False, False, False, False, False, False, False, False, False, False, False, False, False, False, False, False, False, False, False, False, False, False, False, False, False, False, False, False, False, False, False, False, False, False, False, False, False, False, False, False, False, False, False, False, False, False, False, False, False]
[Stage 1]Gen 16:  1st stage Reward: 0, Best reward: [52992.9]
Generation 15 耗时: 7.500秒
[-653.0, -29.9, -223.0, -316.0, -455.0, -466.0, -136.0, -323.0, -468.0, -210.0, -456.0, -779.0, -331.0, -174.0, -940.0, -149.0, -542.0, -220.0, -220.0, -249.0, -188.0, -207.0, -232.0, -183.0, -448.0, -781.0, -139.0, -677.0, -199.0, -612.0, -120.0, -196.0, -807.0, -131.0, -205.0, -628.0, -102.0, -196.0, -338.0, -104.0, -191.0, -329.0, -131.0, -1400.0, -3280.0, -456.0, -2560.0, -510.0, -2140.0, -599.0, -646.0, -2170.0, -599.0, -910.0]
[[-2390.0], [-85.9], [-261.0], [-777.0], [-522.0], [-1220.0], [-181.0], [-352.0], [-535.0], [-998.0], [-519.0], [-1000.0], [-337.0], [-420.0], [-3490.0], [-159.0], [-657.0], [-235.0], [-2160.0], [-308.0], [-965.0], [-241.0], [-235.0], [-208.0], [-779.0], [-5920.0], [-162.0], [-944.0], [-227.0], [-2780.0], [-230.0], [-227.0], [-888.0], [-887.0], [-232.0], [-734.0], [-237.0], [-227.0], [-389.0], [-106.0], [-248.0], [-613.0], [-157.0], [-1490.0], [-3740.0], [-718.0], [-3040.0], [-552.0], [-2360.0], [-1390.0], [-720.0], [-2540.0], [-1200.0], [-1000.0]]
[False, False, False, False, False, False, False, False, False, False, False, False, False, False, False, False, False, False, False, False, False, False, False, False, False, False, False, False, False, False, False, False, False, False, False, False, False, False, False, False, False, False, False, False, False, False, False, False, False, False, False, False, False, False]
[Stage 1]Gen 17:  1st stage Reward: 0, Best reward: [52992.9]
Generation 16 耗时: 7.464秒
[-653.0, -29.9, -223.0, -316.0, -455.0, -466.0, -136.0, -323.0, -468.0, -210.0, -421.0, -779.0, -331.0, -174.0, -940.0, -149.0, -541.0, -207.0, -220.0, -237.0, -188.0, -207.0, -232.0, -183.0, -448.0, -781.0, -132.0, -677.0, -198.0, -612.0, -120.0, -196.0, -807.0, -131.0, -205.0, -628.0, -102.0, -196.0, -330.0, -102.0, -175.0, -329.0, -131.0, -1400.0, -3280.0, -456.0, -2560.0, -510.0, -2140.0, -599.0, -646.0, -2170.0, -599.0, -910.0]
[[-2390.0], [-85.9], [-261.0], [-777.0], [-522.0], [-1220.0], [-181.0], [-352.0], [-535.0], [-998.0], [-519.0], [-1000.0], [-337.0], [-420.0], [-3490.0], [-159.0], [-657.0], [-235.0], [-2160.0], [-308.0], [-965.0], [-241.0], [-235.0], [-208.0], [-779.0], [-5920.0], [-162.0], [-944.0], [-227.0], [-2780.0], [-230.0], [-227.0], [-888.0], [-887.0], [-232.0], [-734.0], [-237.0], [-227.0], [-389.0], [-106.0], [-248.0], [-613.0], [-157.0], [-1490.0], [-3740.0], [-718.0], [-3040.0], [-552.0], [-2360.0], [-1390.0], [-720.0], [-2540.0], [-1200.0], [-1000.0]]
[False, False, False, False, False, False, False, False, False, False, False, False, False, False, False, False, False, False, False, False, False, False, False, False, False, False, False, False, False, False, False, False, False, False, False, False, False, False, False, False, False, False, False, False, False, False, False, False, False, False, False, False, False, False]
[Stage 1]Gen 18:  1st stage Reward: 0, Best reward: [52992.9]
Generation 17 耗时: 7.417秒
[-653.0, -29.9, -223.0, -316.0, -455.0, -466.0, -136.0, -323.0, -468.0, -210.0, -334.0, -779.0, -328.0, -174.0, -939.0, -149.0, -541.0, -207.0, -211.0, -220.0, -188.0, -207.0, -231.0, -183.0, -448.0, -781.0, -131.0, -677.0, -197.0, -612.0, -120.0, -196.0, -713.0, -131.0, -205.0, -628.0, -102.0, -196.0, -323.0, -101.0, -147.0, -329.0, -131.0, -1190.0, -3280.0, -456.0, -2560.0, -510.0, -2110.0, -599.0, -646.0, -2160.0, -599.0, -910.0]
[[-2390.0], [-85.9], [-261.0], [-777.0], [-522.0], [-1220.0], [-181.0], [-352.0], [-535.0], [-998.0], [-519.0], [-1000.0], [-337.0], [-420.0], [-3490.0], [-159.0], [-657.0], [-235.0], [-2160.0], [-308.0], [-965.0], [-241.0], [-235.0], [-208.0], [-779.0], [-5920.0], [-162.0], [-944.0], [-227.0], [-2780.0], [-230.0], [-227.0], [-888.0], [-887.0], [-232.0], [-734.0], [-237.0], [-227.0], [-389.0], [-106.0], [-248.0], [-613.0], [-157.0], [-1490.0], [-3740.0], [-718.0], [-3040.0], [-552.0], [-2360.0], [-1390.0], [-720.0], [-2540.0], [-1200.0], [-1000.0]]
[False, False, False, False, False, False, False, False, False, False, False, False, False, False, False, False, False, False, False, False, False, False, False, False, False, False, False, False, False, False, False, False, False, False, False, False, False, False, False, False, False, False, False, False, False, False, False, False, False, False, False, False, False, False]
[Stage 1]Gen 19:  1st stage Reward: 0, Best reward: [52992.9]
Generation 18 耗时: 7.520秒
[-653.0, -29.9, -207.0, -313.0, -448.0, -464.0, -136.0, -323.0, -468.0, -210.0, -331.0, -779.0, -320.0, -174.0, -939.0, -149.0, -466.0, -202.0, -211.0, -206.0, -188.0, -206.0, -225.0, -180.0, -447.0, -781.0, -131.0, -675.0, -197.0, -505.0, -120.0, -195.0, -698.0, -130.0, -205.0, -628.0, -102.0, -195.0, -323.0, -101.0, -131.0, -325.0, -130.0, -1190.0, -3280.0, -456.0, -2550.0, -510.0, -2100.0, -599.0, -643.0, -2150.0, -599.0, -910.0]
[[-2390.0], [-85.9], [-261.0], [-777.0], [-522.0], [-1220.0], [-181.0], [-352.0], [-535.0], [-998.0], [-519.0], [-1000.0], [-337.0], [-420.0], [-3490.0], [-159.0], [-657.0], [-235.0], [-2160.0], [-308.0], [-965.0], [-241.0], [-235.0], [-208.0], [-779.0], [-5920.0], [-162.0], [-944.0], [-227.0], [-2780.0], [-230.0], [-227.0], [-888.0], [-887.0], [-232.0], [-734.0], [-237.0], [-227.0], [-389.0], [-106.0], [-248.0], [-613.0], [-157.0], [-1490.0], [-3740.0], [-718.0], [-3040.0], [-552.0], [-2360.0], [-1390.0], [-720.0], [-2540.0], [-1200.0], [-1000.0]]
[False, False, False, False, False, False, False, False, False, False, False, False, False, False, False, False, False, False, False, False, False, False, False, False, False, False, False, False, False, False, False, False, False, False, False, False, False, False, False, False, False, False, False, False, False, False, False, False, False, False, False, False, False, False]
[Stage 1]Gen 20:  1st stage Reward: 0, Best reward: [52992.9]
Generation 19 耗时: 7.379秒
[-653.0, -29.9, -207.0, -313.0, -448.0, -464.0, -136.0, -323.0, -468.0, -210.0, -331.0, -779.0, -320.0, -174.0, -939.0, -149.0, -444.0, -200.0, -211.0, -206.0, -188.0, -206.0, -225.0, -180.0, -447.0, -781.0, -131.0, -675.0, -197.0, -501.0, -120.0, -195.0, -698.0, -130.0, -205.0, -628.0, -102.0, -195.0, -323.0, -101.0, -131.0, -325.0, -130.0, -699.0, -3280.0, -456.0, -2550.0, -510.0, -2100.0, -599.0, -643.0, -2150.0, -599.0, -910.0]
[[-2390.0], [-85.9], [-261.0], [-777.0], [-522.0], [-1220.0], [-181.0], [-352.0], [-535.0], [-998.0], [-519.0], [-1000.0], [-337.0], [-420.0], [-3490.0], [-159.0], [-657.0], [-235.0], [-2160.0], [-308.0], [-965.0], [-241.0], [-235.0], [-208.0], [-779.0], [-5920.0], [-162.0], [-944.0], [-227.0], [-2780.0], [-230.0], [-227.0], [-888.0], [-887.0], [-232.0], [-734.0], [-237.0], [-227.0], [-389.0], [-106.0], [-248.0], [-613.0], [-157.0], [-1490.0], [-3740.0], [-718.0], [-3040.0], [-552.0], [-2360.0], [-1390.0], [-720.0], [-2540.0], [-1200.0], [-1000.0]]
[False, False, False, False, False, False, False, False, False, False, False, False, False, False, False, False, False, False, False, False, False, False, False, False, False, False, False, False, False, False, False, False, False, False, False, False, False, False, False, False, False, False, False, False, False, False, False, False, False, False, False, False, False, False]
[Stage 1]Gen 21:  1st stage Reward: 0, Best reward: [52992.9]
Generation 20 耗时: 7.321秒
[-653.0, -29.9, -207.0, -313.0, -448.0, -464.0, -136.0, -323.0, -468.0, -210.0, -331.0, -779.0, -320.0, -174.0, -939.0, -149.0, -401.0, -196.0, -211.0, -206.0, -188.0, -206.0, -225.0, -180.0, -447.0, -781.0, -131.0, -675.0, -197.0, -481.0, -120.0, -195.0, -698.0, -97.6, -205.0, -628.0, -102.0, -195.0, -323.0, -101.0, -131.0, -325.0, -130.0, -690.0, -3280.0, -456.0, -2550.0, -510.0, -2100.0, -599.0, -643.0, -2150.0, -599.0, -910.0]
[[-2390.0], [-85.9], [-261.0], [-777.0], [-522.0], [-1220.0], [-181.0], [-352.0], [-535.0], [-998.0], [-519.0], [-1000.0], [-337.0], [-420.0], [-3490.0], [-159.0], [-657.0], [-235.0], [-2160.0], [-308.0], [-965.0], [-241.0], [-235.0], [-208.0], [-779.0], [-5920.0], [-162.0], [-944.0], [-227.0], [-2780.0], [-230.0], [-227.0], [-888.0], [-887.0], [-232.0], [-734.0], [-237.0], [-227.0], [-389.0], [-106.0], [-248.0], [-613.0], [-157.0], [-1490.0], [-3740.0], [-718.0], [-3040.0], [-552.0], [-2360.0], [-1390.0], [-720.0], [-2540.0], [-1200.0], [-1000.0]]
[False, False, False, False, False, False, False, False, False, False, False, False, False, False, False, False, False, False, False, False, False, False, False, False, False, False, False, False, False, False, False, False, False, False, False, False, False, False, False, False, False, False, False, False, False, False, False, False, False, False, False, False, False, False]
[Stage 1]Gen 22:  1st stage Reward: 0, Best reward: [52992.9]
Generation 21 耗时: 7.303秒
[-653.0, -29.9, -207.0, -313.0, -448.0, -464.0, -136.0, -323.0, -468.0, -210.0, -331.0, -779.0, -320.0, -174.0, -939.0, -149.0, -401.0, -191.0, -211.0, -206.0, -188.0, -206.0, -225.0, -180.0, -447.0, -781.0, -131.0, -675.0, -197.0, -481.0, -120.0, -195.0, -698.0, -93.2, -205.0, -628.0, -102.0, -195.0, -323.0, -101.0, -131.0, -325.0, -130.0, -639.0, -3280.0, -456.0, -2550.0, -510.0, -2100.0, -599.0, -643.0, -2150.0, -599.0, -910.0]
[[-2390.0], [-85.9], [-261.0], [-777.0], [-522.0], [-1220.0], [-181.0], [-352.0], [-535.0], [-998.0], [-519.0], [-1000.0], [-337.0], [-420.0], [-3490.0], [-159.0], [-657.0], [-235.0], [-2160.0], [-308.0], [-965.0], [-241.0], [-235.0], [-208.0], [-779.0], [-5920.0], [-162.0], [-944.0], [-227.0], [-2780.0], [-230.0], [-227.0], [-888.0], [-887.0], [-232.0], [-734.0], [-237.0], [-227.0], [-389.0], [-106.0], [-248.0], [-613.0], [-157.0], [-1490.0], [-3740.0], [-718.0], [-3040.0], [-552.0], [-2360.0], [-1390.0], [-720.0], [-2540.0], [-1200.0], [-1000.0]]
[False, False, False, False, False, False, False, False, False, False, False, False, False, False, False, False, False, False, False, False, False, False, False, False, False, False, False, False, False, False, False, False, False, False, False, False, False, False, False, False, False, False, False, False, False, False, False, False, False, False, False, False, False, False]
[Stage 1]Gen 23:  1st stage Reward: 0, Best reward: [52992.9]
Generation 22 耗时: 7.655秒
[-653.0, -29.9, -207.0, -313.0, -448.0, -464.0, -136.0, -323.0, -404.0, -210.0, -331.0, -779.0, -320.0, -174.0, -939.0, -149.0, -396.0, -185.0, -211.0, -206.0, -188.0, -206.0, -225.0, -180.0, -447.0, -713.0, -131.0, -675.0, -197.0, -480.0, -120.0, -195.0, -671.0, -93.2, -205.0, -628.0, -102.0, -195.0, -321.0, -101.0, -131.0, -325.0, -130.0, -639.0, -3280.0, -456.0, -2550.0, -510.0, -2100.0, -599.0, -643.0, -2150.0, -599.0, -910.0]
[[-2390.0], [-85.9], [-261.0], [-777.0], [-522.0], [-1220.0], [-181.0], [-352.0], [-535.0], [-998.0], [-519.0], [-1000.0], [-337.0], [-420.0], [-3490.0], [-159.0], [-657.0], [-235.0], [-2160.0], [-308.0], [-965.0], [-241.0], [-235.0], [-208.0], [-779.0], [-5920.0], [-162.0], [-944.0], [-227.0], [-2780.0], [-230.0], [-227.0], [-888.0], [-887.0], [-232.0], [-734.0], [-237.0], [-227.0], [-389.0], [-106.0], [-248.0], [-613.0], [-157.0], [-1490.0], [-3740.0], [-718.0], [-3040.0], [-552.0], [-2360.0], [-1390.0], [-720.0], [-2540.0], [-1200.0], [-1000.0]]
[False, False, False, False, False, False, False, False, False, False, False, False, False, False, False, False, False, False, False, False, False, False, False, False, False, False, False, False, False, False, False, False, False, False, False, False, False, False, False, False, False, False, False, False, False, False, False, False, False, False, False, False, False, False]
[Stage 1]Gen 24:  1st stage Reward: 0, Best reward: [52992.9]
Generation 23 耗时: 7.387秒
[-653.0, -29.9, -207.0, -313.0, -448.0, -464.0, -136.0, -323.0, -404.0, -210.0, -331.0, -779.0, -320.0, -174.0, -935.0, -149.0, -396.0, -182.0, -211.0, -206.0, -188.0, -206.0, -225.0, -180.0, -447.0, -693.0, -131.0, -659.0, -197.0, -480.0, -120.0, -195.0, -663.0, -93.2, -205.0, -628.0, -102.0, -195.0, -321.0, -101.0, -131.0, -325.0, -130.0, -639.0, -3280.0, -456.0, -2550.0, -510.0, -2100.0, -599.0, -643.0, -2150.0, -599.0, -910.0]
[[-2390.0], [-85.9], [-261.0], [-777.0], [-522.0], [-1220.0], [-181.0], [-352.0], [-535.0], [-998.0], [-519.0], [-1000.0], [-337.0], [-420.0], [-3490.0], [-159.0], [-657.0], [-235.0], [-2160.0], [-308.0], [-965.0], [-241.0], [-235.0], [-208.0], [-779.0], [-5920.0], [-162.0], [-944.0], [-227.0], [-2780.0], [-230.0], [-227.0], [-888.0], [-887.0], [-232.0], [-734.0], [-237.0], [-227.0], [-389.0], [-106.0], [-248.0], [-613.0], [-157.0], [-1490.0], [-3740.0], [-718.0], [-3040.0], [-552.0], [-2360.0], [-1390.0], [-720.0], [-2540.0], [-1200.0], [-1000.0]]
[False, False, False, False, False, False, False, False, False, False, False, False, False, False, False, False, False, False, False, False, False, False, False, False, False, False, False, False, False, False, False, False, False, False, False, False, False, False, False, False, False, False, False, False, False, False, False, False, False, False, False, False, False, False]
[Stage 1]Gen 25:  1st stage Reward: 0, Best reward: [52992.9]
Generation 24 耗时: 7.508秒
[-653.0, -29.9, -207.0, -313.0, -448.0, -464.0, -136.0, -323.0, -390.0, -210.0, -331.0, -779.0, -320.0, -174.0, -934.0, -149.0, -396.0, -182.0, -211.0, -206.0, -188.0, -206.0, -225.0, -180.0, -447.0, -693.0, -131.0, -633.0, -197.0, -473.0, -120.0, -195.0, -663.0, -93.2, -205.0, -628.0, -102.0, -195.0, -321.0, -101.0, -131.0, -325.0, -130.0, -603.0, -3280.0, -456.0, -2550.0, -510.0, -2100.0, -599.0, -643.0, -2150.0, -599.0, -910.0]
[[-2390.0], [-85.9], [-261.0], [-777.0], [-522.0], [-1220.0], [-181.0], [-352.0], [-535.0], [-998.0], [-519.0], [-1000.0], [-337.0], [-420.0], [-3490.0], [-159.0], [-657.0], [-235.0], [-2160.0], [-308.0], [-965.0], [-241.0], [-235.0], [-208.0], [-779.0], [-5920.0], [-162.0], [-944.0], [-227.0], [-2780.0], [-230.0], [-227.0], [-888.0], [-887.0], [-232.0], [-734.0], [-237.0], [-227.0], [-389.0], [-106.0], [-248.0], [-613.0], [-157.0], [-1490.0], [-3740.0], [-718.0], [-3040.0], [-552.0], [-2360.0], [-1390.0], [-720.0], [-2540.0], [-1200.0], [-1000.0]]
[False, False, False, False, False, False, False, False, False, False, False, False, False, False, False, False, False, False, False, False, False, False, False, False, False, False, False, False, False, False, False, False, False, False, False, False, False, False, False, False, False, False, False, False, False, False, False, False, False, False, False, False, False, False]
[Stage 1]Gen 26:  1st stage Reward: 0, Best reward: [52992.9]
Generation 25 耗时: 7.828秒
[-653.0, -29.9, -207.0, -313.0, -448.0, -464.0, -136.0, -323.0, -365.0, -210.0, -331.0, -779.0, -320.0, -174.0, -934.0, -149.0, -396.0, -182.0, -211.0, -206.0, -188.0, -206.0, -225.0, -180.0, -447.0, -693.0, -131.0, -632.0, -197.0, -473.0, -120.0, -195.0, -663.0, -93.2, -193.0, -628.0, -102.0, -195.0, -321.0, -101.0, -131.0, -325.0, -130.0, -577.0, -3280.0, -456.0, -2550.0, -510.0, -2100.0, -599.0, -643.0, -2150.0, -599.0, -910.0]
[[-2390.0], [-85.9], [-261.0], [-777.0], [-522.0], [-1220.0], [-181.0], [-352.0], [-535.0], [-998.0], [-519.0], [-1000.0], [-337.0], [-420.0], [-3490.0], [-159.0], [-657.0], [-235.0], [-2160.0], [-308.0], [-965.0], [-241.0], [-235.0], [-208.0], [-779.0], [-5920.0], [-162.0], [-944.0], [-227.0], [-2780.0], [-230.0], [-227.0], [-888.0], [-887.0], [-232.0], [-734.0], [-237.0], [-227.0], [-389.0], [-106.0], [-248.0], [-613.0], [-157.0], [-1490.0], [-3740.0], [-718.0], [-3040.0], [-552.0], [-2360.0], [-1390.0], [-720.0], [-2540.0], [-1200.0], [-1000.0]]
[False, False, False, False, False, False, False, False, False, False, False, False, False, False, False, False, False, False, False, False, False, False, False, False, False, False, False, False, False, False, False, False, False, False, False, False, False, False, False, False, False, False, False, False, False, False, False, False, False, False, False, False, False, False]
[Stage 1]Gen 27:  1st stage Reward: 0, Best reward: [52992.9]
Generation 26 耗时: 7.598秒
[-653.0, -29.9, -207.0, -313.0, -448.0, -464.0, -136.0, -323.0, -365.0, -210.0, -330.0, -779.0, -320.0, -174.0, -934.0, -149.0, -396.0, -180.0, -211.0, -206.0, -188.0, -206.0, -225.0, -180.0, -447.0, -693.0, -131.0, -630.0, -196.0, -473.0, -120.0, -195.0, -655.0, -93.2, -180.0, -628.0, -102.0, -195.0, -321.0, -101.0, -131.0, -325.0, -130.0, -575.0, -3280.0, -456.0, -2550.0, -510.0, -2100.0, -599.0, -643.0, -2150.0, -599.0, -910.0]
[[-2390.0], [-85.9], [-261.0], [-777.0], [-522.0], [-1220.0], [-181.0], [-352.0], [-535.0], [-998.0], [-519.0], [-1000.0], [-337.0], [-420.0], [-3490.0], [-159.0], [-657.0], [-235.0], [-2160.0], [-308.0], [-965.0], [-241.0], [-235.0], [-208.0], [-779.0], [-5920.0], [-162.0], [-944.0], [-227.0], [-2780.0], [-230.0], [-227.0], [-888.0], [-887.0], [-232.0], [-734.0], [-237.0], [-227.0], [-389.0], [-106.0], [-248.0], [-613.0], [-157.0], [-1490.0], [-3740.0], [-718.0], [-3040.0], [-552.0], [-2360.0], [-1390.0], [-720.0], [-2540.0], [-1200.0], [-1000.0]]
[False, False, False, False, False, False, False, False, False, False, False, False, False, False, False, False, False, False, False, False, False, False, False, False, False, False, False, False, False, False, False, False, False, False, False, False, False, False, False, False, False, False, False, False, False, False, False, False, False, False, False, False, False, False]
[Stage 1]Gen 28:  1st stage Reward: 0, Best reward: [52992.9]
Generation 27 耗时: 7.863秒
[-653.0, -29.9, -207.0, -313.0, -448.0, -464.0, -136.0, -323.0, -358.0, -210.0, -330.0, -779.0, -320.0, -174.0, -934.0, -149.0, -396.0, -180.0, -211.0, -206.0, -188.0, -206.0, -225.0, -180.0, -447.0, -693.0, -131.0, -630.0, -196.0, -473.0, -120.0, -195.0, -601.0, -93.2, -174.0, -628.0, -102.0, -195.0, -321.0, -101.0, -131.0, -325.0, -130.0, -575.0, -3280.0, -456.0, -2550.0, -510.0, -1980.0, -599.0, -643.0, -2150.0, -599.0, -910.0]
[[-2390.0], [-85.9], [-261.0], [-777.0], [-522.0], [-1220.0], [-181.0], [-352.0], [-535.0], [-998.0], [-519.0], [-1000.0], [-337.0], [-420.0], [-3490.0], [-159.0], [-657.0], [-235.0], [-2160.0], [-308.0], [-965.0], [-241.0], [-235.0], [-208.0], [-779.0], [-5920.0], [-162.0], [-944.0], [-227.0], [-2780.0], [-230.0], [-227.0], [-888.0], [-887.0], [-232.0], [-734.0], [-237.0], [-227.0], [-389.0], [-106.0], [-248.0], [-613.0], [-157.0], [-1490.0], [-3740.0], [-718.0], [-3040.0], [-552.0], [-2360.0], [-1390.0], [-720.0], [-2540.0], [-1200.0], [-1000.0]]
[False, False, False, False, False, False, False, False, False, False, False, False, False, False, False, False, False, False, False, False, False, False, False, False, False, False, False, False, False, False, False, False, False, False, False, False, False, False, False, False, False, False, False, False, False, False, False, False, False, False, False, False, False, False]
[Stage 1]Gen 29:  1st stage Reward: 0, Best reward: [52992.9]
Generation 28 耗时: 7.711秒
[-622.0, -29.9, -207.0, -313.0, -448.0, -464.0, -136.0, -323.0, -358.0, -210.0, -330.0, -779.0, -320.0, -174.0, -934.0, -149.0, -396.0, -180.0, -211.0, -206.0, -188.0, -206.0, -225.0, -180.0, -447.0, -693.0, -131.0, -630.0, -196.0, -473.0, -120.0, -195.0, -601.0, -93.2, -174.0, -628.0, -102.0, -195.0, -321.0, -101.0, -131.0, -325.0, -130.0, -575.0, -3280.0, -456.0, -2550.0, -510.0, -1980.0, -599.0, -643.0, -2150.0, -599.0, -910.0]
[[-2390.0], [-85.9], [-261.0], [-777.0], [-522.0], [-1220.0], [-181.0], [-352.0], [-535.0], [-998.0], [-519.0], [-1000.0], [-337.0], [-420.0], [-3490.0], [-159.0], [-657.0], [-235.0], [-2160.0], [-308.0], [-965.0], [-241.0], [-235.0], [-208.0], [-779.0], [-5920.0], [-162.0], [-944.0], [-227.0], [-2780.0], [-230.0], [-227.0], [-888.0], [-887.0], [-232.0], [-734.0], [-237.0], [-227.0], [-389.0], [-106.0], [-248.0], [-613.0], [-157.0], [-1490.0], [-3740.0], [-718.0], [-3040.0], [-552.0], [-2360.0], [-1390.0], [-720.0], [-2540.0], [-1200.0], [-1000.0]]
[False, False, False, False, False, False, False, False, False, False, False, False, False, False, False, False, False, False, False, False, False, False, False, False, False, False, False, False, False, False, False, False, False, False, False, False, False, False, False, False, False, False, False, False, False, False, False, False, False, False, False, False, False, False]
[Stage 1]Gen 30:  1st stage Reward: 0, Best reward: [52992.9]
Generation 29 耗时: 8.428秒
[-601.0, -29.9, -207.0, -313.0, -448.0, -464.0, -136.0, -323.0, -354.0, -210.0, -326.0, -779.0, -320.0, -174.0, -934.0, -149.0, -379.0, -180.0, -211.0, -206.0, -188.0, -206.0, -225.0, -180.0, -447.0, -693.0, -131.0, -630.0, -196.0, -473.0, -120.0, -195.0, -601.0, -93.2, -173.0, -628.0, -102.0, -195.0, -321.0, -101.0, -131.0, -325.0, -130.0, -575.0, -3280.0, -456.0, -2550.0, -510.0, -1980.0, -599.0, -643.0, -2110.0, -599.0, -910.0]
[[-616.0], [-32.0], [-215.0], [-473.0], [-584.0], [-490.0], [-140.0], [-341.0], [-374.0], [-272.0], [-336.0], [-1110.0], [-6600.0], [-180.0], [-957.0], [-161.0], [-1190.0], [-1570.0], [-216.0], [-215.0], [-195.0], [-216.0], [-241.0], [-187.0], [-838.0], [-723.0], [-134.0], [-646.0], [-201.0], [-663.0], [-130.0], [-1240.0], [-1710.0], [-94.7], [-469.0], [-1320.0], [-112.0], [-522.0], [-331.0], [-103.0], [-136.0], [-2040.0], [-153.0], [-590.0], [-3450.0], [-467.0], [-2610.0], [-553.0], [-2010.0], [-611.0], [-657.0], [-2180.0], [-611.0], [-1000.0]]
[False, False, False, False, False, False, False, False, False, False, False, False, False, False, False, False, False, False, False, False, False, False, False, False, False, False, False, False, False, False, False, False, False, False, False, False, False, False, False, False, False, False, False, False, False, False, False, False, False, False, False, False, False, False]
[Stage 1]Gen 31:  1st stage Reward: 0, Best reward: [43215.7]
Generation 30 耗时: 9.105秒
[-572.0, -29.9, -207.0, -313.0, -448.0, -464.0, -136.0, -323.0, -354.0, -210.0, -326.0, -779.0, -320.0, -174.0, -934.0, -149.0, -379.0, -180.0, -211.0, -206.0, -188.0, -206.0, -225.0, -180.0, -447.0, -693.0, -131.0, -630.0, -196.0, -473.0, -120.0, -195.0, -601.0, -93.2, -173.0, -628.0, -102.0, -195.0, -321.0, -101.0, -131.0, -325.0, -130.0, -575.0, -3280.0, -456.0, -2550.0, -501.0, -1980.0, -599.0, -643.0, -2060.0, -599.0, -910.0]
[[-616.0], [-32.0], [-215.0], [-473.0], [-584.0], [-490.0], [-140.0], [-341.0], [-374.0], [-272.0], [-336.0], [-1110.0], [-6600.0], [-180.0], [-957.0], [-161.0], [-1190.0], [-1570.0], [-216.0], [-215.0], [-195.0], [-216.0], [-241.0], [-187.0], [-838.0], [-723.0], [-134.0], [-646.0], [-201.0], [-663.0], [-130.0], [-1240.0], [-1710.0], [-94.7], [-469.0], [-1320.0], [-112.0], [-522.0], [-331.0], [-103.0], [-136.0], [-2040.0], [-153.0], [-590.0], [-3450.0], [-467.0], [-2610.0], [-553.0], [-2010.0], [-611.0], [-657.0], [-2180.0], [-611.0], [-1000.0]]
[False, False, False, False, False, False, False, False, False, False, False, False, False, False, False, False, False, False, False, False, False, False, False, False, False, False, False, False, False, False, False, False, False, False, False, False, False, False, False, False, False, False, False, False, False, False, False, False, False, False, False, False, False, False]
[Stage 1]Gen 32:  1st stage Reward: 0, Best reward: [43215.7]
Generation 31 耗时: 10.045秒
[-565.0, -29.9, -207.0, -313.0, -448.0, -464.0, -136.0, -323.0, -354.0, -210.0, -326.0, -779.0, -320.0, -174.0, -934.0, -149.0, -379.0, -180.0, -211.0, -206.0, -188.0, -206.0, -225.0, -180.0, -447.0, -693.0, -131.0, -630.0, -196.0, -473.0, -120.0, -195.0, -601.0, -93.2, -173.0, -628.0, -102.0, -195.0, -321.0, -101.0, -122.0, -325.0, -130.0, -575.0, -3280.0, -456.0, -2550.0, -480.0, -1980.0, -599.0, -643.0, -2060.0, -599.0, -910.0]
[[-616.0], [-32.0], [-215.0], [-473.0], [-584.0], [-490.0], [-140.0], [-341.0], [-374.0], [-272.0], [-336.0], [-1110.0], [-6600.0], [-180.0], [-957.0], [-161.0], [-1190.0], [-1570.0], [-216.0], [-215.0], [-195.0], [-216.0], [-241.0], [-187.0], [-838.0], [-723.0], [-134.0], [-646.0], [-201.0], [-663.0], [-130.0], [-1240.0], [-1710.0], [-94.7], [-469.0], [-1320.0], [-112.0], [-522.0], [-331.0], [-103.0], [-136.0], [-2040.0], [-153.0], [-590.0], [-3450.0], [-467.0], [-2610.0], [-553.0], [-2010.0], [-611.0], [-657.0], [-2180.0], [-611.0], [-1000.0]]
[False, False, False, False, False, False, False, False, False, False, False, False, False, False, True, False, False, False, False, False, False, False, False, False, False, False, False, False, False, False, False, False, False, False, False, False, False, False, False, False, False, False, False, False, True, False, True, False, True, False, False, True, False, True]
[Stage 1]Gen 33:  1st stage Reward: 0, Best reward: [43215.7]
Generation 32 耗时: 10.146秒
[-555.0, -29.9, -207.0, -313.0, -448.0, -464.0, -136.0, -323.0, -354.0, -210.0, -326.0, -779.0, -320.0, -174.0, -934.0, -149.0, -379.0, -180.0, -211.0, -206.0, -188.0, -206.0, -225.0, -180.0, -447.0, -693.0, -131.0, -630.0, -196.0, -473.0, -120.0, -195.0, -601.0, -93.2, -173.0, -628.0, -102.0, -195.0, -321.0, -101.0, -120.0, -325.0, -130.0, -575.0, -3280.0, -456.0, -2550.0, -480.0, -1980.0, -599.0, -643.0, -2060.0, -599.0, -910.0]
[[-616.0], [-32.0], [-215.0], [-473.0], [-584.0], [-490.0], [-140.0], [-341.0], [-374.0], [-272.0], [-336.0], [-1110.0], [-6600.0], [-180.0], [-957.0], [-161.0], [-1190.0], [-1570.0], [-216.0], [-215.0], [-195.0], [-216.0], [-241.0], [-187.0], [-838.0], [-723.0], [-134.0], [-646.0], [-201.0], [-663.0], [-130.0], [-1240.0], [-1710.0], [-94.7], [-469.0], [-1320.0], [-112.0], [-522.0], [-331.0], [-103.0], [-136.0], [-2040.0], [-153.0], [-590.0], [-3450.0], [-467.0], [-2610.0], [-553.0], [-2010.0], [-611.0], [-657.0], [-2180.0], [-611.0], [-1000.0]]
[False, False, False, False, False, False, False, False, False, False, False, False, False, False, True, False, False, False, False, False, False, False, False, False, False, False, False, False, False, False, False, False, False, False, False, False, False, False, False, False, False, False, False, False, True, False, True, False, True, False, False, True, False, True]
[Stage 1]Gen 34:  1st stage Reward: 0, Best reward: [43215.7]
Generation 33 耗时: 9.689秒
[-555.0, -29.9, -207.0, -313.0, -448.0, -464.0, -136.0, -323.0, -354.0, -210.0, -326.0, -779.0, -320.0, -174.0, -934.0, -149.0, -379.0, -180.0, -211.0, -206.0, -188.0, -206.0, -225.0, -180.0, -447.0, -692.0, -131.0, -630.0, -196.0, -451.0, -120.0, -195.0, -582.0, -93.2, -161.0, -628.0, -102.0, -195.0, -321.0, -101.0, -120.0, -325.0, -130.0, -575.0, -3280.0, -456.0, -2550.0, -480.0, -1980.0, -599.0, -643.0, -2060.0, -599.0, -910.0]
[[-616.0], [-32.0], [-215.0], [-473.0], [-584.0], [-490.0], [-140.0], [-341.0], [-374.0], [-272.0], [-336.0], [-1110.0], [-6600.0], [-180.0], [-957.0], [-161.0], [-1190.0], [-1570.0], [-216.0], [-215.0], [-195.0], [-216.0], [-241.0], [-187.0], [-838.0], [-723.0], [-134.0], [-646.0], [-201.0], [-663.0], [-130.0], [-1240.0], [-1710.0], [-94.7], [-469.0], [-1320.0], [-112.0], [-522.0], [-331.0], [-103.0], [-136.0], [-2040.0], [-153.0], [-590.0], [-3450.0], [-467.0], [-2610.0], [-553.0], [-2010.0], [-611.0], [-657.0], [-2180.0], [-611.0], [-1000.0]]
[False, False, False, False, False, False, False, False, False, False, False, False, False, False, True, False, False, False, False, False, False, False, False, False, False, False, False, False, False, False, False, False, False, False, False, False, False, False, False, False, False, False, False, False, True, False, True, False, True, False, False, True, False, True]
[Stage 1]Gen 35:  1st stage Reward: 0, Best reward: [43215.7]
Generation 34 耗时: 9.595秒
[-554.0, -29.9, -207.0, -313.0, -448.0, -464.0, -136.0, -323.0, -354.0, -210.0, -326.0, -779.0, -320.0, -174.0, -934.0, -149.0, -379.0, -180.0, -211.0, -112.0, -188.0, -206.0, -225.0, -180.0, -447.0, -690.0, -131.0, -630.0, -196.0, -434.0, -120.0, -195.0, -572.0, -93.2, -158.0, -628.0, -102.0, -195.0, -321.0, -101.0, -120.0, -325.0, -130.0, -575.0, -3280.0, -456.0, -2550.0, -480.0, -1980.0, -599.0, -643.0, -2060.0, -599.0, -910.0]
[[-576.0], [-41.1], [-221.0], [-333.0], [-643.0], [-498.0], [-324.0], [-1210.0], [-1110.0], [-693.0], [-341.0], [-824.0], [-358.0], [-618.0], [-977.0], [-192.0], [-460.0], [-190.0], [-220.0], [-112.0], [-199.0], [-220.0], [-701.0], [-191.0], [-473.0], [-2780.0], [-148.0], [-660.0], [-206.0], [-2550.0], [-354.0], [-206.0], [-1950.0], [-97.1], [-174.0], [-671.0], [-113.0], [-206.0], [-351.0], [-436.0], [-126.0], [-357.0], [-138.0], [-605.0], [-3510.0], [-487.0], [-2650.0], [-1900.0], [-2050.0], [-622.0], [-669.0], [-2140.0], [-622.0], [-942.0]]
[False, False, False, False, False, False, False, False, False, False, False, False, False, False, True, False, False, False, False, False, False, False, False, False, False, False, False, False, False, False, False, False, False, False, False, False, False, False, False, False, False, False, False, False, True, False, True, False, True, False, False, True, False, True]
[Stage 1]Gen 36:  1st stage Reward: 0, Best reward: [39445.2]
Generation 35 耗时: 8.804秒
[-554.0, -29.9, -207.0, -313.0, -448.0, -464.0, -136.0, -323.0, -354.0, -210.0, -326.0, -779.0, -320.0, -174.0, -934.0, -149.0, -379.0, -180.0, -211.0, -111.0, -188.0, -206.0, -225.0, -180.0, -447.0, -690.0, -131.0, -630.0, -196.0, -434.0, -120.0, -195.0, -572.0, -93.2, -158.0, -628.0, -102.0, -195.0, -321.0, -94.5, -120.0, -325.0, -130.0, -575.0, -3280.0, -456.0, -2550.0, -480.0, -1980.0, -599.0, -643.0, -2060.0, -599.0, -910.0]
[[-576.0], [-41.1], [-221.0], [-333.0], [-643.0], [-498.0], [-324.0], [-1210.0], [-1110.0], [-693.0], [-341.0], [-824.0], [-358.0], [-618.0], [-977.0], [-192.0], [-460.0], [-190.0], [-220.0], [-112.0], [-199.0], [-220.0], [-701.0], [-191.0], [-473.0], [-2780.0], [-148.0], [-660.0], [-206.0], [-2550.0], [-354.0], [-206.0], [-1950.0], [-97.1], [-174.0], [-671.0], [-113.0], [-206.0], [-351.0], [-436.0], [-126.0], [-357.0], [-138.0], [-605.0], [-3510.0], [-487.0], [-2650.0], [-1900.0], [-2050.0], [-622.0], [-669.0], [-2140.0], [-622.0], [-942.0]]
[False, False, False, False, False, False, False, False, False, False, False, True, False, False, True, False, False, False, False, False, False, False, False, False, False, False, False, False, False, False, False, False, False, False, False, False, False, False, False, False, False, False, False, False, True, False, True, False, True, False, False, True, False, True]
[Stage 1]Gen 37:  1st stage Reward: 0, Best reward: [39445.2]
Generation 36 耗时: 9.335秒
[-554.0, -29.9, -207.0, -313.0, -448.0, -464.0, -136.0, -323.0, -354.0, -210.0, -326.0, -779.0, -320.0, -174.0, -934.0, -149.0, -379.0, -180.0, -211.0, -111.0, -188.0, -206.0, -225.0, -180.0, -447.0, -690.0, -131.0, -630.0, -196.0, -434.0, -120.0, -195.0, -572.0, -93.2, -158.0, -628.0, -102.0, -195.0, -321.0, -91.9, -120.0, -307.0, -130.0, -575.0, -3280.0, -456.0, -2550.0, -480.0, -1980.0, -599.0, -643.0, -2060.0, -599.0, -910.0]
[[-576.0], [-41.1], [-221.0], [-333.0], [-643.0], [-498.0], [-324.0], [-1210.0], [-1110.0], [-693.0], [-341.0], [-824.0], [-358.0], [-618.0], [-977.0], [-192.0], [-460.0], [-190.0], [-220.0], [-112.0], [-199.0], [-220.0], [-701.0], [-191.0], [-473.0], [-2780.0], [-148.0], [-660.0], [-206.0], [-2550.0], [-354.0], [-206.0], [-1950.0], [-97.1], [-174.0], [-671.0], [-113.0], [-206.0], [-351.0], [-436.0], [-126.0], [-357.0], [-138.0], [-605.0], [-3510.0], [-487.0], [-2650.0], [-1900.0], [-2050.0], [-622.0], [-669.0], [-2140.0], [-622.0], [-942.0]]
[False, False, False, False, False, False, False, False, False, False, False, True, False, False, True, False, False, False, False, False, False, False, False, False, False, False, False, False, False, False, False, False, False, False, False, False, False, False, False, False, False, False, False, False, True, False, True, False, True, False, False, True, False, True]
[Stage 1]Gen 38:  1st stage Reward: 0, Best reward: [39445.2]
Generation 37 耗时: 9.498秒
[-554.0, -29.9, -207.0, -313.0, -448.0, -464.0, -136.0, -323.0, -354.0, -210.0, -326.0, -779.0, -320.0, -174.0, -934.0, -149.0, -379.0, -180.0, -211.0, -111.0, -188.0, -206.0, -225.0, -180.0, -447.0, -690.0, -131.0, -630.0, -196.0, -434.0, -120.0, -195.0, -572.0, -93.2, -158.0, -628.0, -102.0, -195.0, -321.0, -91.9, -120.0, -299.0, -130.0, -575.0, -3280.0, -456.0, -2550.0, -480.0, -1980.0, -599.0, -643.0, -2060.0, -599.0, -910.0]
[[-576.0], [-41.1], [-221.0], [-333.0], [-643.0], [-498.0], [-324.0], [-1210.0], [-1110.0], [-693.0], [-341.0], [-824.0], [-358.0], [-618.0], [-977.0], [-192.0], [-460.0], [-190.0], [-220.0], [-112.0], [-199.0], [-220.0], [-701.0], [-191.0], [-473.0], [-2780.0], [-148.0], [-660.0], [-206.0], [-2550.0], [-354.0], [-206.0], [-1950.0], [-97.1], [-174.0], [-671.0], [-113.0], [-206.0], [-351.0], [-436.0], [-126.0], [-357.0], [-138.0], [-605.0], [-3510.0], [-487.0], [-2650.0], [-1900.0], [-2050.0], [-622.0], [-669.0], [-2140.0], [-622.0], [-942.0]]
[False, False, False, False, False, False, False, False, False, False, False, True, False, False, True, False, False, False, False, False, False, False, False, False, False, False, False, False, False, False, False, False, False, False, False, False, False, False, False, False, False, False, False, False, True, False, True, False, True, False, False, True, False, True]
[Stage 1]Gen 39:  1st stage Reward: 0, Best reward: [39445.2]
Generation 38 耗时: 10.277秒
[-554.0, -29.9, -207.0, -313.0, -448.0, -464.0, -136.0, -323.0, -354.0, -210.0, -326.0, -779.0, -320.0, -174.0, -934.0, -149.0, -379.0, -180.0, -211.0, -111.0, -188.0, -206.0, -225.0, -180.0, -447.0, -690.0, -131.0, -630.0, -196.0, -434.0, -120.0, -195.0, -572.0, -93.2, -158.0, -628.0, -102.0, -195.0, -321.0, -91.9, -120.0, -299.0, -130.0, -575.0, -3280.0, -456.0, -2550.0, -480.0, -1980.0, -599.0, -643.0, -2060.0, -599.0, -910.0]
[[-576.0], [-41.1], [-221.0], [-333.0], [-643.0], [-498.0], [-324.0], [-1210.0], [-1110.0], [-693.0], [-341.0], [-824.0], [-358.0], [-618.0], [-977.0], [-192.0], [-460.0], [-190.0], [-220.0], [-112.0], [-199.0], [-220.0], [-701.0], [-191.0], [-473.0], [-2780.0], [-148.0], [-660.0], [-206.0], [-2550.0], [-354.0], [-206.0], [-1950.0], [-97.1], [-174.0], [-671.0], [-113.0], [-206.0], [-351.0], [-436.0], [-126.0], [-357.0], [-138.0], [-605.0], [-3510.0], [-487.0], [-2650.0], [-1900.0], [-2050.0], [-622.0], [-669.0], [-2140.0], [-622.0], [-942.0]]
[False, False, False, False, False, False, False, False, False, False, False, True, False, False, True, False, False, False, False, False, False, False, False, False, False, False, False, False, False, False, False, False, False, False, False, False, False, False, False, False, False, False, False, False, True, False, True, False, True, False, False, True, False, True]
[Stage 1]Gen 40:  1st stage Reward: 0, Best reward: [39445.2]
Generation 39 耗时: 9.659秒
耗时:  338.6413381099701
{'arch': {'arithmetic': {'instances': 1024, 'word-bits': 8}, 'storage': [{'name': 'Registers', 'entries': 1, 'instances': 1024, 'word-bits': 8, 'cluster-size': 1, 'num-ports': 2, 'num-banks': 8}, {'name': 'AccumulationBuffer', 'entries': 3072, 'instances': 16, 'word-bits': 24, 'cluster-size': 1, 'network-word-bits': 16, 'num-ports': 2, 'num-banks': 2}, {'name': 'WeightBuffer', 'entries': 32768, 'instances': 16, 'word-bits': 8, 'block-size': 4, 'num-ports': 1, 'num-banks': 8}, {'name': 'InputBuffer', 'entries': 8192, 'instances': 16, 'word-bits': 8, 'block-size': 4, 'num-ports': 2, 'num-banks': 1}, {'name': 'GlobalBuffer', 'entries': 65536, 'instances': 1, 'word-bits': 8, 'block-size': 8, 'num-ports': 2, 'num-banks': 256}, {'name': 'DRAM', 'technology': 'DRAM', 'instances': 1, 'word-bits': 8, 'block-size': 64, 'bandwidth': 1}]}}
['DRAM', 'GlobalBuffer', 'InputBuffer', 'WeightBuffer', 'AccumulationBuffer', 'Registers'] [1, 1, 16, 16, 16, 1024, 1024] [inf, 65536, 8192, 32768, 3072, 1]
[1, 16, 1, 1, 64, 1]
20
[-169.0, -2950.0, -820.0, -962.0, -1100.0, -300000.0, -58100.0, -3510.0]
[[-1300.0], [-43300.0], [-22600.0], [-3320.0], [-1100.0], [-317000.0], [-62500.0], [-4600.0]]
[False, False, False, False, False, False, False, False]
[Stage 1]Gen 1:  1st stage Reward: 0, Best reward: [455720.]
Generation 0 耗时: 1.855秒
[-114.0, -2870.0, -540.0, -742.0, -365.0, -296000.0, -58100.0, -3500.0]
[[-114.0], [-4270.0], [-1870.0], [-938.0], [-678.0], [-296000.0], [-58600.0], [-3730.0]]
[False, False, False, False, False, False, False, False]
[Stage 1]Gen 2:  1st stage Reward: 0, Best reward: [366200.]
Generation 1 耗时: 1.458秒
[-96.7, -900.0, -538.0, -741.0, -333.0, -296000.0, -58100.0, -3500.0]
[[-114.0], [-3690.0], [-1870.0], [-938.0], [-678.0], [-296000.0], [-58600.0], [-3900.0]]
[False, False, False, False, False, False, False, False]
[Stage 1]Gen 3:  1st stage Reward: 0, Best reward: [365790.]
Generation 2 耗时: 1.272秒
[-95.8, -579.0, -538.0, -739.0, -333.0, -296000.0, -58100.0, -3500.0]
[[-95.8], [-2220.0], [-999.0], [-813.0], [-394.0], [-298000.0], [-58900.0], [-4080.0]]
[False, False, False, False, False, False, False, False]
[Stage 1]Gen 4:  1st stage Reward: 0, Best reward: [365501.8]
Generation 3 耗时: 1.428秒
[-80.8, -579.0, -492.0, -737.0, -333.0, -295000.0, -58100.0, -3500.0]
[[-2020.0], [-710.0], [-1170.0], [-743.0], [-361.0], [-295000.0], [-58200.0], [-3840.0]]
[False, False, False, False, False, False, False, False]
[Stage 1]Gen 5:  1st stage Reward: 0, Best reward: [362044.]
Generation 4 耗时: 1.418秒
[-80.8, -575.0, -492.0, -737.0, -333.0, -295000.0, -58100.0, -3470.0]
[[-2020.0], [-710.0], [-1170.0], [-743.0], [-361.0], [-295000.0], [-58200.0], [-3840.0]]
[False, False, False, False, False, False, False, False]
[Stage 1]Gen 6:  1st stage Reward: 0, Best reward: [362044.]
Generation 5 耗时: 1.463秒
[-80.8, -575.0, -492.0, -737.0, -325.0, -295000.0, -58100.0, -3470.0]
[[-2020.0], [-710.0], [-1170.0], [-743.0], [-361.0], [-295000.0], [-58200.0], [-3840.0]]
[False, False, False, False, False, False, False, False]
[Stage 1]Gen 7:  1st stage Reward: 0, Best reward: [362044.]
Generation 6 耗时: 1.312秒
[-80.4, -575.0, -492.0, -737.0, -325.0, -295000.0, -58100.0, -3470.0]
[[-2020.0], [-710.0], [-1170.0], [-743.0], [-361.0], [-295000.0], [-58200.0], [-3840.0]]
[False, False, False, False, False, False, False, False]
[Stage 1]Gen 8:  1st stage Reward: 0, Best reward: [362044.]
Generation 7 耗时: 1.455秒
[-79.7, -575.0, -492.0, -737.0, -325.0, -295000.0, -58100.0, -3470.0]
[[-2020.0], [-710.0], [-1170.0], [-743.0], [-361.0], [-295000.0], [-58200.0], [-3840.0]]
[False, False, False, False, False, False, False, False]
[Stage 1]Gen 9:  1st stage Reward: 0, Best reward: [362044.]
Generation 8 耗时: 1.475秒
[-79.7, -575.0, -492.0, -737.0, -325.0, -295000.0, -58100.0, -3470.0]
[[-2020.0], [-710.0], [-1170.0], [-743.0], [-361.0], [-295000.0], [-58200.0], [-3840.0]]
[False, False, False, False, False, False, False, False]
[Stage 1]Gen 10:  1st stage Reward: 0, Best reward: [362044.]
Generation 9 耗时: 1.522秒
[-71.1, -564.0, -373.0, -737.0, -323.0, -294000.0, -58100.0, -3470.0]
[[-2020.0], [-710.0], [-1170.0], [-743.0], [-361.0], [-295000.0], [-58200.0], [-3840.0]]
[False, False, False, False, False, False, False, False]
[Stage 1]Gen 11:  1st stage Reward: 0, Best reward: [362044.]
Generation 10 耗时: 1.748秒
[-71.0, -564.0, -372.0, -735.0, -323.0, -294000.0, -58100.0, -3470.0]
[[-79.5], [-805.0], [-387.0], [-747.0], [-365.0], [-295000.0], [-58200.0], [-3480.0]]
[False, False, False, False, False, False, False, False]
[Stage 1]Gen 12:  1st stage Reward: 0, Best reward: [359063.5]
Generation 11 耗时: 1.561秒
[-70.2, -564.0, -372.0, -731.0, -323.0, -294000.0, -58100.0, -3470.0]
[[-78.1], [-803.0], [-385.0], [-732.0], [-359.0], [-295000.0], [-58200.0], [-3470.0]]
[False, False, False, False, False, False, False, False]
[Stage 1]Gen 13:  1st stage Reward: 0, Best reward: [359027.1]
Generation 12 耗时: 1.341秒
[-69.7, -564.0, -372.0, -722.0, -323.0, -294000.0, -58100.0, -3470.0]
[[-78.1], [-803.0], [-385.0], [-732.0], [-359.0], [-295000.0], [-58200.0], [-3470.0]]
[False, False, False, False, False, False, False, False]
[Stage 1]Gen 14:  1st stage Reward: 0, Best reward: [359027.1]
Generation 13 耗时: 1.488秒
[-69.7, -564.0, -372.0, -722.0, -323.0, -294000.0, -58100.0, -3470.0]
[[-78.1], [-803.0], [-385.0], [-732.0], [-359.0], [-295000.0], [-58200.0], [-3470.0]]
[False, False, False, False, False, False, False, False]
[Stage 1]Gen 15:  1st stage Reward: 0, Best reward: [359027.1]
Generation 14 耗时: 1.444秒
[-66.6, -564.0, -372.0, -722.0, -323.0, -294000.0, -58100.0, -3470.0]
[[-78.1], [-803.0], [-385.0], [-732.0], [-359.0], [-295000.0], [-58200.0], [-3470.0]]
[False, False, False, False, False, False, False, False]
[Stage 1]Gen 16:  1st stage Reward: 0, Best reward: [359027.1]
Generation 15 耗时: 1.379秒
[-66.4, -564.0, -372.0, -722.0, -323.0, -294000.0, -58100.0, -3470.0]
[[-78.1], [-803.0], [-385.0], [-732.0], [-359.0], [-295000.0], [-58200.0], [-3470.0]]
[False, False, False, False, False, False, False, False]
[Stage 1]Gen 17:  1st stage Reward: 0, Best reward: [359027.1]
Generation 16 耗时: 1.415秒
[-66.4, -564.0, -372.0, -722.0, -323.0, -294000.0, -58100.0, -3470.0]
[[-78.1], [-803.0], [-385.0], [-732.0], [-359.0], [-295000.0], [-58200.0], [-3470.0]]
[False, False, False, False, False, False, False, False]
[Stage 1]Gen 18:  1st stage Reward: 0, Best reward: [359027.1]
Generation 17 耗时: 1.416秒
[-63.9, -564.0, -372.0, -722.0, -323.0, -294000.0, -58100.0, -3470.0]
[[-78.1], [-803.0], [-385.0], [-732.0], [-359.0], [-295000.0], [-58200.0], [-3470.0]]
[False, False, False, False, False, False, False, False]
[Stage 1]Gen 19:  1st stage Reward: 0, Best reward: [359027.1]
Generation 18 耗时: 1.381秒
[-63.7, -564.0, -372.0, -722.0, -323.0, -294000.0, -58100.0, -3470.0]
[[-72.6], [-803.0], [-385.0], [-732.0], [-359.0], [-295000.0], [-58200.0], [-3470.0]]
[False, False, False, False, False, False, False, False]
[Stage 1]Gen 20:  1st stage Reward: 0, Best reward: [359021.6]
Generation 19 耗时: 1.471秒
[-63.7, -564.0, -372.0, -722.0, -323.0, -294000.0, -58100.0, -3470.0]
[[-72.6], [-803.0], [-385.0], [-732.0], [-359.0], [-295000.0], [-58200.0], [-3470.0]]
[False, False, False, False, False, False, False, False]
[Stage 1]Gen 21:  1st stage Reward: 0, Best reward: [359021.6]
Generation 20 耗时: 1.505秒
[-63.2, -564.0, -367.0, -673.0, -323.0, -294000.0, -58000.0, -3460.0]
[[-72.6], [-803.0], [-385.0], [-732.0], [-359.0], [-295000.0], [-58200.0], [-3470.0]]
[False, False, False, False, False, False, False, False]
[Stage 1]Gen 22:  1st stage Reward: 0, Best reward: [359021.6]
Generation 21 耗时: 1.532秒
[-61.6, -564.0, -367.0, -673.0, -323.0, -294000.0, -58000.0, -3460.0]
[[-72.6], [-803.0], [-385.0], [-732.0], [-359.0], [-295000.0], [-58200.0], [-3470.0]]
[False, False, False, False, False, False, False, False]
[Stage 1]Gen 23:  1st stage Reward: 0, Best reward: [359021.6]
Generation 22 耗时: 1.596秒
[-60.7, -564.0, -367.0, -673.0, -323.0, -294000.0, -58000.0, -3460.0]
[[-72.6], [-803.0], [-385.0], [-732.0], [-359.0], [-295000.0], [-58200.0], [-3470.0]]
[False, False, False, False, False, False, False, False]
[Stage 1]Gen 24:  1st stage Reward: 0, Best reward: [359021.6]
Generation 23 耗时: 1.609秒
[-54.7, -564.0, -367.0, -673.0, -322.0, -294000.0, -58000.0, -3460.0]
[[-72.6], [-803.0], [-385.0], [-732.0], [-359.0], [-295000.0], [-58200.0], [-3470.0]]
[False, False, False, False, False, False, False, False]
[Stage 1]Gen 25:  1st stage Reward: 0, Best reward: [359021.6]
Generation 24 耗时: 1.443秒
[-54.7, -564.0, -367.0, -673.0, -322.0, -294000.0, -58000.0, -3460.0]
[[-72.6], [-803.0], [-385.0], [-732.0], [-359.0], [-295000.0], [-58200.0], [-3470.0]]
[False, False, False, False, False, False, False, False]
[Stage 1]Gen 26:  1st stage Reward: 0, Best reward: [359021.6]
Generation 25 耗时: 1.427秒
[-54.7, -564.0, -367.0, -673.0, -322.0, -294000.0, -58000.0, -3460.0]
[[-72.6], [-803.0], [-385.0], [-732.0], [-359.0], [-295000.0], [-58200.0], [-3470.0]]
[False, False, False, False, False, False, False, False]
[Stage 1]Gen 27:  1st stage Reward: 0, Best reward: [359021.6]
Generation 26 耗时: 1.502秒
[-54.7, -564.0, -367.0, -673.0, -322.0, -294000.0, -58000.0, -3460.0]
[[-72.6], [-803.0], [-385.0], [-732.0], [-359.0], [-295000.0], [-58200.0], [-3470.0]]
[False, False, False, False, False, False, False, False]
[Stage 1]Gen 28:  1st stage Reward: 0, Best reward: [359021.6]
Generation 27 耗时: 1.687秒
[-54.7, -564.0, -367.0, -673.0, -322.0, -294000.0, -58000.0, -3460.0]
[[-72.6], [-803.0], [-385.0], [-732.0], [-359.0], [-295000.0], [-58200.0], [-3470.0]]
[False, False, False, False, False, False, False, False]
[Stage 1]Gen 29:  1st stage Reward: 0, Best reward: [359021.6]
Generation 28 耗时: 1.542秒
[-54.7, -564.0, -366.0, -660.0, -321.0, -294000.0, -58000.0, -3460.0]
[[-72.6], [-803.0], [-385.0], [-732.0], [-359.0], [-295000.0], [-58200.0], [-3470.0]]
[False, False, False, False, False, False, False, False]
[Stage 1]Gen 30:  1st stage Reward: 0, Best reward: [359021.6]
Generation 29 耗时: 1.512秒
[-54.7, -564.0, -366.0, -660.0, -316.0, -294000.0, -58000.0, -3460.0]
[[-72.6], [-803.0], [-385.0], [-732.0], [-359.0], [-295000.0], [-58200.0], [-3470.0]]
[False, False, False, False, False, False, False, False]
[Stage 1]Gen 31:  1st stage Reward: 0, Best reward: [359021.6]
Generation 30 耗时: 1.480秒
[-53.4, -564.0, -366.0, -660.0, -316.0, -294000.0, -58000.0, -3460.0]
[[-72.6], [-803.0], [-385.0], [-732.0], [-359.0], [-295000.0], [-58200.0], [-3470.0]]
[False, False, False, False, False, False, False, False]
[Stage 1]Gen 32:  1st stage Reward: 0, Best reward: [359021.6]
Generation 31 耗时: 1.537秒
[-53.4, -564.0, -366.0, -660.0, -308.0, -294000.0, -58000.0, -3460.0]
[[-72.6], [-803.0], [-385.0], [-732.0], [-359.0], [-295000.0], [-58200.0], [-3470.0]]
[False, False, False, False, False, True, True, False]
[Stage 1]Gen 33:  1st stage Reward: 0, Best reward: [359021.6]
Generation 32 耗时: 1.485秒
[-53.4, -564.0, -366.0, -660.0, -308.0, -294000.0, -58000.0, -3460.0]
[[-72.6], [-803.0], [-385.0], [-732.0], [-359.0], [-295000.0], [-58200.0], [-3470.0]]
[False, False, False, False, False, True, True, False]
[Stage 1]Gen 34:  1st stage Reward: 0, Best reward: [359021.6]
Generation 33 耗时: 1.555秒
[-53.4, -564.0, -366.0, -660.0, -275.0, -294000.0, -58000.0, -3460.0]
[[-72.6], [-803.0], [-385.0], [-732.0], [-359.0], [-295000.0], [-58200.0], [-3470.0]]
[False, False, False, False, False, True, True, False]
[Stage 1]Gen 35:  1st stage Reward: 0, Best reward: [359021.6]
Generation 34 耗时: 1.653秒
[-53.4, -564.0, -366.0, -660.0, -270.0, -294000.0, -58000.0, -3460.0]
[[-72.6], [-803.0], [-385.0], [-732.0], [-359.0], [-295000.0], [-58200.0], [-3470.0]]
[False, False, False, False, False, True, True, False]
[Stage 1]Gen 36:  1st stage Reward: 0, Best reward: [359021.6]
Generation 35 耗时: 1.773秒
[-53.4, -564.0, -366.0, -660.0, -267.0, -294000.0, -58000.0, -3460.0]
[[-72.6], [-803.0], [-385.0], [-732.0], [-359.0], [-295000.0], [-58200.0], [-3470.0]]
[False, False, False, False, False, True, True, False]
[Stage 1]Gen 37:  1st stage Reward: 0, Best reward: [359021.6]
Generation 36 耗时: 1.963秒
[-53.4, -564.0, -366.0, -660.0, -266.0, -294000.0, -58000.0, -3460.0]
[[-72.6], [-803.0], [-385.0], [-732.0], [-359.0], [-295000.0], [-58200.0], [-3470.0]]
[False, False, False, False, False, True, True, False]
[Stage 1]Gen 38:  1st stage Reward: 0, Best reward: [359021.6]
Generation 37 耗时: 1.788秒
[-53.4, -564.0, -366.0, -660.0, -266.0, -294000.0, -58000.0, -3460.0]
[[-72.6], [-803.0], [-385.0], [-732.0], [-359.0], [-295000.0], [-58200.0], [-3470.0]]
[False, False, False, False, False, True, True, False]
[Stage 1]Gen 39:  1st stage Reward: 0, Best reward: [359021.6]
Generation 38 耗时: 1.609秒
[-53.4, -564.0, -366.0, -660.0, -263.0, -294000.0, -58000.0, -3460.0]
[[-72.6], [-803.0], [-385.0], [-732.0], [-359.0], [-295000.0], [-58200.0], [-3470.0]]
[False, False, False, False, False, True, True, False]
[Stage 1]Gen 40:  1st stage Reward: 0, Best reward: [359021.6]
Generation 39 耗时: 1.580秒
耗时:  61.538047313690186
{'arch': {'arithmetic': {'instances': 1024, 'word-bits': 8}, 'storage': [{'name': 'Registers', 'entries': 1, 'instances': 1024, 'word-bits': 8, 'cluster-size': 1, 'num-ports': 2, 'num-banks': 8}, {'name': 'AccumulationBuffer', 'entries': 3072, 'instances': 16, 'word-bits': 24, 'cluster-size': 1, 'network-word-bits': 16, 'num-ports': 2, 'num-banks': 2}, {'name': 'WeightBuffer', 'entries': 32768, 'instances': 16, 'word-bits': 8, 'block-size': 4, 'num-ports': 1, 'num-banks': 8}, {'name': 'InputBuffer', 'entries': 8192, 'instances': 16, 'word-bits': 8, 'block-size': 4, 'num-ports': 2, 'num-banks': 1}, {'name': 'GlobalBuffer', 'entries': 65536, 'instances': 1, 'word-bits': 8, 'block-size': 8, 'num-ports': 2, 'num-banks': 256}, {'name': 'DRAM', 'technology': 'DRAM', 'instances': 1, 'word-bits': 8, 'block-size': 64, 'bandwidth': 1}]}}
['DRAM', 'GlobalBuffer', 'InputBuffer', 'WeightBuffer', 'AccumulationBuffer', 'Registers'] [1, 1, 16, 16, 16, 1024, 1024] [inf, 65536, 8192, 32768, 3072, 1]
[1, 16, 1, 1, 64, 1]
20
[-12000.0, -31300.0, -29900.0, -163000.0, -13000.0, -74800.0, -251000.0, -56500.0, -77700.0, -460000.0, -10400.0, -25500.0, -32900.0, -2340000.0, -65300.0, -3680.0]
[[-22800.0], [-1350000.0], [-15300000.0], [-605000.0], [-2600000.0], [-558000.0], [-251000.0], [-180000.0], [-14100000.0], [-1080000.0], [-550000.0], [-119000.0], [-872000.0], [-2870000.0], [-65300.0], [-5290.0]]
[False, False, False, False, False, False, False, False, False, False, False, False, False, False, False, False]
[Stage 1]Gen 1:  1st stage Reward: 0, Best reward: [40528390.]
Generation 0 耗时: 2.932秒
[-7400.0, -27800.0, -18900.0, -52000.0, -9440.0, -61800.0, -155000.0, -35000.0, -46800.0, -126000.0, -8860.0, -8600.0, -18700.0, -2240000.0, -61400.0, -3480.0]
[[-12900.0], [-28900.0], [-28400.0], [-57900.0], [-17500.0], [-359000.0], [-300000.0], [-69800.0], [-75200.0], [-224000.0], [-421000.0], [-31400.0], [-32300.0], [-2340000.0], [-67500.0], [-4030.0]]
[False, False, False, False, False, False, False, False, False, False, False, False, False, False, False, False]
[Stage 1]Gen 2:  1st stage Reward: 0, Best reward: [4069830.]
Generation 1 耗时: 3.039秒
[-6380.0, -24700.0, -7680.0, -41600.0, -9360.0, -42800.0, -148000.0, -10200.0, -46800.0, -68200.0, -8860.0, -8600.0, -14900.0, -2240000.0, -61400.0, -3480.0]
[[-6380.0], [-29000.0], [-29800.0], [-52000.0], [-17500.0], [-173000.0], [-302000.0], [-36300.0], [-79800.0], [-156000.0], [-10100.0], [-31400.0], [-18100.0], [-2360000.0], [-67900.0], [-3700.0]]
[False, False, False, False, False, False, False, False, False, False, False, False, False, False, False, False]
[Stage 1]Gen 3:  1st stage Reward: 0, Best reward: [3372980.]
Generation 2 耗时: 3.725秒
[-5630.0, -21500.0, -6180.0, -21300.0, -8460.0, -31900.0, -138000.0, -8280.0, -46800.0, -49000.0, -7820.0, -7240.0, -10200.0, -2230000.0, -61400.0, -3480.0]
[[-6380.0], [-29000.0], [-29800.0], [-52000.0], [-17500.0], [-173000.0], [-302000.0], [-36300.0], [-79800.0], [-156000.0], [-10100.0], [-31400.0], [-18100.0], [-2360000.0], [-67900.0], [-3700.0]]
[False, False, False, False, False, False, False, False, False, False, False, False, False, False, False, False]
[Stage 1]Gen 4:  1st stage Reward: 0, Best reward: [3372980.]
Generation 3 耗时: 3.461秒
[-5410.0, -21500.0, -6180.0, -21300.0, -6160.0, -17700.0, -138000.0, -6970.0, -39000.0, -37600.0, -7820.0, -7240.0, -9070.0, -2220000.0, -61400.0, -3480.0]
[[-71000.0], [-47400.0], [-63000.0], [-22000.0], [-7830.0], [-25600.0], [-219000.0], [-8260.0], [-141000.0], [-49200.0], [-8330.0], [-7770.0], [-11800.0], [-2250000.0], [-63500.0], [-3570.0]]
[False, False, False, False, False, False, False, False, False, False, False, False, False, False, False, False]
[Stage 1]Gen 5:  1st stage Reward: 0, Best reward: [2999260.]
Generation 4 耗时: 3.340秒
[-5410.0, -21500.0, -6180.0, -19600.0, -6160.0, -14100.0, -138000.0, -6970.0, -39000.0, -25200.0, -7470.0, -6900.0, -8530.0, -2220000.0, -61400.0, -3480.0]
[[-6300.0], [-24300.0], [-7370.0], [-26700.0], [-48600.0], [-15200.0], [-300000.0], [-9720.0], [-55400.0], [-32400.0], [-9550.0], [-8640.0], [-8530.0], [-2350000.0], [-67300.0], [-3890.0]]
[False, False, False, False, False, False, False, False, False, False, False, False, False, False, False, False]
[Stage 1]Gen 6:  1st stage Reward: 0, Best reward: [2973900.]
Generation 5 耗时: 3.829秒
[-5410.0, -21500.0, -6180.0, -19600.0, -6160.0, -14100.0, -71200.0, -6970.0, -39000.0, -25200.0, -7470.0, -6900.0, -8290.0, -2220000.0, -61400.0, -3480.0]
[[-66900.0], [-24300.0], [-7370.0], [-26700.0], [-48600.0], [-15200.0], [-86100.0], [-9720.0], [-55400.0], [-32400.0], [-9550.0], [-8640.0], [-8530.0], [-2350000.0], [-67300.0], [-3890.0]]
[False, False, False, False, False, False, False, False, False, False, False, False, False, False, False, False]
[Stage 1]Gen 7:  1st stage Reward: 0, Best reward: [2820600.]
Generation 6 耗时: 3.529秒
[-5410.0, -21500.0, -6180.0, -19600.0, -6160.0, -14100.0, -65600.0, -6970.0, -39000.0, -25200.0, -7470.0, -6900.0, -8280.0, -2220000.0, -61400.0, -3480.0]
[[-30600.0], [-24300.0], [-7410.0], [-27200.0], [-8240.0], [-15200.0], [-65700.0], [-8650.0], [-49800.0], [-32600.0], [-9610.0], [-9870.0], [-8440.0], [-2330000.0], [-65800.0], [-3670.0]]
[False, False, False, False, False, False, False, False, False, False, False, False, False, False, False, False]
[Stage 1]Gen 8:  1st stage Reward: 0, Best reward: [2697090.]
Generation 7 耗时: 3.374秒
[-5410.0, -21500.0, -6180.0, -19600.0, -6160.0, -14100.0, -62000.0, -6970.0, -39000.0, -24900.0, -7470.0, -6900.0, -6400.0, -2220000.0, -61400.0, -3480.0]
[[-6030.0], [-24300.0], [-10100.0], [-27200.0], [-8240.0], [-15200.0], [-65700.0], [-8650.0], [-49800.0], [-32600.0], [-9610.0], [-8710.0], [-8440.0], [-2330000.0], [-65800.0], [-3930.0]]
[False, False, False, False, False, False, False, False, False, False, False, False, False, False, False, False]
[Stage 1]Gen 9:  1st stage Reward: 0, Best reward: [2674310.]
Generation 8 耗时: 3.768秒
[-5410.0, -21500.0, -6180.0, -19600.0, -6160.0, -14100.0, -61600.0, -6970.0, -39000.0, -24900.0, -6870.0, -6900.0, -6400.0, -2220000.0, -61400.0, -3480.0]
[[-6030.0], [-24300.0], [-10100.0], [-27200.0], [-8240.0], [-15200.0], [-65700.0], [-8650.0], [-49800.0], [-32600.0], [-9610.0], [-8710.0], [-8440.0], [-2330000.0], [-65800.0], [-3930.0]]
[False, False, False, False, False, False, False, False, False, False, False, False, False, False, False, False]
[Stage 1]Gen 10:  1st stage Reward: 0, Best reward: [2674310.]
Generation 9 耗时: 3.751秒
[-5410.0, -21500.0, -6180.0, -19600.0, -6160.0, -14100.0, -61600.0, -6970.0, -39000.0, -24900.0, -6850.0, -6900.0, -6400.0, -2220000.0, -61400.0, -3480.0]
[[-8090.0], [-23700.0], [-17600.0], [-23900.0], [-8080.0], [-14200.0], [-63800.0], [-63300.0], [-46700.0], [-30000.0], [-8020.0], [-8100.0], [-7520.0], [-2270000.0], [-63900.0], [-3580.0]]
[False, False, False, False, False, False, False, False, False, False, False, False, False, False, False, False]
[Stage 1]Gen 11:  1st stage Reward: 0, Best reward: [2660490.]
Generation 10 耗时: 3.626秒
[-5410.0, -21500.0, -6180.0, -19600.0, -6160.0, -14100.0, -61500.0, -6970.0, -39000.0, -24900.0, -6850.0, -6900.0, -6400.0, -2220000.0, -61400.0, -3480.0]
[[-8090.0], [-23700.0], [-17600.0], [-23900.0], [-8080.0], [-14200.0], [-63800.0], [-63300.0], [-46700.0], [-30000.0], [-8020.0], [-8100.0], [-7520.0], [-2270000.0], [-63900.0], [-3580.0]]
[False, False, False, False, False, False, False, False, False, False, False, False, False, False, False, False]
[Stage 1]Gen 12:  1st stage Reward: 0, Best reward: [2660490.]
Generation 11 耗时: 3.712秒
[-5410.0, -21500.0, -6180.0, -19600.0, -6160.0, -14100.0, -61500.0, -6970.0, -39000.0, -24900.0, -6850.0, -6900.0, -6400.0, -2220000.0, -61000.0, -3470.0]
[[-8090.0], [-23700.0], [-17600.0], [-23900.0], [-8080.0], [-14200.0], [-63800.0], [-63300.0], [-46700.0], [-30000.0], [-8020.0], [-8100.0], [-7520.0], [-2270000.0], [-63900.0], [-3580.0]]
[False, False, False, False, False, False, False, False, False, False, False, False, False, False, False, False]
[Stage 1]Gen 13:  1st stage Reward: 0, Best reward: [2660490.]
Generation 12 耗时: 3.743秒
[-5410.0, -21400.0, -6180.0, -19600.0, -6160.0, -14100.0, -61500.0, -6500.0, -39000.0, -24900.0, -6850.0, -6900.0, -6400.0, -2220000.0, -61000.0, -3470.0]
[[-8090.0], [-23700.0], [-17600.0], [-23900.0], [-8080.0], [-14200.0], [-63800.0], [-63300.0], [-46700.0], [-30000.0], [-8020.0], [-8100.0], [-7520.0], [-2270000.0], [-63900.0], [-3580.0]]
[False, False, False, False, False, False, False, False, False, False, False, False, False, False, False, False]
[Stage 1]Gen 14:  1st stage Reward: 0, Best reward: [2660490.]
Generation 13 耗时: 3.762秒
[-5350.0, -21400.0, -6140.0, -19600.0, -6160.0, -14100.0, -61400.0, -6050.0, -39000.0, -24900.0, -6850.0, -6900.0, -6400.0, -2220000.0, -61000.0, -3470.0]
[[-8090.0], [-23700.0], [-17600.0], [-23900.0], [-8080.0], [-14200.0], [-63800.0], [-63300.0], [-46700.0], [-30000.0], [-8020.0], [-8100.0], [-7520.0], [-2270000.0], [-63900.0], [-3580.0]]
[False, False, False, False, False, False, False, False, False, False, False, False, False, False, False, False]
[Stage 1]Gen 15:  1st stage Reward: 0, Best reward: [2660490.]
Generation 14 耗时: 3.884秒
[-5350.0, -21400.0, -6140.0, -19600.0, -4490.0, -14100.0, -30500.0, -6050.0, -39000.0, -24900.0, -6850.0, -6900.0, -6400.0, -2220000.0, -61000.0, -3470.0]
[[-8090.0], [-23700.0], [-17600.0], [-23900.0], [-8080.0], [-14200.0], [-63800.0], [-63300.0], [-46700.0], [-30000.0], [-8020.0], [-8100.0], [-7520.0], [-2270000.0], [-63900.0], [-3580.0]]
[False, False, False, False, False, False, False, False, False, False, False, False, False, False, False, False]
[Stage 1]Gen 16:  1st stage Reward: 0, Best reward: [2660490.]
Generation 15 耗时: 3.865秒
[-5300.0, -21400.0, -6140.0, -19100.0, -3400.0, -14000.0, -25900.0, -6050.0, -39000.0, -24900.0, -6800.0, -6900.0, -6400.0, -2210000.0, -61000.0, -3470.0]
[[-6020.0], [-24200.0], [-7360.0], [-21600.0], [-8090.0], [-15000.0], [-65600.0], [-6810.0], [-49200.0], [-31500.0], [-8130.0], [-9160.0], [-18300.0], [-2270000.0], [-64300.0], [-3580.0]]
[False, False, False, False, False, False, False, False, False, False, False, False, False, False, False, False]
[Stage 1]Gen 17:  1st stage Reward: 0, Best reward: [2608850.]
Generation 16 耗时: 3.923秒
[-5260.0, -21400.0, -6140.0, -15900.0, -3400.0, -14000.0, -24600.0, -6050.0, -39000.0, -24900.0, -6800.0, -6900.0, -6400.0, -2190000.0, -61000.0, -3470.0]
[[-6020.0], [-24200.0], [-7360.0], [-21600.0], [-8090.0], [-15000.0], [-65600.0], [-6810.0], [-49200.0], [-31500.0], [-8130.0], [-9160.0], [-18300.0], [-2270000.0], [-64300.0], [-3580.0]]
[False, False, False, False, False, False, False, False, False, False, False, False, False, False, False, False]
[Stage 1]Gen 18:  1st stage Reward: 0, Best reward: [2608850.]
Generation 17 耗时: 3.347秒
[-5160.0, -21400.0, -6140.0, -15900.0, -3390.0, -14000.0, -24000.0, -4920.0, -39000.0, -24900.0, -6800.0, -6900.0, -6400.0, -2190000.0, -61000.0, -3470.0]
[[-6020.0], [-24200.0], [-7360.0], [-21600.0], [-8090.0], [-15000.0], [-65600.0], [-6810.0], [-49200.0], [-31500.0], [-8130.0], [-9160.0], [-18300.0], [-2270000.0], [-64300.0], [-3580.0]]
[False, False, False, False, False, False, False, False, False, False, False, False, False, False, False, False]
[Stage 1]Gen 19:  1st stage Reward: 0, Best reward: [2608850.]
Generation 18 耗时: 2.606秒
[-5120.0, -20800.0, -6140.0, -15700.0, -3320.0, -14000.0, -24000.0, -4920.0, -39000.0, -24900.0, -6370.0, -6690.0, -6400.0, -2190000.0, -61000.0, -3470.0]
[[-6020.0], [-24200.0], [-7360.0], [-21600.0], [-8090.0], [-15000.0], [-65600.0], [-6810.0], [-49200.0], [-31500.0], [-8130.0], [-9160.0], [-18300.0], [-2270000.0], [-64300.0], [-3580.0]]
[False, False, False, False, False, False, False, False, False, False, False, False, False, False, False, False]
[Stage 1]Gen 20:  1st stage Reward: 0, Best reward: [2608850.]
Generation 19 耗时: 3.144秒
[-5120.0, -20800.0, -6010.0, -15600.0, -3240.0, -14000.0, -23700.0, -4920.0, -39000.0, -24600.0, -6370.0, -6690.0, -6400.0, -2190000.0, -61000.0, -3470.0]
[[-6020.0], [-24200.0], [-7360.0], [-21600.0], [-8090.0], [-15000.0], [-65600.0], [-6810.0], [-49200.0], [-31500.0], [-8130.0], [-9160.0], [-18300.0], [-2270000.0], [-64300.0], [-3580.0]]
[False, False, False, False, False, False, False, False, False, False, False, False, False, False, False, False]
[Stage 1]Gen 21:  1st stage Reward: 0, Best reward: [2608850.]
Generation 20 耗时: 3.262秒
[-5120.0, -20800.0, -6010.0, -15200.0, -3240.0, -14000.0, -23700.0, -4820.0, -39000.0, -24600.0, -6210.0, -6690.0, -6400.0, -2190000.0, -61000.0, -3470.0]
[[-6020.0], [-24200.0], [-7360.0], [-21600.0], [-8090.0], [-15000.0], [-65600.0], [-6810.0], [-49200.0], [-31500.0], [-8130.0], [-9160.0], [-18300.0], [-2270000.0], [-64300.0], [-3580.0]]
[False, False, False, False, False, False, False, False, False, False, False, False, False, False, False, False]
[Stage 1]Gen 22:  1st stage Reward: 0, Best reward: [2608850.]
Generation 21 耗时: 3.022秒
[-5120.0, -20800.0, -6010.0, -14700.0, -3240.0, -14000.0, -23700.0, -4820.0, -39000.0, -24600.0, -6100.0, -6690.0, -6400.0, -2190000.0, -61000.0, -3470.0]
[[-6020.0], [-24200.0], [-7360.0], [-21600.0], [-8090.0], [-15000.0], [-65600.0], [-6810.0], [-49200.0], [-31500.0], [-8130.0], [-9160.0], [-18300.0], [-2270000.0], [-64300.0], [-3580.0]]
[False, False, False, False, False, False, False, False, False, False, False, False, False, False, False, False]
[Stage 1]Gen 23:  1st stage Reward: 0, Best reward: [2608850.]
Generation 22 耗时: 3.251秒
[-5120.0, -20800.0, -6010.0, -14700.0, -3240.0, -14000.0, -23700.0, -4820.0, -39000.0, -24600.0, -6100.0, -6690.0, -6400.0, -2190000.0, -61000.0, -3470.0]
[[-6020.0], [-24200.0], [-7360.0], [-21600.0], [-8090.0], [-15000.0], [-65600.0], [-6810.0], [-49200.0], [-31500.0], [-8130.0], [-9160.0], [-18300.0], [-2270000.0], [-64300.0], [-3580.0]]
[False, False, False, False, False, False, False, False, False, False, False, False, False, False, False, False]
[Stage 1]Gen 24:  1st stage Reward: 0, Best reward: [2608850.]
Generation 23 耗时: 3.364秒
[-5120.0, -20800.0, -6010.0, -14700.0, -3240.0, -14000.0, -23700.0, -4820.0, -39000.0, -24600.0, -6100.0, -6690.0, -6400.0, -2190000.0, -60600.0, -3470.0]
[[-6020.0], [-24200.0], [-7360.0], [-21600.0], [-8090.0], [-15000.0], [-65600.0], [-6810.0], [-49200.0], [-31500.0], [-8130.0], [-9160.0], [-18300.0], [-2270000.0], [-64300.0], [-3580.0]]
[False, False, False, False, False, False, False, False, False, False, False, False, False, False, False, False]
[Stage 1]Gen 25:  1st stage Reward: 0, Best reward: [2608850.]
Generation 24 耗时: 2.842秒
[-5120.0, -20800.0, -6010.0, -14700.0, -3240.0, -14000.0, -23700.0, -4820.0, -39000.0, -24600.0, -6100.0, -6690.0, -6400.0, -2190000.0, -59300.0, -3470.0]
[[-6020.0], [-24200.0], [-7360.0], [-21600.0], [-8090.0], [-15000.0], [-65600.0], [-6810.0], [-49200.0], [-31500.0], [-8130.0], [-9160.0], [-18300.0], [-2270000.0], [-64300.0], [-3580.0]]
[False, False, False, False, False, False, False, False, False, False, False, False, False, False, False, False]
[Stage 1]Gen 26:  1st stage Reward: 0, Best reward: [2608850.]
Generation 25 耗时: 2.978秒
[-5120.0, -20800.0, -6010.0, -14700.0, -3240.0, -14000.0, -23700.0, -4820.0, -39000.0, -24600.0, -6100.0, -6690.0, -6400.0, -2190000.0, -59300.0, -3470.0]
[[-6020.0], [-24200.0], [-7360.0], [-21600.0], [-8090.0], [-15000.0], [-65600.0], [-6810.0], [-49200.0], [-31500.0], [-8130.0], [-9160.0], [-18300.0], [-2270000.0], [-64300.0], [-3580.0]]
[False, False, False, False, False, False, False, False, False, False, False, False, False, False, False, False]
[Stage 1]Gen 27:  1st stage Reward: 0, Best reward: [2608850.]
Generation 26 耗时: 3.044秒
[-5120.0, -20800.0, -6010.0, -14700.0, -3240.0, -14000.0, -23700.0, -4820.0, -39000.0, -24600.0, -6100.0, -6690.0, -6400.0, -2190000.0, -59300.0, -3470.0]
[[-6020.0], [-24200.0], [-7360.0], [-21600.0], [-8090.0], [-15000.0], [-65600.0], [-6810.0], [-49200.0], [-31500.0], [-8130.0], [-9160.0], [-18300.0], [-2270000.0], [-64300.0], [-3580.0]]
[False, False, False, False, False, False, False, False, False, False, False, False, False, False, False, False]
[Stage 1]Gen 28:  1st stage Reward: 0, Best reward: [2608850.]
Generation 27 耗时: 3.037秒
[-5120.0, -20800.0, -6010.0, -14700.0, -3240.0, -14000.0, -23700.0, -4820.0, -39000.0, -24600.0, -6100.0, -6690.0, -6400.0, -2190000.0, -59300.0, -3470.0]
[[-6020.0], [-24200.0], [-7360.0], [-21600.0], [-8090.0], [-15000.0], [-65600.0], [-6810.0], [-49200.0], [-31500.0], [-8130.0], [-9160.0], [-18300.0], [-2270000.0], [-64300.0], [-3580.0]]
[False, False, False, False, False, False, False, False, False, False, False, False, False, False, False, False]
[Stage 1]Gen 29:  1st stage Reward: 0, Best reward: [2608850.]
Generation 28 耗时: 3.060秒
[-5120.0, -20800.0, -6010.0, -14700.0, -3240.0, -14000.0, -21800.0, -4820.0, -39000.0, -24600.0, -6100.0, -6690.0, -6400.0, -2190000.0, -59300.0, -3470.0]
[[-28500.0], [-24000.0], [-10300.0], [-18200.0], [-25700.0], [-14400.0], [-26700.0], [-5960.0], [-49300.0], [-30600.0], [-7320.0], [-8240.0], [-7660.0], [-2280000.0], [-61300.0], [-3620.0]]
[False, False, False, False, False, False, False, False, False, False, False, False, False, False, False, False]
[Stage 1]Gen 30:  1st stage Reward: 0, Best reward: [2601800.]
Generation 29 耗时: 3.296秒
[-5120.0, -20800.0, -6010.0, -14700.0, -3240.0, -14000.0, -21400.0, -4820.0, -39000.0, -24600.0, -6100.0, -6690.0, -6400.0, -2190000.0, -59300.0, -3470.0]
[[-28500.0], [-24000.0], [-10300.0], [-18200.0], [-42800.0], [-14300.0], [-26700.0], [-5900.0], [-49000.0], [-30200.0], [-7300.0], [-8130.0], [-7550.0], [-2260000.0], [-60600.0], [-3580.0]]
[False, False, False, False, False, False, False, False, False, False, False, False, False, False, False, False]
[Stage 1]Gen 31:  1st stage Reward: 0, Best reward: [2597060.]
Generation 30 耗时: 2.894秒
[-5120.0, -20800.0, -6010.0, -14700.0, -3240.0, -14000.0, -18200.0, -4710.0, -39000.0, -24600.0, -6100.0, -6690.0, -6400.0, -2190000.0, -59300.0, -3470.0]
[[-28500.0], [-24000.0], [-10300.0], [-18200.0], [-42800.0], [-14300.0], [-26700.0], [-5900.0], [-49000.0], [-30200.0], [-7300.0], [-8130.0], [-7550.0], [-2260000.0], [-60600.0], [-3580.0]]
[False, False, False, False, False, False, False, False, False, False, False, False, False, False, False, False]
[Stage 1]Gen 32:  1st stage Reward: 0, Best reward: [2597060.]
Generation 31 耗时: 2.829秒
[-5120.0, -20800.0, -6010.0, -14700.0, -3240.0, -14000.0, -18100.0, -4710.0, -39000.0, -24600.0, -6100.0, -6690.0, -6400.0, -2190000.0, -59300.0, -3470.0]
[[-28500.0], [-24000.0], [-10300.0], [-18200.0], [-42800.0], [-14300.0], [-26700.0], [-5900.0], [-49000.0], [-30200.0], [-7300.0], [-8130.0], [-7550.0], [-2260000.0], [-60600.0], [-3580.0]]
[False, False, False, False, False, False, False, False, False, False, False, False, False, True, False, False]
[Stage 1]Gen 33:  1st stage Reward: 0, Best reward: [2597060.]
Generation 32 耗时: 2.748秒
[-5120.0, -20800.0, -6010.0, -14700.0, -3240.0, -13900.0, -16400.0, -4710.0, -39000.0, -24600.0, -6100.0, -6690.0, -6400.0, -2190000.0, -59000.0, -3470.0]
[[-28500.0], [-24000.0], [-10300.0], [-18200.0], [-42800.0], [-14300.0], [-26700.0], [-5900.0], [-49000.0], [-30200.0], [-7300.0], [-8130.0], [-7550.0], [-2260000.0], [-60600.0], [-3580.0]]
[False, False, False, False, False, False, False, False, False, False, False, False, False, True, False, False]
[Stage 1]Gen 34:  1st stage Reward: 0, Best reward: [2597060.]
Generation 33 耗时: 2.893秒
[-5120.0, -20800.0, -6010.0, -14700.0, -3240.0, -13900.0, -16400.0, -4710.0, -39000.0, -24600.0, -6100.0, -6690.0, -6400.0, -2190000.0, -59000.0, -3470.0]
[[-28500.0], [-24000.0], [-10300.0], [-18200.0], [-42800.0], [-14300.0], [-26700.0], [-5900.0], [-49000.0], [-30200.0], [-7300.0], [-8130.0], [-7550.0], [-2260000.0], [-60600.0], [-3580.0]]
[False, False, False, False, False, False, False, False, False, False, False, False, False, True, False, False]
[Stage 1]Gen 35:  1st stage Reward: 0, Best reward: [2597060.]
Generation 34 耗时: 2.885秒
[-5120.0, -20800.0, -6010.0, -14700.0, -3240.0, -13900.0, -16400.0, -4710.0, -39000.0, -24600.0, -6100.0, -6690.0, -6400.0, -2190000.0, -59000.0, -3470.0]
[[-28500.0], [-24000.0], [-10300.0], [-18200.0], [-42800.0], [-14300.0], [-26700.0], [-5900.0], [-49000.0], [-30200.0], [-7300.0], [-8130.0], [-7550.0], [-2260000.0], [-60600.0], [-3580.0]]
[False, False, False, False, False, False, False, False, False, False, False, False, False, True, False, False]
[Stage 1]Gen 36:  1st stage Reward: 0, Best reward: [2597060.]
Generation 35 耗时: 3.064秒
[-5120.0, -20800.0, -6010.0, -14700.0, -3240.0, -13900.0, -16400.0, -4710.0, -39000.0, -24600.0, -6100.0, -6690.0, -6400.0, -2190000.0, -59000.0, -3470.0]
[[-28500.0], [-24000.0], [-10300.0], [-18200.0], [-42800.0], [-14300.0], [-26700.0], [-5900.0], [-49000.0], [-30200.0], [-7300.0], [-8130.0], [-7550.0], [-2260000.0], [-60600.0], [-3580.0]]
[False, False, False, False, False, False, False, False, False, False, False, False, False, True, False, False]
[Stage 1]Gen 37:  1st stage Reward: 0, Best reward: [2597060.]
Generation 36 耗时: 2.987秒
[-5120.0, -20800.0, -6010.0, -14700.0, -3240.0, -13900.0, -14800.0, -4710.0, -39000.0, -24600.0, -6100.0, -6690.0, -6400.0, -2190000.0, -59000.0, -3470.0]
[[-28500.0], [-24000.0], [-10300.0], [-18200.0], [-42800.0], [-14300.0], [-26700.0], [-5900.0], [-49000.0], [-30200.0], [-7300.0], [-8130.0], [-7550.0], [-2260000.0], [-60600.0], [-3580.0]]
[False, False, False, False, False, False, False, False, False, False, False, False, False, True, False, False]
[Stage 1]Gen 38:  1st stage Reward: 0, Best reward: [2597060.]
Generation 37 耗时: 2.994秒
[-5120.0, -20800.0, -6010.0, -14700.0, -3240.0, -13900.0, -14200.0, -4710.0, -39000.0, -24600.0, -6100.0, -6690.0, -6400.0, -2190000.0, -59000.0, -3470.0]
[[-28500.0], [-24000.0], [-10300.0], [-18200.0], [-42800.0], [-14300.0], [-26700.0], [-5900.0], [-49000.0], [-30200.0], [-7300.0], [-8130.0], [-7550.0], [-2260000.0], [-60600.0], [-3580.0]]
[False, False, False, False, False, False, False, False, False, False, False, False, False, True, False, False]
[Stage 1]Gen 39:  1st stage Reward: 0, Best reward: [2597060.]
Generation 38 耗时: 3.004秒
[-5120.0, -20800.0, -6010.0, -14700.0, -3240.0, -13900.0, -13900.0, -4710.0, -39000.0, -24600.0, -6100.0, -6690.0, -6400.0, -2190000.0, -59000.0, -3470.0]
[[-28500.0], [-24000.0], [-10300.0], [-18200.0], [-42800.0], [-14300.0], [-26700.0], [-5900.0], [-49000.0], [-30200.0], [-7300.0], [-8130.0], [-7550.0], [-2260000.0], [-60600.0], [-3580.0]]
[False, False, False, False, False, False, False, False, False, False, False, False, False, True, False, False]
[Stage 1]Gen 40:  1st stage Reward: 0, Best reward: [2597060.]
Generation 39 耗时: 3.117秒
耗时:  131.79798889160156
{'arch': {'arithmetic': {'instances': 1024, 'word-bits': 8}, 'storage': [{'name': 'Registers', 'entries': 1, 'instances': 1024, 'word-bits': 8, 'cluster-size': 1, 'num-ports': 2, 'num-banks': 8}, {'name': 'AccumulationBuffer', 'entries': 3072, 'instances': 16, 'word-bits': 24, 'cluster-size': 1, 'network-word-bits': 16, 'num-ports': 2, 'num-banks': 2}, {'name': 'WeightBuffer', 'entries': 32768, 'instances': 16, 'word-bits': 8, 'block-size': 4, 'num-ports': 1, 'num-banks': 8}, {'name': 'InputBuffer', 'entries': 8192, 'instances': 16, 'word-bits': 8, 'block-size': 4, 'num-ports': 2, 'num-banks': 1}, {'name': 'GlobalBuffer', 'entries': 65536, 'instances': 1, 'word-bits': 8, 'block-size': 8, 'num-ports': 2, 'num-banks': 256}, {'name': 'DRAM', 'technology': 'DRAM', 'instances': 1, 'word-bits': 8, 'block-size': 64, 'bandwidth': 1}]}}
['DRAM', 'GlobalBuffer', 'InputBuffer', 'WeightBuffer', 'AccumulationBuffer', 'Registers'] [1, 1, 16, 16, 16, 1024, 1024] [inf, 65536, 8192, 32768, 3072, 1]
[1, 16, 1, 1, 64, 1]
20
[-289.0, -0.329, -0.344, -452.0, -10800.0, -13700.0]
[[-3010.0], [-0.457], [-0.963], [-1760.0], [-32100.0], [-59400.0]]
[False, False, False, False, False, False]
[Stage 1]Gen 1:  1st stage Reward: 0, Best reward: [96271.42]
Generation 0 耗时: 1.121秒
[-281.0, -0.329, -0.344, -388.0, -6340.0, -10100.0]
[[-305.0], [-0.461], [-0.484], [-462.0], [-6340.0], [-13900.0]]
[False, False, False, False, False, False]
[Stage 1]Gen 2:  1st stage Reward: 0, Best reward: [21007.945]
Generation 1 耗时: 1.006秒
[-281.0, -0.299, -0.344, -388.0, -5960.0, -8940.0]
[[-298.0], [-0.463], [-1.86], [-486.0], [-5960.0], [-9920.0]]
[False, False, False, False, False, False]
[Stage 1]Gen 3:  1st stage Reward: 0, Best reward: [16666.323]
Generation 2 耗时: 1.009秒
[-281.0, -0.221, -0.305, -357.0, -5910.0, -6650.0]
[[-307.0], [-14.7], [-0.503], [-1630.0], [-6640.0], [-6650.0]]
[False, False, False, False, False, False]
[Stage 1]Gen 4:  1st stage Reward: 0, Best reward: [15242.203]
Generation 3 耗时: 1.020秒
[-281.0, -0.219, -0.305, -357.0, -5840.0, -5630.0]
[[-432.0], [-0.22], [-0.684], [-452.0], [-5890.0], [-6490.0]]
[False, False, False, False, False, False]
[Stage 1]Gen 5:  1st stage Reward: 0, Best reward: [13264.904]
Generation 4 耗时: 1.030秒
[-281.0, -0.218, -0.305, -357.0, -3920.0, -5630.0]
[[-292.0], [-0.221], [-0.336], [-1070.0], [-3920.0], [-6590.0]]
[False, False, False, False, False, False]
[Stage 1]Gen 6:  1st stage Reward: 0, Best reward: [11872.557]
Generation 5 耗时: 1.085秒
[-281.0, -0.178, -0.305, -307.0, -3870.0, -4490.0]
[[-1760.0], [-0.178], [-0.392], [-307.0], [-4320.0], [-4490.0]]
[False, False, False, False, False, False]
[Stage 1]Gen 7:  1st stage Reward: 0, Best reward: [10877.57]
Generation 6 耗时: 1.042秒
[-281.0, -0.171, -0.291, -307.0, -3770.0, -4350.0]
[[-1240.0], [-0.246], [-0.336], [-1210.0], [-3800.0], [-4350.0]]
[False, False, False, False, False, False]
[Stage 1]Gen 8:  1st stage Reward: 0, Best reward: [10600.582]
Generation 7 耗时: 1.152秒
[-281.0, -0.171, -0.27, -302.0, -3720.0, -4350.0]
[[-542.0], [-0.178], [-0.635], [-338.0], [-4350.0], [-4490.0]]
[False, False, False, False, False, False]
[Stage 1]Gen 9:  1st stage Reward: 0, Best reward: [9720.813]
Generation 8 耗时: 1.047秒
[-281.0, -0.171, -0.27, -302.0, -3720.0, -4350.0]
[[-542.0], [-0.178], [-0.635], [-338.0], [-4350.0], [-4490.0]]
[False, False, False, False, False, False]
[Stage 1]Gen 10:  1st stage Reward: 0, Best reward: [9720.813]
Generation 9 耗时: 1.037秒
[-281.0, -0.171, -0.27, -302.0, -3720.0, -4350.0]
[[-305.0], [-0.177], [-0.271], [-746.0], [-3760.0], [-4480.0]]
[False, False, False, False, False, False]
[Stage 1]Gen 11:  1st stage Reward: 0, Best reward: [9291.448]
Generation 10 耗时: 1.082秒
[-281.0, -0.171, -0.27, -302.0, -3720.0, -4350.0]
[[-305.0], [-0.177], [-0.271], [-746.0], [-3760.0], [-4480.0]]
[False, False, False, False, False, False]
[Stage 1]Gen 12:  1st stage Reward: 0, Best reward: [9291.448]
Generation 11 耗时: 1.061秒
[-281.0, -0.171, -0.27, -302.0, -3720.0, -4350.0]
[[-305.0], [-0.177], [-0.271], [-305.0], [-3760.0], [-4480.0]]
[False, False, False, False, False, False]
[Stage 1]Gen 13:  1st stage Reward: 0, Best reward: [8850.448]
Generation 12 耗时: 1.153秒
[-281.0, -0.171, -0.27, -302.0, -3710.0, -4350.0]
[[-305.0], [-0.177], [-0.271], [-305.0], [-3760.0], [-4480.0]]
[False, False, False, False, False, False]
[Stage 1]Gen 14:  1st stage Reward: 0, Best reward: [8850.448]
Generation 13 耗时: 1.064秒
[-281.0, -0.171, -0.27, -302.0, -3710.0, -4350.0]
[[-305.0], [-0.177], [-0.271], [-305.0], [-3760.0], [-4480.0]]
[False, False, False, False, False, False]
[Stage 1]Gen 15:  1st stage Reward: 0, Best reward: [8850.448]
Generation 14 耗时: 1.216秒
[-281.0, -0.171, -0.27, -302.0, -3710.0, -4350.0]
[[-305.0], [-0.177], [-0.271], [-305.0], [-3760.0], [-4480.0]]
[False, False, False, False, False, False]
[Stage 1]Gen 16:  1st stage Reward: 0, Best reward: [8850.448]
Generation 15 耗时: 1.097秒
[-281.0, -0.171, -0.27, -288.0, -3710.0, -3710.0]
[[-305.0], [-0.177], [-0.271], [-305.0], [-3760.0], [-4480.0]]
[False, False, False, False, False, False]
[Stage 1]Gen 17:  1st stage Reward: 0, Best reward: [8850.448]
Generation 16 耗时: 1.148秒
[-281.0, -0.17, -0.27, -268.0, -3710.0, -3260.0]
[[-304.0], [-0.177], [-0.271], [-268.0], [-4330.0], [-3380.0]]
[False, False, False, False, False, False]
[Stage 1]Gen 18:  1st stage Reward: 0, Best reward: [8282.448]
Generation 17 耗时: 1.123秒
[-281.0, -0.17, -0.27, -268.0, -3710.0, -3260.0]
[[-304.0], [-0.177], [-0.271], [-268.0], [-4330.0], [-3380.0]]
[False, False, False, False, False, False]
[Stage 1]Gen 19:  1st stage Reward: 0, Best reward: [8282.448]
Generation 18 耗时: 1.132秒
[-281.0, -0.17, -0.27, -268.0, -3710.0, -3260.0]
[[-287.0], [-0.22], [-0.336], [-456.0], [-3880.0], [-3650.0]]
[False, False, False, False, False, False]
[Stage 1]Gen 20:  1st stage Reward: 0, Best reward: [8273.556]
Generation 19 耗时: 1.145秒
[-281.0, -0.17, -0.27, -268.0, -3710.0, -3260.0]
[[-287.0], [-0.22], [-0.336], [-456.0], [-3880.0], [-3650.0]]
[False, False, False, False, False, False]
[Stage 1]Gen 21:  1st stage Reward: 0, Best reward: [8273.556]
Generation 20 耗时: 1.139秒
[-281.0, -0.17, -0.27, -258.0, -3710.0, -3260.0]
[[-287.0], [-0.22], [-0.336], [-456.0], [-3880.0], [-3650.0]]
[False, False, False, False, False, False]
[Stage 1]Gen 22:  1st stage Reward: 0, Best reward: [8273.556]
Generation 21 耗时: 1.160秒
[-281.0, -0.17, -0.269, -238.0, -3710.0, -3260.0]
[[-287.0], [-0.22], [-0.336], [-456.0], [-3880.0], [-3650.0]]
[False, False, False, False, False, False]
[Stage 1]Gen 23:  1st stage Reward: 0, Best reward: [8273.556]
Generation 22 耗时: 1.121秒
[-273.0, -0.17, -0.269, -237.0, -3710.0, -3260.0]
[[-287.0], [-0.22], [-0.336], [-239.0], [-3880.0], [-3650.0]]
[False, False, False, False, False, False]
[Stage 1]Gen 24:  1st stage Reward: 0, Best reward: [8056.556]
Generation 23 耗时: 1.214秒
[-271.0, -0.17, -0.269, -237.0, -3710.0, -3260.0]
[[-287.0], [-0.22], [-0.336], [-239.0], [-3880.0], [-3650.0]]
[False, False, False, False, False, False]
[Stage 1]Gen 25:  1st stage Reward: 0, Best reward: [8056.556]
Generation 24 耗时: 1.143秒
[-269.0, -0.17, -0.268, -236.0, -3710.0, -3260.0]
[[-638.0], [-0.177], [-0.513], [-236.0], [-3760.0], [-3370.0]]
[False, False, False, False, False, False]
[Stage 1]Gen 26:  1st stage Reward: 0, Best reward: [8004.69]
Generation 25 耗时: 1.143秒
[-269.0, -0.17, -0.268, -233.0, -3710.0, -3260.0]
[[-455.0], [-0.176], [-0.27], [-233.0], [-3720.0], [-3290.0]]
[False, False, False, False, False, False]
[Stage 1]Gen 27:  1st stage Reward: 0, Best reward: [7698.446]
Generation 26 耗时: 1.185秒
[-269.0, -0.17, -0.266, -233.0, -3710.0, -3260.0]
[[-455.0], [-0.176], [-0.27], [-233.0], [-3720.0], [-3290.0]]
[False, False, False, False, False, False]
[Stage 1]Gen 28:  1st stage Reward: 0, Best reward: [7698.446]
Generation 27 耗时: 1.251秒
[-269.0, -0.17, -0.266, -232.0, -3710.0, -3260.0]
[[-455.0], [-0.176], [-0.27], [-233.0], [-3720.0], [-3290.0]]
[False, False, False, False, False, False]
[Stage 1]Gen 29:  1st stage Reward: 0, Best reward: [7698.446]
Generation 28 耗时: 1.253秒
[-269.0, -0.17, -0.266, -232.0, -3710.0, -3260.0]
[[-455.0], [-0.176], [-0.27], [-233.0], [-3720.0], [-3290.0]]
[False, False, False, False, False, False]
[Stage 1]Gen 30:  1st stage Reward: 0, Best reward: [7698.446]
Generation 29 耗时: 1.279秒
[-263.0, -0.17, -0.266, -232.0, -3710.0, -3260.0]
[[-455.0], [-0.176], [-0.27], [-233.0], [-3720.0], [-3290.0]]
[False, False, False, False, False, False]
[Stage 1]Gen 31:  1st stage Reward: 0, Best reward: [7698.446]
Generation 30 耗时: 1.233秒
[-262.0, -0.17, -0.266, -232.0, -3710.0, -3260.0]
[[-285.0], [-0.176], [-0.268], [-233.0], [-3720.0], [-3290.0]]
[False, False, False, False, False, False]
[Stage 1]Gen 32:  1st stage Reward: 0, Best reward: [7528.444]
Generation 31 耗时: 1.203秒
[-252.0, -0.17, -0.266, -232.0, -3710.0, -3260.0]
[[-285.0], [-0.176], [-0.268], [-233.0], [-3720.0], [-3290.0]]
[False, False, False, False, True, True]
[Stage 1]Gen 33:  1st stage Reward: 0, Best reward: [7528.444]
Generation 32 耗时: 1.152秒
[-233.0, -0.17, -0.266, -232.0, -3710.0, -3260.0]
[[-233.0], [-0.176], [-0.268], [-233.0], [-3720.0], [-3290.0]]
[False, False, False, False, True, True]
[Stage 1]Gen 34:  1st stage Reward: 0, Best reward: [7476.444]
Generation 33 耗时: 1.131秒
[-233.0, -0.17, -0.266, -232.0, -3710.0, -3260.0]
[[-233.0], [-0.176], [-0.268], [-233.0], [-3720.0], [-3290.0]]
[False, False, False, False, True, True]
[Stage 1]Gen 35:  1st stage Reward: 0, Best reward: [7476.444]
Generation 34 耗时: 1.131秒
[-232.0, -0.169, -0.266, -232.0, -3690.0, -3240.0]
[[-232.0], [-0.22], [-0.517], [-232.0], [-3690.0], [-3240.0]]
[False, False, False, False, True, True]
[Stage 1]Gen 36:  1st stage Reward: 0, Best reward: [7394.737]
Generation 35 耗时: 1.099秒
[-232.0, -0.169, -0.247, -232.0, -3690.0, -3240.0]
[[-232.0], [-0.22], [-0.517], [-232.0], [-3690.0], [-3240.0]]
[False, False, False, False, True, True]
[Stage 1]Gen 37:  1st stage Reward: 0, Best reward: [7394.737]
Generation 36 耗时: 1.163秒
[-232.0, -0.169, -0.247, -232.0, -3690.0, -3240.0]
[[-232.0], [-0.22], [-0.517], [-232.0], [-3690.0], [-3240.0]]
[False, False, False, False, True, True]
[Stage 1]Gen 38:  1st stage Reward: 0, Best reward: [7394.737]
Generation 37 耗时: 1.180秒
[-232.0, -0.165, -0.247, -232.0, -3690.0, -3240.0]
[[-232.0], [-0.22], [-0.517], [-232.0], [-3690.0], [-3240.0]]
[False, False, False, False, True, True]
[Stage 1]Gen 39:  1st stage Reward: 0, Best reward: [7394.737]
Generation 38 耗时: 1.108秒
[-232.0, -0.162, -0.247, -232.0, -3690.0, -3240.0]
[[-232.0], [-0.22], [-0.517], [-232.0], [-3690.0], [-3240.0]]
[False, False, False, False, True, True]
[Stage 1]Gen 40:  1st stage Reward: 0, Best reward: [7394.737]
Generation 39 耗时: 1.188秒
耗时:  45.6625611782074
{'arch': {'arithmetic': {'instances': 1024, 'word-bits': 8}, 'storage': [{'name': 'Registers', 'entries': 1, 'instances': 1024, 'word-bits': 8, 'cluster-size': 1, 'num-ports': 2, 'num-banks': 8}, {'name': 'AccumulationBuffer', 'entries': 3072, 'instances': 16, 'word-bits': 24, 'cluster-size': 1, 'network-word-bits': 16, 'num-ports': 2, 'num-banks': 2}, {'name': 'WeightBuffer', 'entries': 32768, 'instances': 16, 'word-bits': 8, 'block-size': 4, 'num-ports': 1, 'num-banks': 8}, {'name': 'InputBuffer', 'entries': 8192, 'instances': 16, 'word-bits': 8, 'block-size': 4, 'num-ports': 2, 'num-banks': 1}, {'name': 'GlobalBuffer', 'entries': 65536, 'instances': 1, 'word-bits': 8, 'block-size': 8, 'num-ports': 2, 'num-banks': 256}, {'name': 'DRAM', 'technology': 'DRAM', 'instances': 1, 'word-bits': 8, 'block-size': 64, 'bandwidth': 1}]}}
['DRAM', 'GlobalBuffer', 'InputBuffer', 'WeightBuffer', 'AccumulationBuffer', 'Registers'] [1, 1, 16, 16, 16, 1024, 1024] [inf, 65536, 8192, 32768, 3072, 1]
[1, 16, 1, 1, 64, 1]
20
[-215000.0, -55300000.0, -5410000.0, -4910000.0, -2150000.0, -18000000.0, -2280000.0, -254000000.0, -711000.0, -3910000.0, -508000.0, -127000000.0, -4840000.0, -4870000.0, -25300000.0, -3960000.0, -184000.0, -2030000.0, -3050000.0, -317000.0, -11900000.0, -1870000.0, -45800.0]
[[-625000.0], [-3560000000.0], [-384000000.0], [-4910000.0], [-481000000.0], [-5370000000.0], [-12900000.0], [-4250000000.0], [-5700000.0], [-631000000.0], [-57300000.0], [-127000000.0], [-6620000.0], [-61300000.0], [-612000000.0], [-13400000.0], [-44400000.0], [-23100000.0], [-412000000.0], [-474000000.0], [-2090000000.0], [-2740000.0], [-126000.0]]
[False, False, False, False, False, False, False, False, False, False, False, False, False, False, False, False, False, False, False, False, False, False, False]
[Stage 1]Gen 1:  1st stage Reward: 0, Best reward: [1.8624121e+10]
Generation 0 耗时: 5.423秒
[-189000.0, -31400000.0, -1110000.0, -3360000.0, -1780000.0, -6000000.0, -1540000.0, -11600000.0, -456000.0, -745000.0, -264000.0, -63200000.0, -3070000.0, -3070000.0, -16100000.0, -1990000.0, -166000.0, -1520000.0, -1560000.0, -181000.0, -10400000.0, -1010000.0, -31900.0]
[[-208000.0], [-43700000.0], [-23200000.0], [-4140000.0], [-2410000.0], [-49600000.0], [-2400000.0], [-233000000.0], [-699000.0], [-3120000.0], [-450000.0], [-148000000.0], [-5350000.0], [-5350000.0], [-21000000.0], [-3580000.0], [-196000.0], [-2070000.0], [-1990000.0], [-215000.0], [-18800000.0], [-607000000.0], [-41100.0]]
[False, False, False, False, False, False, False, False, False, False, False, False, False, False, False, False, False, False, False, False, False, False, False]
[Stage 1]Gen 2:  1st stage Reward: 0, Best reward: [1.1765191e+09]
Generation 1 耗时: 5.354秒
[-189000.0, -10100000.0, -978000.0, -3360000.0, -631000.0, -6000000.0, -1240000.0, -11600000.0, -447000.0, -745000.0, -112000.0, -34600000.0, -482000.0, -482000.0, -3050000.0, -1820000.0, -166000.0, -1520000.0, -782000.0, -181000.0, -10400000.0, -512000.0, -31900.0]
[[-255000.0], [-106000000.0], [-1490000.0], [-3550000.0], [-2050000.0], [-106000000.0], [-3160000.0], [-16900000.0], [-447000.0], [-789000.0], [-236000.0], [-63000000.0], [-2740000.0], [-2740000.0], [-17900000.0], [-2140000.0], [-183000.0], [-2000000.0], [-5270000.0], [-372000000.0], [-12000000.0], [-9660000.0], [-59800.0]]
[False, False, False, False, False, False, False, False, False, False, False, False, False, False, False, False, False, False, False, False, False, False, False]
[Stage 1]Gen 3:  1st stage Reward: 0, Best reward: [7.305698e+08]
Generation 2 耗时: 5.441秒
[-189000.0, -9160000.0, -978000.0, -3360000.0, -544000.0, -4130000.0, -1240000.0, -7480000.0, -447000.0, -745000.0, -88400.0, -34600000.0, -344000.0, -344000.0, -2350000.0, -1750000.0, -166000.0, -1520000.0, -441000.0, -181000.0, -10400000.0, -512000.0, -31900.0]
[[-271000.0], [-13500000.0], [-1540000.0], [-9450000.0], [-9050000.0], [-12700000.0], [-7320000.0], [-16200000.0], [-4240000.0], [-819000.0], [-123000.0], [-39300000.0], [-433000.0], [-433000.0], [-2820000.0], [-2170000.0], [-224000.0], [-2100000.0], [-541000.0], [-541000.0], [-15300000.0], [-739000.0], [-62600.0]]
[False, False, False, False, False, False, False, False, False, False, False, False, False, False, False, False, False, False, False, False, False, False, False]
[Stage 1]Gen 4:  1st stage Reward: 0, Best reward: [1.398766e+08]
Generation 3 耗时: 6.072秒
[-189000.0, -6400000.0, -978000.0, -3330000.0, -528000.0, -3650000.0, -1180000.0, -6740000.0, -447000.0, -745000.0, -88400.0, -32100000.0, -324000.0, -324000.0, -2040000.0, -1440000.0, -166000.0, -1520000.0, -430000.0, -181000.0, -10400000.0, -512000.0, -31900.0]
[[-271000.0], [-13500000.0], [-1540000.0], [-9450000.0], [-9050000.0], [-12700000.0], [-7320000.0], [-16200000.0], [-4240000.0], [-819000.0], [-123000.0], [-39300000.0], [-433000.0], [-433000.0], [-2820000.0], [-2170000.0], [-224000.0], [-2100000.0], [-541000.0], [-541000.0], [-15300000.0], [-739000.0], [-62600.0]]
[False, False, False, False, False, False, False, False, False, False, False, False, False, False, False, False, False, False, False, False, False, False, False]
[Stage 1]Gen 5:  1st stage Reward: 0, Best reward: [1.398766e+08]
Generation 4 耗时: 5.451秒
[-189000.0, -5590000.0, -948000.0, -2850000.0, -501000.0, -3100000.0, -973000.0, -4480000.0, -447000.0, -745000.0, -88400.0, -21200000.0, -321000.0, -321000.0, -1920000.0, -1440000.0, -166000.0, -1520000.0, -430000.0, -181000.0, -10400000.0, -483000.0, -31900.0]
[[-271000.0], [-13500000.0], [-1540000.0], [-9450000.0], [-9050000.0], [-12700000.0], [-7320000.0], [-16200000.0], [-4240000.0], [-819000.0], [-123000.0], [-39300000.0], [-433000.0], [-433000.0], [-2820000.0], [-2170000.0], [-224000.0], [-2100000.0], [-541000.0], [-541000.0], [-15300000.0], [-739000.0], [-62600.0]]
[False, False, False, False, False, False, False, False, False, False, False, False, False, False, False, False, False, False, False, False, False, False, False]
[Stage 1]Gen 6:  1st stage Reward: 0, Best reward: [1.398766e+08]
Generation 5 耗时: 5.996秒
